{
"type": "FeatureCollection",
"name": "AMB_municipis",
"crs": { "type": "name", "properties": { "name": "urn:ogc:def:crs:OGC:1.3:CRS84" } },
"xy_coordinate_resolution": 1e-15,
"features": [
{ "type": "Feature", "properties": { "fid": 1, "id": 66, "CODIMUNI": "080155", "NOMMUNI": "Badalona", "NOMMUNIIND": "Badalona", "CAPMUNI": "Badalona", "CAPMUNIIND": "Badalona", "AREAM5000": 21.0792, "CODICOMAR": "13", "NOMCOMAR": "Barcelonès", "CAPCOMAR": "Barcelona", "CAPCOMIND": "Barcelona", "CODIVEGUE": "01", "NOMVEGUE": "Barcelona", "CAPVEGUE": "Barcelona", "CODIPROV": "08", "NOMPROV": "Barcelona", "CAPPROV": "Barcelona" }, "geometry": { "type": "MultiPolygon", "coordinates": [ [ [ [ 2.234080, 41.491963 ], [ 2.236574, 41.491339 ], [ 2.239047, 41.491441 ], [ 2.240941, 41.491229 ], [ 2.244038, 41.490508 ], [ 2.246165, 41.489270 ], [ 2.247053, 41.488586 ], [ 2.247565, 41.487109 ], [ 2.248459, 41.484655 ], [ 2.260825, 41.470763 ], [ 2.261375, 41.470675 ], [ 2.261360, 41.470560 ], [ 2.261356, 41.470524 ], [ 2.261354, 41.470505 ], [ 2.261347, 41.470435 ], [ 2.261344, 41.470412 ], [ 2.261342, 41.470389 ], [ 2.261326, 41.470236 ], [ 2.264244, 41.466512 ], [ 2.264942, 41.465663 ], [ 2.268135, 41.463346 ], [ 2.268478, 41.462974 ], [ 2.269977, 41.460614 ], [ 2.269821, 41.460518 ], [ 2.268471, 41.459786 ], [ 2.268073, 41.459571 ], [ 2.268021, 41.459547 ], [ 2.267907, 41.459501 ], [ 2.267825, 41.459510 ], [ 2.267790, 41.459518 ], [ 2.267783, 41.459523 ], [ 2.267774, 41.459529 ], [ 2.267769, 41.459533 ], [ 2.267765, 41.459537 ], [ 2.267760, 41.459545 ], [ 2.267755, 41.459553 ], [ 2.267752, 41.459563 ], [ 2.267746, 41.459579 ], [ 2.267704, 41.459623 ], [ 2.267694, 41.459632 ], [ 2.267688, 41.459635 ], [ 2.267680, 41.459638 ], [ 2.267672, 41.459641 ], [ 2.267657, 41.459644 ], [ 2.267650, 41.459645 ], [ 2.267634, 41.459646 ], [ 2.267616, 41.459645 ], [ 2.267602, 41.459645 ], [ 2.267587, 41.459643 ], [ 2.267569, 41.459640 ], [ 2.267551, 41.459637 ], [ 2.267543, 41.459635 ], [ 2.267529, 41.459630 ], [ 2.267508, 41.459622 ], [ 2.267459, 41.459602 ], [ 2.267391, 41.459571 ], [ 2.267332, 41.459543 ], [ 2.266701, 41.459219 ], [ 2.266681, 41.459209 ], [ 2.266461, 41.459088 ], [ 2.265884, 41.458767 ], [ 2.265866, 41.458756 ], [ 2.265830, 41.458733 ], [ 2.265757, 41.458683 ], [ 2.265431, 41.458444 ], [ 2.265181, 41.458240 ], [ 2.264989, 41.458070 ], [ 2.264657, 41.457781 ], [ 2.264616, 41.457749 ], [ 2.264516, 41.457678 ], [ 2.264389, 41.457590 ], [ 2.264343, 41.457560 ], [ 2.263732, 41.457187 ], [ 2.263354, 41.456970 ], [ 2.263315, 41.456947 ], [ 2.263249, 41.456904 ], [ 2.263059, 41.456773 ], [ 2.262349, 41.456259 ], [ 2.261777, 41.455788 ], [ 2.261322, 41.455403 ], [ 2.261024, 41.455156 ], [ 2.260863, 41.455026 ], [ 2.259609, 41.454064 ], [ 2.258345, 41.453110 ], [ 2.258078, 41.452914 ], [ 2.257812, 41.452717 ], [ 2.257718, 41.452643 ], [ 2.257252, 41.452267 ], [ 2.257189, 41.452212 ], [ 2.257128, 41.452155 ], [ 2.257006, 41.452041 ], [ 2.256887, 41.451924 ], [ 2.255411, 41.450560 ], [ 2.254709, 41.449943 ], [ 2.253965, 41.449246 ], [ 2.253276, 41.448613 ], [ 2.253156, 41.448495 ], [ 2.252886, 41.448224 ], [ 2.252737, 41.448072 ], [ 2.252664, 41.447989 ], [ 2.252597, 41.447905 ], [ 2.252470, 41.447731 ], [ 2.252382, 41.447617 ], [ 2.252340, 41.447563 ], [ 2.252296, 41.447511 ], [ 2.252262, 41.447479 ], [ 2.251782, 41.447044 ], [ 2.250964, 41.446283 ], [ 2.250918, 41.446238 ], [ 2.250871, 41.446185 ], [ 2.250702, 41.445990 ], [ 2.250668, 41.445941 ], [ 2.250651, 41.445911 ], [ 2.250545, 41.445766 ], [ 2.250141, 41.445291 ], [ 2.249892, 41.445003 ], [ 2.249663, 41.444756 ], [ 2.249489, 41.444563 ], [ 2.249300, 41.444332 ], [ 2.249066, 41.444047 ], [ 2.248861, 41.443795 ], [ 2.248728, 41.443626 ], [ 2.248599, 41.443444 ], [ 2.248439, 41.443207 ], [ 2.247639, 41.442230 ], [ 2.247240, 41.441756 ], [ 2.247021, 41.441356 ], [ 2.246861, 41.440929 ], [ 2.246556, 41.440599 ], [ 2.246109, 41.440081 ], [ 2.246003, 41.439954 ], [ 2.245903, 41.439826 ], [ 2.245840, 41.439738 ], [ 2.245753, 41.439603 ], [ 2.245672, 41.439466 ], [ 2.245011, 41.438440 ], [ 2.244976, 41.438374 ], [ 2.244928, 41.438262 ], [ 2.244803, 41.437969 ], [ 2.244795, 41.437941 ], [ 2.244791, 41.437913 ], [ 2.244789, 41.437857 ], [ 2.244789, 41.437814 ], [ 2.244795, 41.437772 ], [ 2.244802, 41.437752 ], [ 2.244814, 41.437734 ], [ 2.244824, 41.437723 ], [ 2.244843, 41.437713 ], [ 2.244897, 41.437697 ], [ 2.244952, 41.437686 ], [ 2.245044, 41.437669 ], [ 2.245135, 41.437652 ], [ 2.245251, 41.437633 ], [ 2.245368, 41.437615 ], [ 2.245432, 41.437600 ], [ 2.245492, 41.437577 ], [ 2.245530, 41.437557 ], [ 2.245582, 41.437526 ], [ 2.245608, 41.437507 ], [ 2.245627, 41.437487 ], [ 2.245631, 41.437474 ], [ 2.245627, 41.437466 ], [ 2.245620, 41.437458 ], [ 2.245596, 41.437446 ], [ 2.245570, 41.437440 ], [ 2.245544, 41.437441 ], [ 2.244944, 41.437521 ], [ 2.244554, 41.437607 ], [ 2.244410, 41.437659 ], [ 2.244322, 41.437573 ], [ 2.244270, 41.437423 ], [ 2.244381, 41.437378 ], [ 2.244427, 41.437367 ], [ 2.244728, 41.437305 ], [ 2.244811, 41.437290 ], [ 2.244894, 41.437276 ], [ 2.244912, 41.437270 ], [ 2.244929, 41.437263 ], [ 2.244961, 41.437242 ], [ 2.244979, 41.437225 ], [ 2.244990, 41.437205 ], [ 2.244996, 41.437177 ], [ 2.244996, 41.437149 ], [ 2.244993, 41.437131 ], [ 2.244968, 41.437054 ], [ 2.244942, 41.436976 ], [ 2.244871, 41.436774 ], [ 2.244801, 41.436571 ], [ 2.244575, 41.435925 ], [ 2.244082, 41.434527 ], [ 2.243621, 41.433285 ], [ 2.242919, 41.431277 ], [ 2.242904, 41.431251 ], [ 2.242882, 41.431228 ], [ 2.242854, 41.431209 ], [ 2.242822, 41.431194 ], [ 2.242786, 41.431185 ], [ 2.242749, 41.431181 ], [ 2.242711, 41.431183 ], [ 2.242674, 41.431190 ], [ 2.242641, 41.431203 ], [ 2.242611, 41.431221 ], [ 2.242587, 41.431243 ], [ 2.242569, 41.431268 ], [ 2.242558, 41.431295 ], [ 2.242555, 41.431324 ], [ 2.242559, 41.431352 ], [ 2.242825, 41.432154 ], [ 2.243578, 41.434274 ], [ 2.243603, 41.434344 ], [ 2.244346, 41.436434 ], [ 2.243405, 41.436624 ], [ 2.241799, 41.436947 ], [ 2.241644, 41.436978 ], [ 2.240836, 41.436005 ], [ 2.240361, 41.434664 ], [ 2.241225, 41.434491 ], [ 2.241722, 41.434391 ], [ 2.242718, 41.434191 ], [ 2.242644, 41.433983 ], [ 2.242515, 41.433619 ], [ 2.239948, 41.434135 ], [ 2.239821, 41.433779 ], [ 2.240414, 41.433660 ], [ 2.240515, 41.433643 ], [ 2.240515, 41.433643 ], [ 2.240777, 41.433591 ], [ 2.240505, 41.432823 ], [ 2.241825, 41.432558 ], [ 2.242096, 41.433324 ], [ 2.242097, 41.433324 ], [ 2.242393, 41.433265 ], [ 2.242397, 41.433175 ], [ 2.242397, 41.433141 ], [ 2.242384, 41.433097 ], [ 2.242033, 41.432150 ], [ 2.242010, 41.432122 ], [ 2.241974, 41.432114 ], [ 2.241920, 41.432120 ], [ 2.241500, 41.432213 ], [ 2.241425, 41.432226 ], [ 2.241278, 41.432242 ], [ 2.241260, 41.432243 ], [ 2.241243, 41.432244 ], [ 2.241236, 41.432244 ], [ 2.241222, 41.432244 ], [ 2.241213, 41.432243 ], [ 2.241205, 41.432242 ], [ 2.241197, 41.432241 ], [ 2.241190, 41.432239 ], [ 2.241160, 41.432229 ], [ 2.241126, 41.432216 ], [ 2.241100, 41.432206 ], [ 2.241078, 41.432197 ], [ 2.241072, 41.432194 ], [ 2.240999, 41.432156 ], [ 2.240822, 41.432057 ], [ 2.240629, 41.431945 ], [ 2.240591, 41.431922 ], [ 2.240524, 41.431878 ], [ 2.240481, 41.431849 ], [ 2.240456, 41.431831 ], [ 2.240446, 41.431822 ], [ 2.240435, 41.431813 ], [ 2.240417, 41.431797 ], [ 2.240394, 41.431773 ], [ 2.240372, 41.431749 ], [ 2.240364, 41.431739 ], [ 2.240352, 41.431724 ], [ 2.240335, 41.431699 ], [ 2.240318, 41.431674 ], [ 2.240306, 41.431652 ], [ 2.240300, 41.431640 ], [ 2.240291, 41.431619 ], [ 2.240281, 41.431591 ], [ 2.240277, 41.431579 ], [ 2.240270, 41.431554 ], [ 2.240265, 41.431532 ], [ 2.240263, 41.431519 ], [ 2.240262, 41.431513 ], [ 2.240259, 41.431467 ], [ 2.240259, 41.431438 ], [ 2.240259, 41.431417 ], [ 2.240261, 41.431405 ], [ 2.240261, 41.431400 ], [ 2.240327, 41.431220 ], [ 2.240432, 41.431129 ], [ 2.240571, 41.430825 ], [ 2.240344, 41.430809 ], [ 2.240330, 41.430815 ], [ 2.240279, 41.430833 ], [ 2.240273, 41.430834 ], [ 2.240105, 41.430857 ], [ 2.240016, 41.430857 ], [ 2.240001, 41.430856 ], [ 2.239961, 41.430851 ], [ 2.239943, 41.430848 ], [ 2.239935, 41.430847 ], [ 2.239921, 41.430843 ], [ 2.239899, 41.430835 ], [ 2.239866, 41.430821 ], [ 2.239823, 41.430801 ], [ 2.239779, 41.430780 ], [ 2.239773, 41.430776 ], [ 2.239767, 41.430772 ], [ 2.239761, 41.430767 ], [ 2.239694, 41.430710 ], [ 2.239632, 41.430646 ], [ 2.239602, 41.430610 ], [ 2.239471, 41.430435 ], [ 2.239407, 41.430343 ], [ 2.239098, 41.429887 ], [ 2.238938, 41.429557 ], [ 2.238432, 41.428599 ], [ 2.238034, 41.427889 ], [ 2.237673, 41.427080 ], [ 2.237460, 41.426585 ], [ 2.237423, 41.426313 ], [ 2.237418, 41.426161 ], [ 2.237297, 41.426242 ], [ 2.236192, 41.427017 ], [ 2.233891, 41.428918 ], [ 2.231454, 41.430956 ], [ 2.228528, 41.430278 ], [ 2.226429, 41.429852 ], [ 2.224472, 41.429503 ], [ 2.223268, 41.431318 ], [ 2.223025, 41.431667 ], [ 2.222510, 41.432402 ], [ 2.219565, 41.432958 ], [ 2.217499, 41.432224 ], [ 2.215356, 41.433772 ], [ 2.215020, 41.434149 ], [ 2.214691, 41.434523 ], [ 2.214622, 41.434885 ], [ 2.214669, 41.434920 ], [ 2.212810, 41.436877 ], [ 2.212699, 41.437207 ], [ 2.213099, 41.439803 ], [ 2.213781, 41.440556 ], [ 2.215535, 41.442476 ], [ 2.219327, 41.445876 ], [ 2.222752, 41.449001 ], [ 2.216785, 41.457642 ], [ 2.218395, 41.459248 ], [ 2.220281, 41.460654 ], [ 2.220818, 41.461673 ], [ 2.220924, 41.464325 ], [ 2.221464, 41.465132 ], [ 2.211689, 41.470648 ], [ 2.210950, 41.471006 ], [ 2.212266, 41.471220 ], [ 2.212719, 41.471296 ], [ 2.213273, 41.471431 ], [ 2.213393, 41.471496 ], [ 2.213796, 41.471886 ], [ 2.215210, 41.473278 ], [ 2.216295, 41.474347 ], [ 2.216615, 41.474758 ], [ 2.216841, 41.475170 ], [ 2.217068, 41.475712 ], [ 2.217559, 41.477008 ], [ 2.217440, 41.477655 ], [ 2.216195, 41.477644 ], [ 2.213906, 41.477986 ], [ 2.212690, 41.478263 ], [ 2.211805, 41.480329 ], [ 2.211824, 41.480477 ], [ 2.212053, 41.480740 ], [ 2.212256, 41.480848 ], [ 2.212486, 41.480946 ], [ 2.212655, 41.481001 ], [ 2.213934, 41.481952 ], [ 2.215134, 41.483397 ], [ 2.215704, 41.484344 ], [ 2.215836, 41.484580 ], [ 2.216351, 41.485832 ], [ 2.215920, 41.486551 ], [ 2.218104, 41.488371 ], [ 2.220224, 41.489123 ], [ 2.223065, 41.490608 ], [ 2.224694, 41.492516 ], [ 2.224815, 41.492475 ], [ 2.224950, 41.492437 ], [ 2.225178, 41.492382 ], [ 2.226999, 41.491957 ], [ 2.227242, 41.491913 ], [ 2.227513, 41.491888 ], [ 2.227965, 41.491867 ], [ 2.228163, 41.491866 ], [ 2.228454, 41.491904 ], [ 2.229070, 41.492066 ], [ 2.231563, 41.492755 ], [ 2.234080, 41.491963 ] ] ] ] } },
{ "type": "Feature", "properties": { "fid": 2, "id": 67, "CODIMUNI": "089045", "NOMMUNI": "Badia del Vallès", "NOMMUNIIND": "Badia del Vallès", "CAPMUNI": "Badia del Vallès", "CAPMUNIIND": "Badia del Vallès", "AREAM5000": 0.9315, "CODICOMAR": "40", "NOMCOMAR": "Vallès Occidental", "CAPCOMAR": "Sabadell / Terrassa", "CAPCOMIND": "Sabadell / Terrassa", "CODIVEGUE": "01", "NOMVEGUE": "Barcelona", "CAPVEGUE": "Barcelona", "CODIPROV": "08", "NOMPROV": "Barcelona", "CAPPROV": "Barcelona" }, "geometry": { "type": "MultiPolygon", "coordinates": [ [ [ [ 2.114314, 41.516292 ], [ 2.114918, 41.514371 ], [ 2.114616, 41.514270 ], [ 2.114283, 41.514157 ], [ 2.114014, 41.514050 ], [ 2.113591, 41.513826 ], [ 2.113168, 41.513570 ], [ 2.113274, 41.512604 ], [ 2.113312, 41.512524 ], [ 2.113369, 41.512428 ], [ 2.122704, 41.505652 ], [ 2.123009, 41.506126 ], [ 2.123129, 41.506320 ], [ 2.123679, 41.506909 ], [ 2.123791, 41.506945 ], [ 2.124782, 41.507201 ], [ 2.125111, 41.506984 ], [ 2.125324, 41.506831 ], [ 2.126001, 41.506243 ], [ 2.124767, 41.505418 ], [ 2.120637, 41.502920 ], [ 2.117421, 41.503954 ], [ 2.117265, 41.503990 ], [ 2.116491, 41.504144 ], [ 2.116122, 41.504215 ], [ 2.114884, 41.504424 ], [ 2.113452, 41.504540 ], [ 2.112679, 41.504596 ], [ 2.112377, 41.504624 ], [ 2.111927, 41.504670 ], [ 2.110706, 41.504847 ], [ 2.110325, 41.504921 ], [ 2.109920, 41.505044 ], [ 2.109812, 41.505113 ], [ 2.109664, 41.505294 ], [ 2.109274, 41.505946 ], [ 2.109148, 41.506197 ], [ 2.109047, 41.506421 ], [ 2.107008, 41.507707 ], [ 2.106729, 41.507892 ], [ 2.106189, 41.508264 ], [ 2.105540, 41.508712 ], [ 2.108738, 41.509363 ], [ 2.111019, 41.511943 ], [ 2.112527, 41.513749 ], [ 2.112613, 41.513866 ], [ 2.112643, 41.513966 ], [ 2.112641, 41.514074 ], [ 2.112639, 41.514198 ], [ 2.112553, 41.514461 ], [ 2.112511, 41.514581 ], [ 2.112388, 41.514854 ], [ 2.112230, 41.515189 ], [ 2.112076, 41.515505 ], [ 2.111991, 41.515696 ], [ 2.111927, 41.515878 ], [ 2.111884, 41.516090 ], [ 2.111871, 41.516249 ], [ 2.112151, 41.518219 ], [ 2.114314, 41.516292 ] ] ] ] } },
{ "type": "Feature", "properties": { "fid": 3, "id": 77, "CODIMUNI": "082520", "NOMMUNI": "Barberà del Vallès", "NOMMUNIIND": "Barberà del Vallès", "CAPMUNI": "Barberà del Vallès", "CAPMUNIIND": "Barberà del Vallès", "AREAM5000": 8.2016, "CODICOMAR": "40", "NOMCOMAR": "Vallès Occidental", "CAPCOMAR": "Sabadell / Terrassa", "CAPCOMIND": "Sabadell / Terrassa", "CODIVEGUE": "01", "NOMVEGUE": "Barcelona", "CAPVEGUE": "Barcelona", "CODIPROV": "08", "NOMPROV": "Barcelona", "CAPPROV": "Barcelona" }, "geometry": { "type": "MultiPolygon", "coordinates": [ [ [ [ 2.128508, 41.533090 ], [ 2.133270, 41.532968 ], [ 2.133326, 41.532719 ], [ 2.133481, 41.532359 ], [ 2.134338, 41.531117 ], [ 2.136994, 41.531472 ], [ 2.138658, 41.531617 ], [ 2.138676, 41.531573 ], [ 2.138719, 41.531515 ], [ 2.138820, 41.531387 ], [ 2.138870, 41.531334 ], [ 2.138934, 41.531276 ], [ 2.139030, 41.531200 ], [ 2.139172, 41.531099 ], [ 2.141106, 41.529851 ], [ 2.142010, 41.529320 ], [ 2.142670, 41.529173 ], [ 2.142813, 41.529165 ], [ 2.142904, 41.529159 ], [ 2.142967, 41.529154 ], [ 2.143048, 41.529141 ], [ 2.143168, 41.529119 ], [ 2.143268, 41.529096 ], [ 2.143428, 41.529056 ], [ 2.143544, 41.529024 ], [ 2.143604, 41.529003 ], [ 2.143830, 41.528912 ], [ 2.145632, 41.528096 ], [ 2.145715, 41.528058 ], [ 2.145771, 41.528025 ], [ 2.145848, 41.527976 ], [ 2.146227, 41.527729 ], [ 2.146341, 41.527648 ], [ 2.149182, 41.525426 ], [ 2.150716, 41.522561 ], [ 2.152700, 41.520080 ], [ 2.153007, 41.519966 ], [ 2.154691, 41.519756 ], [ 2.156707, 41.519807 ], [ 2.157413, 41.519808 ], [ 2.158540, 41.519555 ], [ 2.158627, 41.519535 ], [ 2.158778, 41.519489 ], [ 2.158876, 41.519456 ], [ 2.158936, 41.519429 ], [ 2.159120, 41.519340 ], [ 2.159523, 41.519103 ], [ 2.160189, 41.518701 ], [ 2.160230, 41.518673 ], [ 2.160262, 41.518641 ], [ 2.160330, 41.518560 ], [ 2.160449, 41.518374 ], [ 2.160522, 41.518253 ], [ 2.160561, 41.518177 ], [ 2.160597, 41.518100 ], [ 2.160641, 41.517996 ], [ 2.161284, 41.515945 ], [ 2.162663, 41.516125 ], [ 2.162508, 41.514699 ], [ 2.162160, 41.513027 ], [ 2.161175, 41.509354 ], [ 2.160734, 41.508302 ], [ 2.158995, 41.507387 ], [ 2.158522, 41.508048 ], [ 2.158061, 41.508630 ], [ 2.157151, 41.509536 ], [ 2.154764, 41.511358 ], [ 2.154744, 41.511352 ], [ 2.152428, 41.510509 ], [ 2.152288, 41.510456 ], [ 2.152240, 41.510436 ], [ 2.152218, 41.510423 ], [ 2.152202, 41.510404 ], [ 2.152183, 41.510370 ], [ 2.152177, 41.510345 ], [ 2.152097, 41.510165 ], [ 2.151915, 41.510006 ], [ 2.151255, 41.509559 ], [ 2.149796, 41.508775 ], [ 2.149380, 41.508941 ], [ 2.149132, 41.509489 ], [ 2.149078, 41.510114 ], [ 2.148949, 41.510792 ], [ 2.146044, 41.510500 ], [ 2.145984, 41.510491 ], [ 2.145906, 41.510470 ], [ 2.145012, 41.510186 ], [ 2.144912, 41.510154 ], [ 2.142499, 41.509351 ], [ 2.142396, 41.508420 ], [ 2.138935, 41.507235 ], [ 2.136085, 41.506671 ], [ 2.134937, 41.505963 ], [ 2.126001, 41.506243 ], [ 2.125324, 41.506831 ], [ 2.125111, 41.506984 ], [ 2.124782, 41.507201 ], [ 2.123791, 41.506945 ], [ 2.123679, 41.506909 ], [ 2.123129, 41.506320 ], [ 2.123009, 41.506126 ], [ 2.122704, 41.505652 ], [ 2.113369, 41.512428 ], [ 2.113312, 41.512524 ], [ 2.113274, 41.512604 ], [ 2.113168, 41.513570 ], [ 2.113591, 41.513826 ], [ 2.114014, 41.514050 ], [ 2.114283, 41.514157 ], [ 2.114616, 41.514270 ], [ 2.114918, 41.514371 ], [ 2.114314, 41.516292 ], [ 2.112151, 41.518219 ], [ 2.110927, 41.519612 ], [ 2.110721, 41.519847 ], [ 2.110446, 41.520168 ], [ 2.110133, 41.520550 ], [ 2.109914, 41.520828 ], [ 2.109779, 41.521001 ], [ 2.109851, 41.521032 ], [ 2.111427, 41.521485 ], [ 2.111798, 41.521590 ], [ 2.113286, 41.522011 ], [ 2.114315, 41.522278 ], [ 2.115764, 41.522657 ], [ 2.115905, 41.522700 ], [ 2.116207, 41.522802 ], [ 2.116742, 41.522987 ], [ 2.118226, 41.523497 ], [ 2.121100, 41.524856 ], [ 2.125652, 41.527200 ], [ 2.125458, 41.528218 ], [ 2.124898, 41.528169 ], [ 2.124192, 41.528550 ], [ 2.123519, 41.529294 ], [ 2.122756, 41.532720 ], [ 2.124514, 41.533470 ], [ 2.128508, 41.533090 ] ] ] ] } },
{ "type": "Feature", "properties": { "fid": 4, "id": 78, "CODIMUNI": "080193", "NOMMUNI": "Barcelona", "NOMMUNIIND": "Barcelona", "CAPMUNI": "Barcelona", "CAPMUNIIND": "Barcelona", "AREAM5000": 101.8225, "CODICOMAR": "13", "NOMCOMAR": "Barcelonès", "CAPCOMAR": "Barcelona", "CAPCOMIND": "Barcelona", "CODIVEGUE": "01", "NOMVEGUE": "Barcelona", "CAPVEGUE": "Barcelona", "CODIPROV": "08", "NOMPROV": "Barcelona", "CAPPROV": "Barcelona" }, "geometry": { "type": "MultiPolygon", "coordinates": [ [ [ [ 2.175134, 41.349346 ], [ 2.174848, 41.347953 ], [ 2.174645, 41.346995 ], [ 2.174318, 41.345608 ], [ 2.174122, 41.344699 ], [ 2.173917, 41.343668 ], [ 2.173581, 41.342166 ], [ 2.173334, 41.341057 ], [ 2.172920, 41.339047 ], [ 2.172688, 41.338016 ], [ 2.172527, 41.337265 ], [ 2.172302, 41.336116 ], [ 2.172299, 41.336005 ], [ 2.172230, 41.335718 ], [ 2.172097, 41.335284 ], [ 2.171943, 41.335004 ], [ 2.171915, 41.335000 ], [ 2.171895, 41.334962 ], [ 2.171864, 41.334907 ], [ 2.171825, 41.334783 ], [ 2.171751, 41.334547 ], [ 2.171688, 41.334263 ], [ 2.171487, 41.333352 ], [ 2.171094, 41.331589 ], [ 2.170934, 41.330878 ], [ 2.170771, 41.330168 ], [ 2.170199, 41.327710 ], [ 2.170043, 41.327268 ], [ 2.170019, 41.327189 ], [ 2.170006, 41.327128 ], [ 2.169992, 41.327037 ], [ 2.169920, 41.326570 ], [ 2.169925, 41.326252 ], [ 2.170204, 41.325429 ], [ 2.170456, 41.324688 ], [ 2.171325, 41.322130 ], [ 2.171837, 41.320605 ], [ 2.172364, 41.319021 ], [ 2.172937, 41.317346 ], [ 2.172943, 41.317324 ], [ 2.172945, 41.317290 ], [ 2.172940, 41.317257 ], [ 2.172926, 41.317223 ], [ 2.172912, 41.317200 ], [ 2.172885, 41.317166 ], [ 2.172853, 41.317132 ], [ 2.172808, 41.317093 ], [ 2.172783, 41.317076 ], [ 2.172753, 41.317061 ], [ 2.172728, 41.317052 ], [ 2.172689, 41.317043 ], [ 2.172650, 41.317039 ], [ 2.172610, 41.317038 ], [ 2.172549, 41.317041 ], [ 2.172488, 41.317053 ], [ 2.172455, 41.317063 ], [ 2.172410, 41.317083 ], [ 2.172368, 41.317111 ], [ 2.172347, 41.317129 ], [ 2.172322, 41.317158 ], [ 2.172305, 41.317190 ], [ 2.172295, 41.317221 ], [ 2.172288, 41.317267 ], [ 2.172285, 41.317327 ], [ 2.172287, 41.317333 ], [ 2.172292, 41.317340 ], [ 2.172303, 41.317346 ], [ 2.172322, 41.317351 ], [ 2.172340, 41.317355 ], [ 2.172373, 41.317366 ], [ 2.172406, 41.317381 ], [ 2.172418, 41.317393 ], [ 2.172423, 41.317408 ], [ 2.172425, 41.317426 ], [ 2.172421, 41.317445 ], [ 2.172242, 41.317928 ], [ 2.172152, 41.318170 ], [ 2.172065, 41.318412 ], [ 2.171833, 41.319085 ], [ 2.171604, 41.319759 ], [ 2.171358, 41.320501 ], [ 2.171112, 41.321243 ], [ 2.170736, 41.322337 ], [ 2.170056, 41.324342 ], [ 2.169520, 41.325915 ], [ 2.169437, 41.326439 ], [ 2.169576, 41.327017 ], [ 2.169748, 41.327750 ], [ 2.170147, 41.329476 ], [ 2.170538, 41.331149 ], [ 2.171047, 41.333352 ], [ 2.171177, 41.333928 ], [ 2.171158, 41.333924 ], [ 2.170149, 41.334048 ], [ 2.170074, 41.334062 ], [ 2.170030, 41.334083 ], [ 2.169990, 41.334112 ], [ 2.169967, 41.334160 ], [ 2.169965, 41.334210 ], [ 2.170003, 41.334404 ], [ 2.170013, 41.334454 ], [ 2.170053, 41.334579 ], [ 2.170095, 41.334612 ], [ 2.170155, 41.334624 ], [ 2.170199, 41.334619 ], [ 2.170243, 41.334595 ], [ 2.170261, 41.334559 ], [ 2.170258, 41.334544 ], [ 2.170216, 41.334517 ], [ 2.170205, 41.334495 ], [ 2.170142, 41.334193 ], [ 2.170841, 41.334106 ], [ 2.170845, 41.334121 ], [ 2.171058, 41.335041 ], [ 2.170920, 41.335149 ], [ 2.170728, 41.335353 ], [ 2.170617, 41.335475 ], [ 2.170519, 41.335667 ], [ 2.170744, 41.336360 ], [ 2.171022, 41.336766 ], [ 2.171035, 41.336781 ], [ 2.171082, 41.336839 ], [ 2.171137, 41.336911 ], [ 2.171153, 41.336934 ], [ 2.171169, 41.336961 ], [ 2.171180, 41.336980 ], [ 2.171186, 41.336992 ], [ 2.171190, 41.337003 ], [ 2.171197, 41.337022 ], [ 2.171205, 41.337049 ], [ 2.171209, 41.337067 ], [ 2.171211, 41.337078 ], [ 2.171213, 41.337098 ], [ 2.171214, 41.337112 ], [ 2.171214, 41.337123 ], [ 2.171212, 41.337135 ], [ 2.171208, 41.337155 ], [ 2.171204, 41.337176 ], [ 2.171200, 41.337187 ], [ 2.171196, 41.337198 ], [ 2.170976, 41.337752 ], [ 2.170937, 41.337807 ], [ 2.170035, 41.337922 ], [ 2.169982, 41.337666 ], [ 2.169829, 41.337682 ], [ 2.170088, 41.338894 ], [ 2.170289, 41.339819 ], [ 2.170424, 41.340438 ], [ 2.170557, 41.341059 ], [ 2.170706, 41.341748 ], [ 2.171081, 41.343492 ], [ 2.171298, 41.344523 ], [ 2.171565, 41.345803 ], [ 2.171714, 41.346464 ], [ 2.172166, 41.348552 ], [ 2.171872, 41.348856 ], [ 2.171903, 41.349010 ], [ 2.171942, 41.349122 ], [ 2.172003, 41.349254 ], [ 2.172102, 41.349410 ], [ 2.172424, 41.349295 ], [ 2.172770, 41.349828 ], [ 2.172980, 41.350151 ], [ 2.173350, 41.350725 ], [ 2.175581, 41.354186 ], [ 2.176844, 41.356140 ], [ 2.177519, 41.357189 ], [ 2.179667, 41.360517 ], [ 2.181103, 41.362738 ], [ 2.181763, 41.363766 ], [ 2.181904, 41.363983 ], [ 2.182329, 41.364639 ], [ 2.182402, 41.364751 ], [ 2.182890, 41.365197 ], [ 2.183004, 41.365221 ], [ 2.183060, 41.365200 ], [ 2.183132, 41.365107 ], [ 2.183281, 41.364915 ], [ 2.183263, 41.364355 ], [ 2.183295, 41.364252 ], [ 2.183324, 41.364122 ], [ 2.183475, 41.363339 ], [ 2.183474, 41.363320 ], [ 2.183464, 41.363302 ], [ 2.183452, 41.363290 ], [ 2.183433, 41.363278 ], [ 2.183413, 41.363270 ], [ 2.183371, 41.363262 ], [ 2.183293, 41.363256 ], [ 2.182991, 41.363088 ], [ 2.182629, 41.362531 ], [ 2.181697, 41.361099 ], [ 2.181650, 41.361024 ], [ 2.181557, 41.360861 ], [ 2.181467, 41.360697 ], [ 2.181425, 41.360622 ], [ 2.181384, 41.360548 ], [ 2.181191, 41.360192 ], [ 2.180966, 41.359824 ], [ 2.180707, 41.359419 ], [ 2.180363, 41.358898 ], [ 2.179444, 41.357405 ], [ 2.178886, 41.356567 ], [ 2.178400, 41.355859 ], [ 2.178142, 41.355479 ], [ 2.178049, 41.355344 ], [ 2.177835, 41.355016 ], [ 2.177668, 41.354755 ], [ 2.177527, 41.354495 ], [ 2.176916, 41.353512 ], [ 2.176612, 41.353005 ], [ 2.176438, 41.352711 ], [ 2.176272, 41.352199 ], [ 2.176082, 41.351697 ], [ 2.175921, 41.351339 ], [ 2.175746, 41.351055 ], [ 2.175617, 41.350927 ], [ 2.175617, 41.350927 ], [ 2.175508, 41.350798 ], [ 2.175438, 41.350713 ], [ 2.175410, 41.350671 ], [ 2.175410, 41.350671 ], [ 2.175397, 41.350638 ], [ 2.175371, 41.350573 ], [ 2.175352, 41.350508 ], [ 2.175315, 41.350363 ], [ 2.175303, 41.350287 ], [ 2.175134, 41.349346 ] ] ], [ [ [ 2.193809, 41.376018 ], [ 2.193790, 41.376017 ], [ 2.193771, 41.376017 ], [ 2.193758, 41.376017 ], [ 2.193753, 41.376017 ], [ 2.193750, 41.376017 ], [ 2.193703, 41.376022 ], [ 2.193692, 41.376026 ], [ 2.193689, 41.376030 ], [ 2.193686, 41.376035 ], [ 2.193685, 41.376042 ], [ 2.193683, 41.376054 ], [ 2.193682, 41.376060 ], [ 2.193682, 41.376066 ], [ 2.193682, 41.376073 ], [ 2.193683, 41.376085 ], [ 2.193684, 41.376096 ], [ 2.193687, 41.376115 ], [ 2.193690, 41.376126 ], [ 2.193695, 41.376140 ], [ 2.193699, 41.376151 ], [ 2.193711, 41.376179 ], [ 2.193720, 41.376197 ], [ 2.193730, 41.376214 ], [ 2.193775, 41.376286 ], [ 2.193782, 41.376298 ], [ 2.193790, 41.376307 ], [ 2.193793, 41.376309 ], [ 2.193828, 41.376353 ], [ 2.193988, 41.376578 ], [ 2.194032, 41.376645 ], [ 2.194415, 41.377221 ], [ 2.194449, 41.377257 ], [ 2.194517, 41.377283 ], [ 2.194529, 41.377286 ], [ 2.194535, 41.377286 ], [ 2.194542, 41.377283 ], [ 2.194549, 41.377280 ], [ 2.194556, 41.377276 ], [ 2.194563, 41.377272 ], [ 2.194574, 41.377264 ], [ 2.194575, 41.377263 ], [ 2.194578, 41.377260 ], [ 2.194580, 41.377257 ], [ 2.194581, 41.377254 ], [ 2.194585, 41.377248 ], [ 2.194587, 41.377242 ], [ 2.194591, 41.377231 ], [ 2.194627, 41.377117 ], [ 2.194628, 41.377112 ], [ 2.194628, 41.377106 ], [ 2.194628, 41.377028 ], [ 2.194628, 41.377021 ], [ 2.194626, 41.377009 ], [ 2.193934, 41.376072 ], [ 2.193930, 41.376067 ], [ 2.193925, 41.376063 ], [ 2.193925, 41.376062 ], [ 2.193919, 41.376058 ], [ 2.193912, 41.376053 ], [ 2.193906, 41.376049 ], [ 2.193894, 41.376041 ], [ 2.193880, 41.376035 ], [ 2.193864, 41.376028 ], [ 2.193856, 41.376025 ], [ 2.193841, 41.376020 ], [ 2.193837, 41.376020 ], [ 2.193834, 41.376019 ], [ 2.193833, 41.376019 ], [ 2.193826, 41.376019 ], [ 2.193809, 41.376018 ] ] ], [ [ [ 2.206144, 41.389196 ], [ 2.206061, 41.389174 ], [ 2.205877, 41.389182 ], [ 2.205802, 41.389231 ], [ 2.205792, 41.389239 ], [ 2.205790, 41.389242 ], [ 2.205787, 41.389244 ], [ 2.205782, 41.389250 ], [ 2.205777, 41.389255 ], [ 2.205772, 41.389265 ], [ 2.205771, 41.389270 ], [ 2.205770, 41.389276 ], [ 2.205769, 41.389289 ], [ 2.205769, 41.389289 ], [ 2.205769, 41.389303 ], [ 2.205769, 41.389317 ], [ 2.205770, 41.389331 ], [ 2.205772, 41.389342 ], [ 2.205772, 41.389342 ], [ 2.205773, 41.389347 ], [ 2.205776, 41.389352 ], [ 2.205779, 41.389358 ], [ 2.205779, 41.389358 ], [ 2.205779, 41.389358 ], [ 2.205784, 41.389364 ], [ 2.205792, 41.389372 ], [ 2.205798, 41.389376 ], [ 2.205805, 41.389380 ], [ 2.205811, 41.389383 ], [ 2.205821, 41.389387 ], [ 2.205832, 41.389392 ], [ 2.205838, 41.389394 ], [ 2.205853, 41.389399 ], [ 2.206018, 41.389402 ], [ 2.206095, 41.389416 ], [ 2.206220, 41.389385 ], [ 2.206253, 41.389362 ], [ 2.206247, 41.389299 ], [ 2.206246, 41.389295 ], [ 2.206246, 41.389295 ], [ 2.206243, 41.389290 ], [ 2.206159, 41.389204 ], [ 2.206150, 41.389198 ], [ 2.206144, 41.389196 ] ] ], [ [ [ 2.222197, 41.403568 ], [ 2.222115, 41.403528 ], [ 2.222063, 41.403528 ], [ 2.222017, 41.403533 ], [ 2.221983, 41.403551 ], [ 2.221964, 41.403578 ], [ 2.221982, 41.403623 ], [ 2.222685, 41.404699 ], [ 2.222836, 41.404949 ], [ 2.222872, 41.404989 ], [ 2.223023, 41.405091 ], [ 2.223041, 41.405096 ], [ 2.223046, 41.405097 ], [ 2.223061, 41.405095 ], [ 2.223067, 41.405093 ], [ 2.223075, 41.405084 ], [ 2.223078, 41.405079 ], [ 2.223081, 41.405073 ], [ 2.223113, 41.404934 ], [ 2.223115, 41.404925 ], [ 2.223114, 41.404916 ], [ 2.223112, 41.404903 ], [ 2.223110, 41.404896 ], [ 2.223108, 41.404889 ], [ 2.223105, 41.404884 ], [ 2.223098, 41.404873 ], [ 2.223053, 41.404811 ], [ 2.223050, 41.404807 ], [ 2.223041, 41.404797 ], [ 2.222880, 41.404543 ], [ 2.222769, 41.404329 ], [ 2.222632, 41.404112 ], [ 2.222393, 41.403762 ], [ 2.222295, 41.403660 ], [ 2.222197, 41.403568 ] ] ], [ [ [ 2.226452, 41.407097 ], [ 2.226433, 41.407097 ], [ 2.226414, 41.407102 ], [ 2.226395, 41.407114 ], [ 2.226379, 41.407128 ], [ 2.226361, 41.407145 ], [ 2.226349, 41.407165 ], [ 2.226302, 41.407247 ], [ 2.226283, 41.407317 ], [ 2.226276, 41.407394 ], [ 2.226276, 41.407447 ], [ 2.226279, 41.407462 ], [ 2.226430, 41.407692 ], [ 2.226501, 41.407682 ], [ 2.226517, 41.407149 ], [ 2.226514, 41.407140 ], [ 2.226512, 41.407131 ], [ 2.226503, 41.407120 ], [ 2.226488, 41.407111 ], [ 2.226470, 41.407102 ], [ 2.226452, 41.407097 ] ] ], [ [ [ 2.226899, 41.407603 ], [ 2.226887, 41.407599 ], [ 2.226872, 41.407602 ], [ 2.226858, 41.407607 ], [ 2.226843, 41.407613 ], [ 2.226829, 41.407620 ], [ 2.226817, 41.407628 ], [ 2.226805, 41.407636 ], [ 2.226793, 41.407650 ], [ 2.226786, 41.407664 ], [ 2.226751, 41.407843 ], [ 2.226752, 41.407854 ], [ 2.226811, 41.408082 ], [ 2.226823, 41.408117 ], [ 2.226836, 41.408140 ], [ 2.226914, 41.408252 ], [ 2.226921, 41.408256 ], [ 2.226936, 41.408257 ], [ 2.226942, 41.408255 ], [ 2.226946, 41.408252 ], [ 2.227002, 41.407926 ], [ 2.227005, 41.407902 ], [ 2.227001, 41.407878 ], [ 2.226969, 41.407759 ], [ 2.226917, 41.407626 ], [ 2.226908, 41.407611 ], [ 2.226899, 41.407603 ] ] ], [ [ [ 2.227291, 41.408072 ], [ 2.227279, 41.408071 ], [ 2.227192, 41.408075 ], [ 2.227076, 41.408110 ], [ 2.227060, 41.408117 ], [ 2.227047, 41.408128 ], [ 2.227040, 41.408139 ], [ 2.227037, 41.408151 ], [ 2.227022, 41.408257 ], [ 2.227022, 41.408265 ], [ 2.227027, 41.408271 ], [ 2.227037, 41.408275 ], [ 2.227048, 41.408278 ], [ 2.226977, 41.408411 ], [ 2.227241, 41.408950 ], [ 2.227501, 41.409413 ], [ 2.227691, 41.409606 ], [ 2.227696, 41.409611 ], [ 2.227750, 41.409641 ], [ 2.227762, 41.409644 ], [ 2.227774, 41.409643 ], [ 2.227899, 41.409610 ], [ 2.227945, 41.409563 ], [ 2.228064, 41.409348 ], [ 2.228072, 41.409329 ], [ 2.228075, 41.409309 ], [ 2.228073, 41.409291 ], [ 2.228051, 41.409102 ], [ 2.228044, 41.409080 ], [ 2.228017, 41.409013 ], [ 2.228007, 41.408989 ], [ 2.227989, 41.408962 ], [ 2.227574, 41.408333 ], [ 2.227420, 41.408101 ], [ 2.227413, 41.408093 ], [ 2.227397, 41.408088 ], [ 2.227379, 41.408085 ], [ 2.227342, 41.408079 ], [ 2.227304, 41.408073 ], [ 2.227291, 41.408072 ] ] ], [ [ [ 2.058765, 41.410646 ], [ 2.057437, 41.410334 ], [ 2.056851, 41.410329 ], [ 2.055134, 41.412096 ], [ 2.054640, 41.413949 ], [ 2.055232, 41.414467 ], [ 2.056898, 41.415998 ], [ 2.056962, 41.416555 ], [ 2.057058, 41.417661 ], [ 2.057045, 41.418802 ], [ 2.056485, 41.421275 ], [ 2.056465, 41.421357 ], [ 2.056444, 41.421387 ], [ 2.056218, 41.421703 ], [ 2.056079, 41.421834 ], [ 2.055544, 41.422272 ], [ 2.055513, 41.422290 ], [ 2.054232, 41.422718 ], [ 2.052515, 41.423816 ], [ 2.052473, 41.423847 ], [ 2.052438, 41.423893 ], [ 2.052332, 41.424230 ], [ 2.052429, 41.424435 ], [ 2.052885, 41.424822 ], [ 2.053257, 41.425007 ], [ 2.054663, 41.425276 ], [ 2.055868, 41.425484 ], [ 2.056790, 41.425814 ], [ 2.057472, 41.426215 ], [ 2.057664, 41.426419 ], [ 2.058447, 41.429184 ], [ 2.058448, 41.429594 ], [ 2.058442, 41.430430 ], [ 2.058438, 41.430898 ], [ 2.058416, 41.431295 ], [ 2.057854, 41.432603 ], [ 2.057788, 41.432904 ], [ 2.057710, 41.433334 ], [ 2.057481, 41.434607 ], [ 2.057489, 41.434682 ], [ 2.057669, 41.435806 ], [ 2.058105, 41.435739 ], [ 2.058813, 41.435557 ], [ 2.059358, 41.435387 ], [ 2.059317, 41.435066 ], [ 2.059361, 41.434786 ], [ 2.059498, 41.434478 ], [ 2.059833, 41.434115 ], [ 2.060020, 41.433955 ], [ 2.060927, 41.433677 ], [ 2.062120, 41.433358 ], [ 2.063662, 41.431127 ], [ 2.065536, 41.429903 ], [ 2.066412, 41.429809 ], [ 2.067813, 41.429544 ], [ 2.067830, 41.429130 ], [ 2.067719, 41.428739 ], [ 2.067111, 41.427869 ], [ 2.067001, 41.427740 ], [ 2.066818, 41.427388 ], [ 2.066803, 41.427321 ], [ 2.066813, 41.427269 ], [ 2.067015, 41.426357 ], [ 2.067044, 41.426266 ], [ 2.067655, 41.425991 ], [ 2.069336, 41.425265 ], [ 2.070239, 41.420155 ], [ 2.070485, 41.418811 ], [ 2.070032, 41.418692 ], [ 2.067878, 41.418388 ], [ 2.066051, 41.418137 ], [ 2.064989, 41.416632 ], [ 2.064903, 41.416092 ], [ 2.064206, 41.414385 ], [ 2.064162, 41.414304 ], [ 2.063528, 41.413562 ], [ 2.061476, 41.412941 ], [ 2.058996, 41.410985 ], [ 2.058765, 41.410646 ] ] ], [ [ [ 2.187961, 41.460832 ], [ 2.188056, 41.460598 ], [ 2.188198, 41.460292 ], [ 2.188328, 41.460045 ], [ 2.188459, 41.459817 ], [ 2.188608, 41.459583 ], [ 2.188834, 41.459266 ], [ 2.189014, 41.459038 ], [ 2.189365, 41.458638 ], [ 2.189786, 41.458218 ], [ 2.190148, 41.457874 ], [ 2.190616, 41.457433 ], [ 2.190955, 41.457139 ], [ 2.191311, 41.456851 ], [ 2.191705, 41.456554 ], [ 2.192328, 41.456104 ], [ 2.194506, 41.454535 ], [ 2.195277, 41.453989 ], [ 2.196993, 41.452785 ], [ 2.197712, 41.452275 ], [ 2.198106, 41.451980 ], [ 2.198476, 41.451669 ], [ 2.199181, 41.451067 ], [ 2.199572, 41.450724 ], [ 2.200177, 41.450136 ], [ 2.200701, 41.449620 ], [ 2.201829, 41.448504 ], [ 2.201942, 41.448391 ], [ 2.203210, 41.447103 ], [ 2.203863, 41.446416 ], [ 2.205309, 41.444890 ], [ 2.205605, 41.444577 ], [ 2.205881, 41.444283 ], [ 2.206133, 41.444000 ], [ 2.206298, 41.443807 ], [ 2.206834, 41.443116 ], [ 2.206943, 41.442962 ], [ 2.207063, 41.442779 ], [ 2.207194, 41.442576 ], [ 2.207322, 41.442372 ], [ 2.207372, 41.442289 ], [ 2.207470, 41.442123 ], [ 2.207567, 41.441951 ], [ 2.207615, 41.441862 ], [ 2.207662, 41.441773 ], [ 2.207749, 41.441603 ], [ 2.207830, 41.441442 ], [ 2.207911, 41.441273 ], [ 2.207951, 41.441184 ], [ 2.207990, 41.441096 ], [ 2.208093, 41.440852 ], [ 2.208156, 41.440697 ], [ 2.208225, 41.440515 ], [ 2.208290, 41.440332 ], [ 2.208346, 41.440164 ], [ 2.208400, 41.439996 ], [ 2.208468, 41.439770 ], [ 2.208625, 41.439190 ], [ 2.209410, 41.436385 ], [ 2.209537, 41.436009 ], [ 2.209627, 41.435759 ], [ 2.209706, 41.435555 ], [ 2.209804, 41.435311 ], [ 2.209887, 41.435116 ], [ 2.209979, 41.434910 ], [ 2.210097, 41.434661 ], [ 2.210166, 41.434518 ], [ 2.210304, 41.434248 ], [ 2.210459, 41.433967 ], [ 2.210663, 41.433599 ], [ 2.210759, 41.433430 ], [ 2.210063, 41.433363 ], [ 2.208924, 41.433249 ], [ 2.207801, 41.433084 ], [ 2.206456, 41.432648 ], [ 2.206124, 41.432540 ], [ 2.206219, 41.432109 ], [ 2.206501, 41.430984 ], [ 2.206617, 41.430669 ], [ 2.207010, 41.429679 ], [ 2.206739, 41.426637 ], [ 2.207770, 41.425012 ], [ 2.209929, 41.424346 ], [ 2.212879, 41.420744 ], [ 2.213716, 41.420311 ], [ 2.213866, 41.420222 ], [ 2.214153, 41.420049 ], [ 2.214393, 41.419892 ], [ 2.215164, 41.419319 ], [ 2.215875, 41.418781 ], [ 2.216496, 41.418310 ], [ 2.216576, 41.418248 ], [ 2.216668, 41.418172 ], [ 2.216729, 41.418116 ], [ 2.219748, 41.415184 ], [ 2.221306, 41.413445 ], [ 2.222908, 41.412919 ], [ 2.228704, 41.412441 ], [ 2.229265, 41.412026 ], [ 2.229459, 41.411870 ], [ 2.229265, 41.411345 ], [ 2.228957, 41.410869 ], [ 2.228712, 41.410492 ], [ 2.228959, 41.410402 ], [ 2.228988, 41.410391 ], [ 2.228994, 41.410386 ], [ 2.229006, 41.410348 ], [ 2.229007, 41.410330 ], [ 2.229000, 41.410313 ], [ 2.228989, 41.410296 ], [ 2.228975, 41.410281 ], [ 2.228954, 41.410264 ], [ 2.228930, 41.410248 ], [ 2.228907, 41.410234 ], [ 2.228514, 41.410023 ], [ 2.228490, 41.410012 ], [ 2.228470, 41.410004 ], [ 2.228448, 41.410001 ], [ 2.228425, 41.410001 ], [ 2.228401, 41.410003 ], [ 2.228367, 41.410007 ], [ 2.228333, 41.410012 ], [ 2.228290, 41.410020 ], [ 2.228248, 41.410029 ], [ 2.228236, 41.410033 ], [ 2.228225, 41.410038 ], [ 2.228123, 41.410081 ], [ 2.228070, 41.410115 ], [ 2.227965, 41.410193 ], [ 2.227957, 41.410201 ], [ 2.227944, 41.410224 ], [ 2.227937, 41.410237 ], [ 2.227936, 41.410250 ], [ 2.227939, 41.410263 ], [ 2.227947, 41.410280 ], [ 2.227956, 41.410295 ], [ 2.227968, 41.410310 ], [ 2.227981, 41.410323 ], [ 2.227991, 41.410334 ], [ 2.228005, 41.410344 ], [ 2.228017, 41.410348 ], [ 2.228030, 41.410348 ], [ 2.228256, 41.410359 ], [ 2.228476, 41.410702 ], [ 2.227954, 41.410887 ], [ 2.227939, 41.410865 ], [ 2.227924, 41.410843 ], [ 2.227878, 41.410774 ], [ 2.227281, 41.410492 ], [ 2.226746, 41.409667 ], [ 2.226634, 41.409234 ], [ 2.226352, 41.408904 ], [ 2.226141, 41.408576 ], [ 2.226118, 41.408536 ], [ 2.225973, 41.407986 ], [ 2.225828, 41.407946 ], [ 2.225471, 41.407383 ], [ 2.225436, 41.407319 ], [ 2.225661, 41.407160 ], [ 2.225779, 41.407089 ], [ 2.225798, 41.407078 ], [ 2.225821, 41.407073 ], [ 2.225834, 41.407076 ], [ 2.225865, 41.407091 ], [ 2.225932, 41.407125 ], [ 2.225968, 41.407145 ], [ 2.225984, 41.407159 ], [ 2.225995, 41.407177 ], [ 2.226009, 41.407214 ], [ 2.226013, 41.407232 ], [ 2.226146, 41.407214 ], [ 2.226215, 41.406810 ], [ 2.226213, 41.406795 ], [ 2.226145, 41.406634 ], [ 2.226137, 41.406626 ], [ 2.226124, 41.406622 ], [ 2.226076, 41.406611 ], [ 2.226027, 41.406607 ], [ 2.225966, 41.406606 ], [ 2.225906, 41.406610 ], [ 2.225881, 41.406614 ], [ 2.225859, 41.406624 ], [ 2.225725, 41.406720 ], [ 2.225661, 41.406769 ], [ 2.225517, 41.406890 ], [ 2.225460, 41.407009 ], [ 2.225464, 41.407015 ], [ 2.225464, 41.407021 ], [ 2.225456, 41.407029 ], [ 2.225447, 41.407037 ], [ 2.225407, 41.407066 ], [ 2.225367, 41.407094 ], [ 2.225055, 41.407311 ], [ 2.224998, 41.407304 ], [ 2.224748, 41.406907 ], [ 2.225298, 41.406533 ], [ 2.225589, 41.406385 ], [ 2.225642, 41.406371 ], [ 2.225721, 41.406309 ], [ 2.225742, 41.406286 ], [ 2.225759, 41.406265 ], [ 2.225771, 41.406242 ], [ 2.225819, 41.406108 ], [ 2.225825, 41.406085 ], [ 2.225826, 41.406061 ], [ 2.225822, 41.406040 ], [ 2.225807, 41.406020 ], [ 2.225785, 41.406004 ], [ 2.225760, 41.405992 ], [ 2.225737, 41.405983 ], [ 2.225713, 41.405975 ], [ 2.225693, 41.405968 ], [ 2.225653, 41.405954 ], [ 2.225632, 41.405947 ], [ 2.225620, 41.405945 ], [ 2.225608, 41.405945 ], [ 2.225552, 41.405950 ], [ 2.225520, 41.405955 ], [ 2.225505, 41.405958 ], [ 2.225491, 41.405964 ], [ 2.225450, 41.405987 ], [ 2.225414, 41.406013 ], [ 2.225309, 41.406098 ], [ 2.225243, 41.406159 ], [ 2.225184, 41.406214 ], [ 2.224614, 41.406405 ], [ 2.224034, 41.406291 ], [ 2.223534, 41.406299 ], [ 2.222912, 41.405818 ], [ 2.221960, 41.405119 ], [ 2.221909, 41.405086 ], [ 2.221878, 41.405086 ], [ 2.221827, 41.405093 ], [ 2.221779, 41.405118 ], [ 2.221768, 41.405179 ], [ 2.221784, 41.405217 ], [ 2.221850, 41.405262 ], [ 2.221890, 41.405295 ], [ 2.221558, 41.405549 ], [ 2.221526, 41.405569 ], [ 2.220907, 41.405161 ], [ 2.221297, 41.404773 ], [ 2.221330, 41.404741 ], [ 2.221423, 41.404652 ], [ 2.221431, 41.404644 ], [ 2.221526, 41.404699 ], [ 2.221741, 41.404488 ], [ 2.221955, 41.404142 ], [ 2.221647, 41.404155 ], [ 2.221294, 41.404421 ], [ 2.220716, 41.404854 ], [ 2.220105, 41.405309 ], [ 2.220084, 41.405316 ], [ 2.220075, 41.405317 ], [ 2.220058, 41.405317 ], [ 2.220041, 41.405315 ], [ 2.219948, 41.405292 ], [ 2.219848, 41.405263 ], [ 2.219758, 41.405235 ], [ 2.218743, 41.404788 ], [ 2.218593, 41.404717 ], [ 2.218562, 41.404700 ], [ 2.218502, 41.404667 ], [ 2.218478, 41.404654 ], [ 2.218369, 41.404582 ], [ 2.218343, 41.404565 ], [ 2.218081, 41.404388 ], [ 2.218046, 41.404362 ], [ 2.218011, 41.404335 ], [ 2.217986, 41.404316 ], [ 2.217888, 41.404229 ], [ 2.217726, 41.404080 ], [ 2.217451, 41.403823 ], [ 2.216894, 41.403269 ], [ 2.216885, 41.403257 ], [ 2.216861, 41.403217 ], [ 2.216856, 41.403208 ], [ 2.216854, 41.403166 ], [ 2.216854, 41.403132 ], [ 2.216903, 41.403097 ], [ 2.216953, 41.403062 ], [ 2.217112, 41.402952 ], [ 2.217326, 41.402810 ], [ 2.217757, 41.402529 ], [ 2.218020, 41.402357 ], [ 2.218284, 41.402186 ], [ 2.218312, 41.402163 ], [ 2.218336, 41.402137 ], [ 2.218347, 41.402119 ], [ 2.218351, 41.402098 ], [ 2.218349, 41.402084 ], [ 2.218341, 41.402067 ], [ 2.218320, 41.402046 ], [ 2.218290, 41.402028 ], [ 2.218267, 41.402017 ], [ 2.218243, 41.402010 ], [ 2.218228, 41.402011 ], [ 2.218206, 41.402016 ], [ 2.218183, 41.402024 ], [ 2.218141, 41.402046 ], [ 2.217877, 41.402220 ], [ 2.217615, 41.402396 ], [ 2.217145, 41.402713 ], [ 2.216958, 41.402838 ], [ 2.216851, 41.402830 ], [ 2.216834, 41.402828 ], [ 2.216818, 41.402826 ], [ 2.216811, 41.402825 ], [ 2.216787, 41.402820 ], [ 2.216752, 41.402811 ], [ 2.216714, 41.402800 ], [ 2.216688, 41.402792 ], [ 2.216666, 41.402785 ], [ 2.216653, 41.402779 ], [ 2.216408, 41.402670 ], [ 2.216388, 41.402660 ], [ 2.216367, 41.402650 ], [ 2.216131, 41.402526 ], [ 2.215985, 41.402442 ], [ 2.215871, 41.402376 ], [ 2.215802, 41.402334 ], [ 2.215790, 41.402326 ], [ 2.215766, 41.402309 ], [ 2.215747, 41.402295 ], [ 2.215736, 41.402287 ], [ 2.215167, 41.401798 ], [ 2.215132, 41.401767 ], [ 2.215031, 41.401665 ], [ 2.214994, 41.401626 ], [ 2.214978, 41.401608 ], [ 2.214969, 41.401597 ], [ 2.214965, 41.401592 ], [ 2.214713, 41.401224 ], [ 2.214253, 41.400534 ], [ 2.214178, 41.400406 ], [ 2.214141, 41.400325 ], [ 2.214108, 41.400251 ], [ 2.214104, 41.400237 ], [ 2.214100, 41.400219 ], [ 2.214100, 41.400165 ], [ 2.214099, 41.400159 ], [ 2.214101, 41.400153 ], [ 2.214105, 41.400141 ], [ 2.214112, 41.400133 ], [ 2.214483, 41.399818 ], [ 2.214781, 41.399576 ], [ 2.214781, 41.399576 ], [ 2.214804, 41.399559 ], [ 2.215084, 41.399357 ], [ 2.215404, 41.399135 ], [ 2.215556, 41.398865 ], [ 2.215548, 41.398613 ], [ 2.215541, 41.398602 ], [ 2.215529, 41.398591 ], [ 2.215507, 41.398579 ], [ 2.215496, 41.398576 ], [ 2.215484, 41.398575 ], [ 2.215451, 41.398581 ], [ 2.215419, 41.398594 ], [ 2.215228, 41.398702 ], [ 2.215118, 41.398789 ], [ 2.214519, 41.399285 ], [ 2.214289, 41.399477 ], [ 2.214284, 41.399489 ], [ 2.214234, 41.399497 ], [ 2.214211, 41.399500 ], [ 2.214204, 41.399501 ], [ 2.214160, 41.399499 ], [ 2.214130, 41.399497 ], [ 2.214111, 41.399496 ], [ 2.214095, 41.399494 ], [ 2.214081, 41.399491 ], [ 2.214055, 41.399486 ], [ 2.213970, 41.399465 ], [ 2.213956, 41.399461 ], [ 2.213932, 41.399453 ], [ 2.213535, 41.399312 ], [ 2.213497, 41.399297 ], [ 2.213342, 41.399233 ], [ 2.213326, 41.399227 ], [ 2.213320, 41.399224 ], [ 2.213127, 41.399128 ], [ 2.212539, 41.398802 ], [ 2.212510, 41.398786 ], [ 2.212476, 41.398764 ], [ 2.212448, 41.398745 ], [ 2.212442, 41.398740 ], [ 2.212431, 41.398732 ], [ 2.212390, 41.398695 ], [ 2.212330, 41.398638 ], [ 2.212012, 41.398308 ], [ 2.211553, 41.397713 ], [ 2.210825, 41.396805 ], [ 2.210800, 41.396768 ], [ 2.210787, 41.396746 ], [ 2.210785, 41.396743 ], [ 2.210734, 41.396652 ], [ 2.210698, 41.396583 ], [ 2.210685, 41.396554 ], [ 2.210669, 41.396511 ], [ 2.210651, 41.396460 ], [ 2.210646, 41.396443 ], [ 2.210637, 41.396401 ], [ 2.210633, 41.396380 ], [ 2.210629, 41.396363 ], [ 2.210627, 41.396345 ], [ 2.210602, 41.396155 ], [ 2.210601, 41.396147 ], [ 2.210601, 41.396144 ], [ 2.210601, 41.396141 ], [ 2.210602, 41.396134 ], [ 2.210605, 41.396124 ], [ 2.210693, 41.396053 ], [ 2.211326, 41.395545 ], [ 2.211621, 41.395346 ], [ 2.211728, 41.395344 ], [ 2.211932, 41.395288 ], [ 2.211945, 41.395283 ], [ 2.211950, 41.395280 ], [ 2.211959, 41.395269 ], [ 2.211965, 41.395259 ], [ 2.211975, 41.395241 ], [ 2.211984, 41.395224 ], [ 2.211992, 41.395206 ], [ 2.211994, 41.395200 ], [ 2.211996, 41.395188 ], [ 2.211995, 41.395183 ], [ 2.211994, 41.395176 ], [ 2.211991, 41.395170 ], [ 2.211985, 41.395156 ], [ 2.211976, 41.395138 ], [ 2.211973, 41.395133 ], [ 2.211969, 41.395127 ], [ 2.211961, 41.395117 ], [ 2.211943, 41.395096 ], [ 2.211929, 41.395079 ], [ 2.211920, 41.395070 ], [ 2.211909, 41.395061 ], [ 2.211896, 41.395051 ], [ 2.211882, 41.395041 ], [ 2.211870, 41.395033 ], [ 2.211864, 41.395030 ], [ 2.211851, 41.395023 ], [ 2.211774, 41.394984 ], [ 2.211760, 41.394978 ], [ 2.211747, 41.394973 ], [ 2.211740, 41.394971 ], [ 2.211733, 41.394970 ], [ 2.211724, 41.394970 ], [ 2.211716, 41.394970 ], [ 2.211701, 41.394972 ], [ 2.211695, 41.394973 ], [ 2.211687, 41.394975 ], [ 2.211680, 41.394977 ], [ 2.211664, 41.394983 ], [ 2.211651, 41.394988 ], [ 2.211645, 41.394992 ], [ 2.211632, 41.395000 ], [ 2.211618, 41.395009 ], [ 2.211607, 41.395017 ], [ 2.211602, 41.395021 ], [ 2.211580, 41.395041 ], [ 2.211563, 41.395056 ], [ 2.211555, 41.395065 ], [ 2.211478, 41.395153 ], [ 2.211285, 41.395015 ], [ 2.211525, 41.394888 ], [ 2.211532, 41.394885 ], [ 2.211538, 41.394881 ], [ 2.211548, 41.394873 ], [ 2.211552, 41.394869 ], [ 2.211555, 41.394865 ], [ 2.211559, 41.394860 ], [ 2.211565, 41.394850 ], [ 2.211571, 41.394840 ], [ 2.211576, 41.394829 ], [ 2.211580, 41.394818 ], [ 2.211582, 41.394807 ], [ 2.211583, 41.394800 ], [ 2.211583, 41.394793 ], [ 2.211580, 41.394782 ], [ 2.211577, 41.394778 ], [ 2.211571, 41.394773 ], [ 2.211565, 41.394768 ], [ 2.211558, 41.394763 ], [ 2.211470, 41.394721 ], [ 2.211377, 41.394687 ], [ 2.211127, 41.394738 ], [ 2.211047, 41.394852 ], [ 2.210994, 41.394968 ], [ 2.209874, 41.395801 ], [ 2.209795, 41.395793 ], [ 2.209779, 41.395790 ], [ 2.209747, 41.395784 ], [ 2.209699, 41.395773 ], [ 2.209648, 41.395760 ], [ 2.209355, 41.395676 ], [ 2.209290, 41.395656 ], [ 2.209171, 41.395616 ], [ 2.209157, 41.395610 ], [ 2.208938, 41.395526 ], [ 2.208873, 41.395497 ], [ 2.208776, 41.395447 ], [ 2.208681, 41.395395 ], [ 2.208595, 41.395348 ], [ 2.208448, 41.395258 ], [ 2.208403, 41.395228 ], [ 2.208339, 41.395182 ], [ 2.208206, 41.395078 ], [ 2.208032, 41.394935 ], [ 2.207963, 41.394874 ], [ 2.207853, 41.394769 ], [ 2.207735, 41.394650 ], [ 2.207508, 41.394399 ], [ 2.207153, 41.393998 ], [ 2.207140, 41.393983 ], [ 2.206709, 41.393454 ], [ 2.206124, 41.392750 ], [ 2.205983, 41.392594 ], [ 2.205793, 41.392372 ], [ 2.205556, 41.392089 ], [ 2.205533, 41.392061 ], [ 2.205525, 41.392052 ], [ 2.205506, 41.392023 ], [ 2.205472, 41.391970 ], [ 2.205422, 41.391882 ], [ 2.205416, 41.391871 ], [ 2.205392, 41.391821 ], [ 2.205340, 41.391705 ], [ 2.205334, 41.391688 ], [ 2.205325, 41.391661 ], [ 2.205317, 41.391630 ], [ 2.205315, 41.391619 ], [ 2.205310, 41.391567 ], [ 2.205748, 41.391202 ], [ 2.206012, 41.391014 ], [ 2.206018, 41.391016 ], [ 2.206031, 41.391015 ], [ 2.206037, 41.391014 ], [ 2.206039, 41.391014 ], [ 2.206042, 41.391013 ], [ 2.206048, 41.391012 ], [ 2.206063, 41.391007 ], [ 2.206070, 41.391005 ], [ 2.206077, 41.391002 ], [ 2.206083, 41.391000 ], [ 2.206216, 41.390944 ], [ 2.206231, 41.390938 ], [ 2.206231, 41.390938 ], [ 2.206237, 41.390935 ], [ 2.206257, 41.390924 ], [ 2.206341, 41.390875 ], [ 2.206348, 41.390870 ], [ 2.206353, 41.390866 ], [ 2.206353, 41.390866 ], [ 2.206357, 41.390861 ], [ 2.206358, 41.390861 ], [ 2.206364, 41.390851 ], [ 2.206370, 41.390839 ], [ 2.206375, 41.390826 ], [ 2.206377, 41.390820 ], [ 2.206380, 41.390813 ], [ 2.206383, 41.390801 ], [ 2.206383, 41.390801 ], [ 2.206384, 41.390795 ], [ 2.206384, 41.390795 ], [ 2.206385, 41.390784 ], [ 2.206385, 41.390781 ], [ 2.206385, 41.390777 ], [ 2.206383, 41.390763 ], [ 2.206381, 41.390751 ], [ 2.206380, 41.390745 ], [ 2.206376, 41.390735 ], [ 2.206370, 41.390722 ], [ 2.206370, 41.390722 ], [ 2.206363, 41.390710 ], [ 2.206362, 41.390708 ], [ 2.206360, 41.390706 ], [ 2.206353, 41.390699 ], [ 2.206351, 41.390696 ], [ 2.206348, 41.390694 ], [ 2.206345, 41.390691 ], [ 2.206237, 41.390623 ], [ 2.206173, 41.390612 ], [ 2.206063, 41.390621 ], [ 2.205886, 41.390760 ], [ 2.205377, 41.391225 ], [ 2.204865, 41.391668 ], [ 2.204565, 41.391445 ], [ 2.205113, 41.391132 ], [ 2.205806, 41.390657 ], [ 2.205825, 41.390643 ], [ 2.205835, 41.390635 ], [ 2.205849, 41.390620 ], [ 2.205865, 41.390603 ], [ 2.205865, 41.390603 ], [ 2.205866, 41.390602 ], [ 2.205883, 41.390581 ], [ 2.205914, 41.390541 ], [ 2.205926, 41.390522 ], [ 2.205933, 41.390512 ], [ 2.205933, 41.390512 ], [ 2.205939, 41.390501 ], [ 2.205945, 41.390487 ], [ 2.205948, 41.390481 ], [ 2.205950, 41.390474 ], [ 2.205951, 41.390463 ], [ 2.205956, 41.390387 ], [ 2.205955, 41.390383 ], [ 2.205954, 41.390377 ], [ 2.205954, 41.390377 ], [ 2.205951, 41.390371 ], [ 2.205947, 41.390366 ], [ 2.205919, 41.390326 ], [ 2.205919, 41.390325 ], [ 2.205914, 41.390319 ], [ 2.205912, 41.390317 ], [ 2.205909, 41.390313 ], [ 2.205899, 41.390304 ], [ 2.205895, 41.390302 ], [ 2.205893, 41.390301 ], [ 2.205886, 41.390298 ], [ 2.205877, 41.390295 ], [ 2.205869, 41.390292 ], [ 2.205860, 41.390290 ], [ 2.205851, 41.390288 ], [ 2.205835, 41.390285 ], [ 2.205835, 41.390285 ], [ 2.205828, 41.390285 ], [ 2.205828, 41.390285 ], [ 2.205820, 41.390285 ], [ 2.205815, 41.390286 ], [ 2.205811, 41.390286 ], [ 2.205801, 41.390287 ], [ 2.205783, 41.390289 ], [ 2.205768, 41.390292 ], [ 2.205763, 41.390294 ], [ 2.205754, 41.390297 ], [ 2.205746, 41.390299 ], [ 2.205731, 41.390306 ], [ 2.205724, 41.390309 ], [ 2.205713, 41.390316 ], [ 2.205637, 41.390424 ], [ 2.205649, 41.390464 ], [ 2.205655, 41.390470 ], [ 2.205565, 41.390538 ], [ 2.205216, 41.390802 ], [ 2.205006, 41.390959 ], [ 2.204982, 41.390977 ], [ 2.204604, 41.391214 ], [ 2.204463, 41.391195 ], [ 2.204448, 41.391193 ], [ 2.204448, 41.391193 ], [ 2.204447, 41.391193 ], [ 2.204405, 41.391184 ], [ 2.204339, 41.391167 ], [ 2.204338, 41.391167 ], [ 2.204325, 41.391164 ], [ 2.204174, 41.391125 ], [ 2.204127, 41.391112 ], [ 2.204051, 41.391089 ], [ 2.203948, 41.391055 ], [ 2.203934, 41.391050 ], [ 2.203555, 41.390911 ], [ 2.203458, 41.390874 ], [ 2.203396, 41.390849 ], [ 2.203321, 41.390815 ], [ 2.203321, 41.390815 ], [ 2.203318, 41.390814 ], [ 2.203188, 41.390752 ], [ 2.203168, 41.390742 ], [ 2.202710, 41.390497 ], [ 2.202646, 41.390460 ], [ 2.202646, 41.390460 ], [ 2.202552, 41.390402 ], [ 2.202549, 41.390400 ], [ 2.202534, 41.390390 ], [ 2.202396, 41.390294 ], [ 2.202253, 41.390193 ], [ 2.202138, 41.390109 ], [ 2.202112, 41.390088 ], [ 2.202112, 41.390088 ], [ 2.202092, 41.390068 ], [ 2.202065, 41.390038 ], [ 2.201873, 41.389811 ], [ 2.201740, 41.389613 ], [ 2.201587, 41.389337 ], [ 2.201308, 41.388785 ], [ 2.202759, 41.387688 ], [ 2.202806, 41.387691 ], [ 2.202828, 41.387694 ], [ 2.202849, 41.387702 ], [ 2.202877, 41.387716 ], [ 2.202902, 41.387732 ], [ 2.202923, 41.387746 ], [ 2.202944, 41.387761 ], [ 2.202966, 41.387780 ], [ 2.203216, 41.387891 ], [ 2.203616, 41.387413 ], [ 2.203490, 41.387196 ], [ 2.203358, 41.386981 ], [ 2.203218, 41.386768 ], [ 2.203072, 41.386559 ], [ 2.202919, 41.386352 ], [ 2.202759, 41.386147 ], [ 2.202592, 41.385946 ], [ 2.202420, 41.385748 ], [ 2.202241, 41.385554 ], [ 2.202055, 41.385362 ], [ 2.201864, 41.385174 ], [ 2.201666, 41.384990 ], [ 2.201427, 41.384769 ], [ 2.201274, 41.384636 ], [ 2.201115, 41.384507 ], [ 2.200951, 41.384382 ], [ 2.200886, 41.384336 ], [ 2.200781, 41.384260 ], [ 2.200606, 41.384144 ], [ 2.200427, 41.384031 ], [ 2.200242, 41.383923 ], [ 2.200053, 41.383819 ], [ 2.200300, 41.383882 ], [ 2.200499, 41.383979 ], [ 2.200511, 41.383985 ], [ 2.200527, 41.383992 ], [ 2.200544, 41.383999 ], [ 2.200551, 41.384001 ], [ 2.200566, 41.384006 ], [ 2.200574, 41.384007 ], [ 2.200582, 41.384002 ], [ 2.200690, 41.383848 ], [ 2.200691, 41.383843 ], [ 2.200689, 41.383837 ], [ 2.200668, 41.383813 ], [ 2.200661, 41.383808 ], [ 2.200066, 41.383448 ], [ 2.200044, 41.383436 ], [ 2.199966, 41.383402 ], [ 2.199886, 41.383372 ], [ 2.199749, 41.383326 ], [ 2.199740, 41.383325 ], [ 2.199730, 41.383324 ], [ 2.199655, 41.383324 ], [ 2.199644, 41.383324 ], [ 2.199633, 41.383324 ], [ 2.199622, 41.383325 ], [ 2.199510, 41.383338 ], [ 2.199438, 41.383349 ], [ 2.199337, 41.383371 ], [ 2.199289, 41.383386 ], [ 2.199208, 41.383418 ], [ 2.199116, 41.383458 ], [ 2.199003, 41.383516 ], [ 2.198994, 41.383522 ], [ 2.198982, 41.383530 ], [ 2.198971, 41.383538 ], [ 2.198864, 41.383620 ], [ 2.198858, 41.383626 ], [ 2.198854, 41.383633 ], [ 2.198851, 41.383652 ], [ 2.198853, 41.383659 ], [ 2.198860, 41.383665 ], [ 2.199657, 41.384037 ], [ 2.200027, 41.384102 ], [ 2.200191, 41.384195 ], [ 2.200351, 41.384294 ], [ 2.200505, 41.384397 ], [ 2.200654, 41.384503 ], [ 2.200798, 41.384614 ], [ 2.200926, 41.384720 ], [ 2.201135, 41.384893 ], [ 2.201338, 41.385069 ], [ 2.201535, 41.385250 ], [ 2.201726, 41.385434 ], [ 2.201911, 41.385621 ], [ 2.202090, 41.385812 ], [ 2.202262, 41.386006 ], [ 2.202428, 41.386203 ], [ 2.202588, 41.386403 ], [ 2.202599, 41.386418 ], [ 2.202738, 41.386610 ], [ 2.202621, 41.386698 ], [ 2.202403, 41.386862 ], [ 2.202092, 41.386645 ], [ 2.201201, 41.385977 ], [ 2.201410, 41.385819 ], [ 2.201128, 41.385599 ], [ 2.200845, 41.385386 ], [ 2.200594, 41.385569 ], [ 2.200302, 41.385786 ], [ 2.200201, 41.385869 ], [ 2.200673, 41.386228 ], [ 2.201530, 41.386872 ], [ 2.201956, 41.387191 ], [ 2.200453, 41.388325 ], [ 2.200210, 41.388327 ], [ 2.198307, 41.386895 ], [ 2.198309, 41.386715 ], [ 2.199484, 41.385829 ], [ 2.199587, 41.385699 ], [ 2.199982, 41.385188 ], [ 2.199876, 41.385099 ], [ 2.199764, 41.385014 ], [ 2.199647, 41.384933 ], [ 2.199524, 41.384856 ], [ 2.199397, 41.384784 ], [ 2.199266, 41.384717 ], [ 2.199130, 41.384655 ], [ 2.199092, 41.384638 ], [ 2.199043, 41.384673 ], [ 2.199048, 41.384676 ], [ 2.198674, 41.384959 ], [ 2.197504, 41.384514 ], [ 2.197088, 41.384349 ], [ 2.197025, 41.384323 ], [ 2.196982, 41.384304 ], [ 2.196850, 41.384239 ], [ 2.196706, 41.384168 ], [ 2.196679, 41.384153 ], [ 2.196667, 41.384146 ], [ 2.196647, 41.384132 ], [ 2.196424, 41.383975 ], [ 2.196413, 41.383967 ], [ 2.196255, 41.383847 ], [ 2.196145, 41.383760 ], [ 2.196107, 41.383728 ], [ 2.196087, 41.383709 ], [ 2.196073, 41.383694 ], [ 2.195632, 41.383210 ], [ 2.195615, 41.383189 ], [ 2.195603, 41.383174 ], [ 2.195577, 41.383137 ], [ 2.195505, 41.383031 ], [ 2.195421, 41.382896 ], [ 2.195362, 41.382795 ], [ 2.195348, 41.382766 ], [ 2.195332, 41.382730 ], [ 2.195288, 41.382615 ], [ 2.195243, 41.382496 ], [ 2.195220, 41.382423 ], [ 2.195208, 41.382378 ], [ 2.195205, 41.382367 ], [ 2.195193, 41.382301 ], [ 2.195186, 41.382246 ], [ 2.195183, 41.382209 ], [ 2.195180, 41.382144 ], [ 2.195180, 41.382113 ], [ 2.195180, 41.382095 ], [ 2.195185, 41.382038 ], [ 2.195191, 41.381994 ], [ 2.195195, 41.381970 ], [ 2.195198, 41.381958 ], [ 2.195210, 41.381918 ], [ 2.195229, 41.381859 ], [ 2.195249, 41.381808 ], [ 2.195254, 41.381797 ], [ 2.195263, 41.381777 ], [ 2.195275, 41.381756 ], [ 2.195287, 41.381735 ], [ 2.195295, 41.381723 ], [ 2.195302, 41.381713 ], [ 2.195311, 41.381702 ], [ 2.195322, 41.381691 ], [ 2.195334, 41.381679 ], [ 2.195348, 41.381668 ], [ 2.195360, 41.381657 ], [ 2.195372, 41.381649 ], [ 2.195377, 41.381645 ], [ 2.195390, 41.381637 ], [ 2.195404, 41.381628 ], [ 2.195428, 41.381616 ], [ 2.195450, 41.381604 ], [ 2.195463, 41.381599 ], [ 2.195470, 41.381596 ], [ 2.195477, 41.381594 ], [ 2.195494, 41.381589 ], [ 2.195502, 41.381587 ], [ 2.195511, 41.381586 ], [ 2.195525, 41.381584 ], [ 2.195527, 41.381595 ], [ 2.195534, 41.381620 ], [ 2.195539, 41.381634 ], [ 2.195545, 41.381645 ], [ 2.195548, 41.381650 ], [ 2.195552, 41.381654 ], [ 2.195558, 41.381659 ], [ 2.195563, 41.381664 ], [ 2.195574, 41.381671 ], [ 2.195580, 41.381673 ], [ 2.195587, 41.381676 ], [ 2.195595, 41.381677 ], [ 2.195603, 41.381679 ], [ 2.195617, 41.381681 ], [ 2.195668, 41.381684 ], [ 2.195696, 41.381685 ], [ 2.195713, 41.381684 ], [ 2.195728, 41.381683 ], [ 2.195736, 41.381682 ], [ 2.195744, 41.381680 ], [ 2.195753, 41.381678 ], [ 2.195771, 41.381673 ], [ 2.195917, 41.381628 ], [ 2.197089, 41.381253 ], [ 2.197011, 41.381050 ], [ 2.196477, 41.381241 ], [ 2.195845, 41.381430 ], [ 2.195801, 41.381439 ], [ 2.195755, 41.381445 ], [ 2.195722, 41.381446 ], [ 2.195688, 41.381445 ], [ 2.195668, 41.381444 ], [ 2.195650, 41.381439 ], [ 2.195640, 41.381433 ], [ 2.195626, 41.381422 ], [ 2.195610, 41.381408 ], [ 2.195571, 41.381347 ], [ 2.195395, 41.381065 ], [ 2.195398, 41.381053 ], [ 2.195401, 41.381042 ], [ 2.195408, 41.381025 ], [ 2.195419, 41.381010 ], [ 2.195441, 41.380988 ], [ 2.195469, 41.380971 ], [ 2.195507, 41.380954 ], [ 2.195546, 41.380939 ], [ 2.196686, 41.380539 ], [ 2.196548, 41.380352 ], [ 2.196090, 41.380550 ], [ 2.194632, 41.381096 ], [ 2.194574, 41.381077 ], [ 2.194559, 41.381071 ], [ 2.194532, 41.381058 ], [ 2.194509, 41.381045 ], [ 2.194488, 41.381033 ], [ 2.194476, 41.381026 ], [ 2.194458, 41.381013 ], [ 2.194430, 41.380992 ], [ 2.194430, 41.380992 ], [ 2.194404, 41.380970 ], [ 2.194009, 41.380642 ], [ 2.193979, 41.380617 ], [ 2.193933, 41.380576 ], [ 2.193867, 41.380518 ], [ 2.193728, 41.380387 ], [ 2.193633, 41.380293 ], [ 2.193587, 41.380245 ], [ 2.193550, 41.380201 ], [ 2.193481, 41.380112 ], [ 2.193376, 41.379966 ], [ 2.193283, 41.379832 ], [ 2.193195, 41.379695 ], [ 2.193111, 41.379555 ], [ 2.193032, 41.379417 ], [ 2.193032, 41.379417 ], [ 2.192945, 41.379264 ], [ 2.192945, 41.379264 ], [ 2.192792, 41.378987 ], [ 2.192742, 41.378887 ], [ 2.192707, 41.378808 ], [ 2.192702, 41.378797 ], [ 2.192669, 41.378708 ], [ 2.192652, 41.378659 ], [ 2.192640, 41.378622 ], [ 2.192614, 41.378527 ], [ 2.192581, 41.378387 ], [ 2.192579, 41.378379 ], [ 2.192578, 41.378375 ], [ 2.192564, 41.378290 ], [ 2.192551, 41.378193 ], [ 2.192551, 41.378187 ], [ 2.192550, 41.378162 ], [ 2.192550, 41.378073 ], [ 2.192551, 41.378014 ], [ 2.192555, 41.377873 ], [ 2.192558, 41.377828 ], [ 2.192571, 41.377701 ], [ 2.192574, 41.377683 ], [ 2.192578, 41.377656 ], [ 2.192579, 41.377652 ], [ 2.192581, 41.377645 ], [ 2.192584, 41.377632 ], [ 2.192586, 41.377625 ], [ 2.192598, 41.377589 ], [ 2.192620, 41.377530 ], [ 2.192620, 41.377529 ], [ 2.192649, 41.377458 ], [ 2.192649, 41.377458 ], [ 2.192653, 41.377449 ], [ 2.192670, 41.377410 ], [ 2.192682, 41.377387 ], [ 2.192692, 41.377371 ], [ 2.192711, 41.377339 ], [ 2.192716, 41.377332 ], [ 2.192716, 41.377332 ], [ 2.192721, 41.377324 ], [ 2.192305, 41.376831 ], [ 2.192206, 41.376782 ], [ 2.192157, 41.376756 ], [ 2.192070, 41.376708 ], [ 2.192070, 41.376708 ], [ 2.192030, 41.376684 ], [ 2.192028, 41.376683 ], [ 2.192025, 41.376681 ], [ 2.191993, 41.376659 ], [ 2.191754, 41.376492 ], [ 2.191731, 41.376475 ], [ 2.191709, 41.376458 ], [ 2.191659, 41.376415 ], [ 2.191602, 41.376363 ], [ 2.191554, 41.376317 ], [ 2.191485, 41.376246 ], [ 2.191457, 41.376215 ], [ 2.191440, 41.376194 ], [ 2.191439, 41.376192 ], [ 2.191412, 41.376156 ], [ 2.191352, 41.376070 ], [ 2.191338, 41.376048 ], [ 2.191245, 41.375900 ], [ 2.191231, 41.375877 ], [ 2.191171, 41.375764 ], [ 2.190554, 41.374689 ], [ 2.190125, 41.373715 ], [ 2.189666, 41.372630 ], [ 2.189647, 41.372581 ], [ 2.189629, 41.372524 ], [ 2.189501, 41.372073 ], [ 2.189492, 41.372029 ], [ 2.189450, 41.371806 ], [ 2.189408, 41.371544 ], [ 2.189406, 41.371526 ], [ 2.189382, 41.371272 ], [ 2.189366, 41.371020 ], [ 2.189365, 41.370983 ], [ 2.189368, 41.370735 ], [ 2.189370, 41.370697 ], [ 2.189383, 41.370510 ], [ 2.189387, 41.370480 ], [ 2.189396, 41.370423 ], [ 2.189403, 41.370392 ], [ 2.189411, 41.370362 ], [ 2.189431, 41.370298 ], [ 2.189450, 41.370248 ], [ 2.189452, 41.370243 ], [ 2.189456, 41.370238 ], [ 2.189460, 41.370232 ], [ 2.189941, 41.369674 ], [ 2.189964, 41.369654 ], [ 2.189996, 41.369634 ], [ 2.190028, 41.369615 ], [ 2.190062, 41.369594 ], [ 2.190109, 41.369572 ], [ 2.190161, 41.369557 ], [ 2.190428, 41.369494 ], [ 2.190587, 41.369457 ], [ 2.190687, 41.369435 ], [ 2.190788, 41.369413 ], [ 2.190817, 41.369411 ], [ 2.191014, 41.369414 ], [ 2.191133, 41.369430 ], [ 2.191153, 41.369434 ], [ 2.191165, 41.369439 ], [ 2.191175, 41.369447 ], [ 2.191190, 41.369465 ], [ 2.191322, 41.369672 ], [ 2.191351, 41.369727 ], [ 2.191350, 41.369805 ], [ 2.191443, 41.369933 ], [ 2.191463, 41.369956 ], [ 2.191480, 41.369970 ], [ 2.191497, 41.369980 ], [ 2.191516, 41.369987 ], [ 2.191555, 41.369995 ], [ 2.191603, 41.370000 ], [ 2.191652, 41.369999 ], [ 2.191684, 41.369994 ], [ 2.191722, 41.369983 ], [ 2.191758, 41.369968 ], [ 2.191781, 41.369954 ], [ 2.191802, 41.369938 ], [ 2.191820, 41.369921 ], [ 2.191848, 41.369884 ], [ 2.191854, 41.369871 ], [ 2.191855, 41.369857 ], [ 2.191852, 41.369848 ], [ 2.191475, 41.369215 ], [ 2.191125, 41.368647 ], [ 2.190336, 41.367428 ], [ 2.189416, 41.366004 ], [ 2.188674, 41.364852 ], [ 2.187836, 41.363538 ], [ 2.187475, 41.362697 ], [ 2.187143, 41.361908 ], [ 2.186847, 41.361590 ], [ 2.186682, 41.361168 ], [ 2.186573, 41.360885 ], [ 2.186204, 41.359931 ], [ 2.185764, 41.358763 ], [ 2.185362, 41.357734 ], [ 2.184594, 41.357898 ], [ 2.184662, 41.358062 ], [ 2.185039, 41.357978 ], [ 2.185056, 41.357975 ], [ 2.185280, 41.358116 ], [ 2.185549, 41.358817 ], [ 2.186443, 41.361159 ], [ 2.186984, 41.362719 ], [ 2.187056, 41.362937 ], [ 2.186512, 41.363052 ], [ 2.186637, 41.363389 ], [ 2.186770, 41.363423 ], [ 2.186978, 41.363478 ], [ 2.187243, 41.363548 ], [ 2.187250, 41.363550 ], [ 2.187287, 41.363559 ], [ 2.189239, 41.366571 ], [ 2.188993, 41.366869 ], [ 2.187956, 41.367248 ], [ 2.187680, 41.366794 ], [ 2.187660, 41.366763 ], [ 2.187287, 41.366154 ], [ 2.186786, 41.365339 ], [ 2.186762, 41.365304 ], [ 2.186180, 41.364359 ], [ 2.186731, 41.364169 ], [ 2.186708, 41.364121 ], [ 2.186705, 41.364115 ], [ 2.186700, 41.364109 ], [ 2.186672, 41.364070 ], [ 2.186662, 41.364058 ], [ 2.186653, 41.364048 ], [ 2.186649, 41.364044 ], [ 2.186637, 41.364036 ], [ 2.186629, 41.364032 ], [ 2.186621, 41.364028 ], [ 2.186614, 41.364025 ], [ 2.186607, 41.364022 ], [ 2.186593, 41.364020 ], [ 2.186585, 41.364019 ], [ 2.186577, 41.364019 ], [ 2.186570, 41.364019 ], [ 2.186563, 41.364020 ], [ 2.186549, 41.364023 ], [ 2.186532, 41.364028 ], [ 2.186474, 41.364048 ], [ 2.186180, 41.364154 ], [ 2.186131, 41.364172 ], [ 2.186103, 41.364184 ], [ 2.186091, 41.364191 ], [ 2.186084, 41.364195 ], [ 2.186070, 41.364205 ], [ 2.185461, 41.364651 ], [ 2.185258, 41.364970 ], [ 2.184935, 41.365259 ], [ 2.184930, 41.365629 ], [ 2.184976, 41.365673 ], [ 2.185088, 41.365704 ], [ 2.185134, 41.365688 ], [ 2.185637, 41.365689 ], [ 2.186674, 41.366909 ], [ 2.186967, 41.368290 ], [ 2.186879, 41.368300 ], [ 2.186904, 41.368431 ], [ 2.187153, 41.369733 ], [ 2.187187, 41.369912 ], [ 2.187205, 41.370006 ], [ 2.186355, 41.370105 ], [ 2.186171, 41.370127 ], [ 2.185886, 41.368585 ], [ 2.185866, 41.368481 ], [ 2.185865, 41.368473 ], [ 2.185896, 41.368459 ], [ 2.185951, 41.368427 ], [ 2.185982, 41.368386 ], [ 2.185989, 41.368371 ], [ 2.185997, 41.368352 ], [ 2.185996, 41.368339 ], [ 2.185994, 41.368292 ], [ 2.185991, 41.368254 ], [ 2.185991, 41.368252 ], [ 2.185951, 41.368021 ], [ 2.185816, 41.368025 ], [ 2.185674, 41.368038 ], [ 2.185239, 41.368092 ], [ 2.185202, 41.368483 ], [ 2.184754, 41.368522 ], [ 2.184729, 41.368524 ], [ 2.184721, 41.368525 ], [ 2.184692, 41.368532 ], [ 2.184666, 41.368544 ], [ 2.184646, 41.368560 ], [ 2.184631, 41.368580 ], [ 2.184623, 41.368602 ], [ 2.184623, 41.368624 ], [ 2.184781, 41.369452 ], [ 2.184957, 41.370399 ], [ 2.184925, 41.370413 ], [ 2.184652, 41.370435 ], [ 2.184640, 41.370436 ], [ 2.184613, 41.370443 ], [ 2.184589, 41.370455 ], [ 2.184570, 41.370471 ], [ 2.184557, 41.370491 ], [ 2.184552, 41.370512 ], [ 2.184554, 41.370534 ], [ 2.184601, 41.370832 ], [ 2.184776, 41.371837 ], [ 2.185804, 41.371741 ], [ 2.185832, 41.371907 ], [ 2.186147, 41.372381 ], [ 2.186210, 41.372375 ], [ 2.187398, 41.372273 ], [ 2.187543, 41.373155 ], [ 2.187532, 41.373156 ], [ 2.187107, 41.373200 ], [ 2.187057, 41.373215 ], [ 2.186890, 41.373266 ], [ 2.186822, 41.373287 ], [ 2.187248, 41.374093 ], [ 2.187493, 41.374552 ], [ 2.186669, 41.374812 ], [ 2.185946, 41.374540 ], [ 2.185880, 41.374135 ], [ 2.185868, 41.374053 ], [ 2.185758, 41.373348 ], [ 2.185649, 41.372650 ], [ 2.185640, 41.372632 ], [ 2.185624, 41.372615 ], [ 2.185603, 41.372603 ], [ 2.185578, 41.372595 ], [ 2.185550, 41.372592 ], [ 2.185040, 41.372634 ], [ 2.184894, 41.372648 ], [ 2.184239, 41.372952 ], [ 2.184308, 41.373032 ], [ 2.184882, 41.372772 ], [ 2.184936, 41.372789 ], [ 2.184993, 41.373130 ], [ 2.185010, 41.373232 ], [ 2.185063, 41.373577 ], [ 2.185071, 41.373638 ], [ 2.185134, 41.374025 ], [ 2.185143, 41.374081 ], [ 2.185206, 41.374475 ], [ 2.185277, 41.374921 ], [ 2.185202, 41.375087 ], [ 2.185841, 41.375281 ], [ 2.186437, 41.375588 ], [ 2.186883, 41.376012 ], [ 2.187179, 41.377185 ], [ 2.187189, 41.377225 ], [ 2.186439, 41.377329 ], [ 2.186439, 41.377410 ], [ 2.186439, 41.377410 ], [ 2.187250, 41.377598 ], [ 2.187110, 41.377958 ], [ 2.186857, 41.378607 ], [ 2.186639, 41.379165 ], [ 2.185116, 41.378817 ], [ 2.185098, 41.378872 ], [ 2.185547, 41.378973 ], [ 2.186620, 41.379216 ], [ 2.186451, 41.379649 ], [ 2.185942, 41.379769 ], [ 2.185477, 41.379711 ], [ 2.185603, 41.379739 ], [ 2.185985, 41.379826 ], [ 2.185926, 41.380094 ], [ 2.185918, 41.380109 ], [ 2.185579, 41.380271 ], [ 2.185538, 41.380288 ], [ 2.185120, 41.380490 ], [ 2.184662, 41.380673 ], [ 2.184431, 41.380622 ], [ 2.183670, 41.380441 ], [ 2.184197, 41.379086 ], [ 2.185014, 41.376983 ], [ 2.184960, 41.376733 ], [ 2.183319, 41.374662 ], [ 2.183054, 41.374335 ], [ 2.182923, 41.374313 ], [ 2.182292, 41.374325 ], [ 2.181432, 41.374726 ], [ 2.181332, 41.374773 ], [ 2.181237, 41.374825 ], [ 2.181146, 41.374881 ], [ 2.181094, 41.375027 ], [ 2.181093, 41.375038 ], [ 2.181093, 41.375045 ], [ 2.181100, 41.375052 ], [ 2.181112, 41.375054 ], [ 2.181195, 41.375019 ], [ 2.181423, 41.374923 ], [ 2.181651, 41.374884 ], [ 2.181491, 41.375355 ], [ 2.182258, 41.376314 ], [ 2.183105, 41.377372 ], [ 2.183257, 41.377549 ], [ 2.182514, 41.379461 ], [ 2.182307, 41.379553 ], [ 2.181562, 41.378617 ], [ 2.180651, 41.377476 ], [ 2.180163, 41.376866 ], [ 2.179709, 41.376299 ], [ 2.179523, 41.376069 ], [ 2.179559, 41.375806 ], [ 2.180295, 41.375430 ], [ 2.180881, 41.375152 ], [ 2.180893, 41.375125 ], [ 2.180899, 41.375112 ], [ 2.180950, 41.374968 ], [ 2.180921, 41.374974 ], [ 2.180868, 41.374990 ], [ 2.180142, 41.375280 ], [ 2.180079, 41.375305 ], [ 2.180021, 41.375335 ], [ 2.179967, 41.375370 ], [ 2.179947, 41.375386 ], [ 2.179926, 41.375412 ], [ 2.179912, 41.375440 ], [ 2.179905, 41.375470 ], [ 2.179905, 41.375500 ], [ 2.179913, 41.375529 ], [ 2.179515, 41.375715 ], [ 2.179194, 41.375660 ], [ 2.179183, 41.375649 ], [ 2.177980, 41.374139 ], [ 2.178125, 41.373817 ], [ 2.181093, 41.372476 ], [ 2.182966, 41.371620 ], [ 2.182987, 41.371608 ], [ 2.183003, 41.371592 ], [ 2.183012, 41.371573 ], [ 2.183013, 41.371553 ], [ 2.183007, 41.371533 ], [ 2.182997, 41.371520 ], [ 2.182114, 41.370412 ], [ 2.182100, 41.370395 ], [ 2.182080, 41.370382 ], [ 2.182056, 41.370374 ], [ 2.182030, 41.370371 ], [ 2.182004, 41.370374 ], [ 2.181980, 41.370382 ], [ 2.180316, 41.371138 ], [ 2.178438, 41.371992 ], [ 2.177956, 41.372211 ], [ 2.177663, 41.372344 ], [ 2.177619, 41.372360 ], [ 2.177093, 41.372145 ], [ 2.176916, 41.370958 ], [ 2.176752, 41.369847 ], [ 2.177107, 41.369822 ], [ 2.177039, 41.369360 ], [ 2.176684, 41.369388 ], [ 2.176397, 41.367423 ], [ 2.176519, 41.367131 ], [ 2.178276, 41.366489 ], [ 2.179672, 41.365979 ], [ 2.179822, 41.366219 ], [ 2.180689, 41.365892 ], [ 2.180713, 41.365880 ], [ 2.180732, 41.365863 ], [ 2.180745, 41.365843 ], [ 2.180750, 41.365821 ], [ 2.180748, 41.365799 ], [ 2.180738, 41.365778 ], [ 2.180560, 41.365497 ], [ 2.180493, 41.365393 ], [ 2.180322, 41.365125 ], [ 2.179693, 41.364138 ], [ 2.179319, 41.363560 ], [ 2.178993, 41.363679 ], [ 2.179275, 41.364121 ], [ 2.175976, 41.365326 ], [ 2.175385, 41.364554 ], [ 2.174673, 41.363611 ], [ 2.173604, 41.362214 ], [ 2.173472, 41.362036 ], [ 2.173691, 41.361648 ], [ 2.176161, 41.360736 ], [ 2.176178, 41.360763 ], [ 2.176741, 41.360553 ], [ 2.176124, 41.359610 ], [ 2.175487, 41.358665 ], [ 2.175484, 41.358661 ], [ 2.175466, 41.358644 ], [ 2.175442, 41.358630 ], [ 2.175415, 41.358621 ], [ 2.175385, 41.358618 ], [ 2.175356, 41.358620 ], [ 2.175328, 41.358628 ], [ 2.172035, 41.359842 ], [ 2.170935, 41.360250 ], [ 2.169896, 41.358649 ], [ 2.171162, 41.357798 ], [ 2.172329, 41.357014 ], [ 2.173033, 41.356540 ], [ 2.173034, 41.356540 ], [ 2.173046, 41.356529 ], [ 2.173052, 41.356516 ], [ 2.173051, 41.356501 ], [ 2.172691, 41.355953 ], [ 2.171197, 41.353678 ], [ 2.170098, 41.352004 ], [ 2.169186, 41.350614 ], [ 2.168709, 41.349887 ], [ 2.168266, 41.349212 ], [ 2.167697, 41.348346 ], [ 2.166905, 41.347141 ], [ 2.163563, 41.348394 ], [ 2.163615, 41.348475 ], [ 2.163632, 41.348501 ], [ 2.163138, 41.348459 ], [ 2.163240, 41.348367 ], [ 2.163236, 41.348365 ], [ 2.161487, 41.347376 ], [ 2.157876, 41.345325 ], [ 2.157674, 41.345210 ], [ 2.157689, 41.345190 ], [ 2.153313, 41.342703 ], [ 2.153115, 41.342737 ], [ 2.153009, 41.342947 ], [ 2.153216, 41.344461 ], [ 2.152849, 41.344491 ], [ 2.153005, 41.345596 ], [ 2.152637, 41.345625 ], [ 2.152737, 41.346341 ], [ 2.151951, 41.346401 ], [ 2.151932, 41.346248 ], [ 2.151846, 41.346257 ], [ 2.151864, 41.346406 ], [ 2.150920, 41.346480 ], [ 2.150611, 41.344254 ], [ 2.150171, 41.341063 ], [ 2.149747, 41.338000 ], [ 2.149559, 41.336669 ], [ 2.147922, 41.336620 ], [ 2.145928, 41.336558 ], [ 2.145618, 41.336548 ], [ 2.145291, 41.336387 ], [ 2.144276, 41.334746 ], [ 2.145928, 41.334170 ], [ 2.147281, 41.333698 ], [ 2.147067, 41.333351 ], [ 2.145928, 41.331504 ], [ 2.145844, 41.331369 ], [ 2.145928, 41.330986 ], [ 2.148437, 41.330104 ], [ 2.148668, 41.330025 ], [ 2.148688, 41.330019 ], [ 2.148834, 41.329984 ], [ 2.148842, 41.329984 ], [ 2.148850, 41.329985 ], [ 2.148912, 41.329998 ], [ 2.148922, 41.330001 ], [ 2.148927, 41.330005 ], [ 2.148933, 41.330010 ], [ 2.148936, 41.330015 ], [ 2.149462, 41.330860 ], [ 2.149508, 41.331013 ], [ 2.149552, 41.331208 ], [ 2.149665, 41.331283 ], [ 2.149704, 41.331302 ], [ 2.149726, 41.331315 ], [ 2.149743, 41.331331 ], [ 2.149756, 41.331349 ], [ 2.150291, 41.332168 ], [ 2.150619, 41.332715 ], [ 2.151147, 41.333574 ], [ 2.151363, 41.333900 ], [ 2.151819, 41.334648 ], [ 2.152242, 41.335314 ], [ 2.152631, 41.335940 ], [ 2.152900, 41.336424 ], [ 2.153469, 41.337337 ], [ 2.153788, 41.337846 ], [ 2.153798, 41.337860 ], [ 2.154007, 41.338188 ], [ 2.154080, 41.338304 ], [ 2.154125, 41.338377 ], [ 2.154238, 41.338563 ], [ 2.154256, 41.338595 ], [ 2.154261, 41.338602 ], [ 2.154184, 41.338679 ], [ 2.154024, 41.338733 ], [ 2.153981, 41.338661 ], [ 2.153878, 41.338696 ], [ 2.153989, 41.338882 ], [ 2.154071, 41.339015 ], [ 2.154377, 41.339302 ], [ 2.154914, 41.339678 ], [ 2.155224, 41.340168 ], [ 2.155508, 41.340645 ], [ 2.155647, 41.340879 ], [ 2.156187, 41.341732 ], [ 2.156207, 41.341763 ], [ 2.156228, 41.341793 ], [ 2.156250, 41.341818 ], [ 2.156278, 41.341840 ], [ 2.156319, 41.341865 ], [ 2.156921, 41.342209 ], [ 2.157054, 41.342282 ], [ 2.157605, 41.342476 ], [ 2.158105, 41.342578 ], [ 2.158426, 41.342743 ], [ 2.159146, 41.343202 ], [ 2.159248, 41.343249 ], [ 2.159265, 41.343254 ], [ 2.159302, 41.343259 ], [ 2.159321, 41.343258 ], [ 2.159482, 41.343247 ], [ 2.159922, 41.343076 ], [ 2.161176, 41.342591 ], [ 2.161175, 41.342511 ], [ 2.161058, 41.342195 ], [ 2.161039, 41.342151 ], [ 2.161080, 41.342071 ], [ 2.162584, 41.341809 ], [ 2.162837, 41.342011 ], [ 2.162630, 41.342194 ], [ 2.162500, 41.342383 ], [ 2.162533, 41.342501 ], [ 2.164243, 41.342227 ], [ 2.164210, 41.342108 ], [ 2.164003, 41.341985 ], [ 2.163707, 41.341876 ], [ 2.163692, 41.341878 ], [ 2.163677, 41.341878 ], [ 2.163670, 41.341873 ], [ 2.163664, 41.341867 ], [ 2.163656, 41.341857 ], [ 2.163650, 41.341847 ], [ 2.163634, 41.341792 ], [ 2.163619, 41.341736 ], [ 2.163614, 41.341715 ], [ 2.163610, 41.341693 ], [ 2.163610, 41.341684 ], [ 2.163614, 41.341674 ], [ 2.163621, 41.341667 ], [ 2.163631, 41.341662 ], [ 2.163652, 41.341656 ], [ 2.163771, 41.341625 ], [ 2.163888, 41.341597 ], [ 2.163909, 41.341593 ], [ 2.164007, 41.341573 ], [ 2.164051, 41.341565 ], [ 2.164078, 41.341561 ], [ 2.164106, 41.341557 ], [ 2.165201, 41.341393 ], [ 2.165904, 41.341321 ], [ 2.165823, 41.341112 ], [ 2.165653, 41.341154 ], [ 2.165619, 41.341162 ], [ 2.165584, 41.341170 ], [ 2.165549, 41.341177 ], [ 2.165514, 41.341185 ], [ 2.165402, 41.341202 ], [ 2.165386, 41.341203 ], [ 2.165369, 41.341203 ], [ 2.165357, 41.341200 ], [ 2.165346, 41.341194 ], [ 2.165332, 41.341182 ], [ 2.165322, 41.341168 ], [ 2.165309, 41.341143 ], [ 2.165297, 41.341118 ], [ 2.165106, 41.340680 ], [ 2.165104, 41.340655 ], [ 2.165103, 41.340629 ], [ 2.165105, 41.340612 ], [ 2.165181, 41.340343 ], [ 2.165528, 41.340262 ], [ 2.165150, 41.340263 ], [ 2.164966, 41.340273 ], [ 2.164944, 41.340269 ], [ 2.164932, 41.340263 ], [ 2.164924, 41.340259 ], [ 2.164916, 41.340254 ], [ 2.164239, 41.338712 ], [ 2.164107, 41.338389 ], [ 2.164110, 41.338302 ], [ 2.164879, 41.338177 ], [ 2.165225, 41.338338 ], [ 2.165386, 41.338312 ], [ 2.165178, 41.337587 ], [ 2.165024, 41.337612 ], [ 2.164786, 41.337866 ], [ 2.163960, 41.338003 ], [ 2.163891, 41.337918 ], [ 2.163725, 41.337521 ], [ 2.163678, 41.337409 ], [ 2.163632, 41.337297 ], [ 2.163596, 41.337193 ], [ 2.163165, 41.336195 ], [ 2.162658, 41.335082 ], [ 2.162428, 41.334555 ], [ 2.161963, 41.333493 ], [ 2.161349, 41.332115 ], [ 2.160910, 41.331131 ], [ 2.160641, 41.330492 ], [ 2.160158, 41.329368 ], [ 2.159288, 41.327409 ], [ 2.159258, 41.327349 ], [ 2.159224, 41.327291 ], [ 2.159185, 41.327236 ], [ 2.159165, 41.327211 ], [ 2.159139, 41.327189 ], [ 2.159107, 41.327169 ], [ 2.159070, 41.327154 ], [ 2.159014, 41.327139 ], [ 2.158957, 41.327131 ], [ 2.158919, 41.327131 ], [ 2.158880, 41.327139 ], [ 2.158847, 41.327152 ], [ 2.158820, 41.327170 ], [ 2.158803, 41.327184 ], [ 2.158789, 41.327200 ], [ 2.158779, 41.327216 ], [ 2.158765, 41.327251 ], [ 2.158761, 41.327283 ], [ 2.158763, 41.327314 ], [ 2.158778, 41.327378 ], [ 2.158807, 41.327487 ], [ 2.158823, 41.327533 ], [ 2.158833, 41.327543 ], [ 2.158848, 41.327547 ], [ 2.158860, 41.327547 ], [ 2.158837, 41.327738 ], [ 2.157141, 41.327748 ], [ 2.157141, 41.327772 ], [ 2.157143, 41.327788 ], [ 2.157145, 41.327798 ], [ 2.157146, 41.327803 ], [ 2.157022, 41.327838 ], [ 2.155112, 41.327860 ], [ 2.154727, 41.327864 ], [ 2.154342, 41.327865 ], [ 2.154311, 41.327865 ], [ 2.154280, 41.327863 ], [ 2.154267, 41.327861 ], [ 2.154255, 41.327856 ], [ 2.154248, 41.327848 ], [ 2.154245, 41.327840 ], [ 2.154245, 41.327830 ], [ 2.154251, 41.327822 ], [ 2.154274, 41.327808 ], [ 2.154298, 41.327795 ], [ 2.154299, 41.327794 ], [ 2.154338, 41.327767 ], [ 2.154374, 41.327740 ], [ 2.154406, 41.327711 ], [ 2.154433, 41.327674 ], [ 2.154454, 41.327634 ], [ 2.154470, 41.327601 ], [ 2.154482, 41.327566 ], [ 2.154489, 41.327531 ], [ 2.154489, 41.327495 ], [ 2.154485, 41.327466 ], [ 2.154477, 41.327437 ], [ 2.154462, 41.327395 ], [ 2.154440, 41.327354 ], [ 2.154405, 41.327309 ], [ 2.154364, 41.327268 ], [ 2.154332, 41.327239 ], [ 2.154297, 41.327212 ], [ 2.154265, 41.327194 ], [ 2.154229, 41.327180 ], [ 2.154208, 41.327175 ], [ 2.154188, 41.327174 ], [ 2.154153, 41.327175 ], [ 2.154117, 41.327183 ], [ 2.154097, 41.327191 ], [ 2.154072, 41.327206 ], [ 2.154051, 41.327226 ], [ 2.154037, 41.327246 ], [ 2.154031, 41.327267 ], [ 2.154033, 41.327291 ], [ 2.154038, 41.327302 ], [ 2.154047, 41.327313 ], [ 2.154078, 41.327341 ], [ 2.154133, 41.327384 ], [ 2.154189, 41.327428 ], [ 2.154211, 41.327452 ], [ 2.154228, 41.327479 ], [ 2.154237, 41.327496 ], [ 2.154243, 41.327514 ], [ 2.154243, 41.327538 ], [ 2.154231, 41.327563 ], [ 2.154209, 41.327588 ], [ 2.154182, 41.327610 ], [ 2.154145, 41.327635 ], [ 2.154103, 41.327657 ], [ 2.154077, 41.327666 ], [ 2.154051, 41.327674 ], [ 2.153997, 41.327685 ], [ 2.153984, 41.327687 ], [ 2.153971, 41.327686 ], [ 2.153963, 41.327683 ], [ 2.153956, 41.327677 ], [ 2.153864, 41.327588 ], [ 2.153818, 41.327509 ], [ 2.153807, 41.327316 ], [ 2.153667, 41.326826 ], [ 2.153624, 41.326691 ], [ 2.153557, 41.326513 ], [ 2.153481, 41.326334 ], [ 2.153340, 41.325945 ], [ 2.153143, 41.325382 ], [ 2.153093, 41.325224 ], [ 2.153075, 41.325160 ], [ 2.153060, 41.325097 ], [ 2.153046, 41.325034 ], [ 2.153033, 41.324971 ], [ 2.153016, 41.324896 ], [ 2.152998, 41.324820 ], [ 2.152980, 41.324753 ], [ 2.152961, 41.324685 ], [ 2.152943, 41.324622 ], [ 2.152924, 41.324560 ], [ 2.152903, 41.324492 ], [ 2.152881, 41.324425 ], [ 2.152860, 41.324368 ], [ 2.152556, 41.323589 ], [ 2.152323, 41.323090 ], [ 2.152247, 41.322970 ], [ 2.151142, 41.322201 ], [ 2.150926, 41.321848 ], [ 2.150815, 41.321674 ], [ 2.150695, 41.321529 ], [ 2.149857, 41.320682 ], [ 2.146729, 41.320760 ], [ 2.143742, 41.320944 ], [ 2.141267, 41.321090 ], [ 2.139768, 41.321115 ], [ 2.132582, 41.320846 ], [ 2.132116, 41.320808 ], [ 2.130711, 41.320771 ], [ 2.128518, 41.320961 ], [ 2.125798, 41.321352 ], [ 2.123135, 41.321806 ], [ 2.121745, 41.322066 ], [ 2.118900, 41.322734 ], [ 2.117043, 41.323320 ], [ 2.115652, 41.323889 ], [ 2.114038, 41.324880 ], [ 2.112302, 41.326116 ], [ 2.111378, 41.327247 ], [ 2.110131, 41.328929 ], [ 2.108748, 41.330729 ], [ 2.108378, 41.331103 ], [ 2.107653, 41.331744 ], [ 2.105829, 41.333161 ], [ 2.105389, 41.333494 ], [ 2.104788, 41.333931 ], [ 2.104128, 41.334335 ], [ 2.103134, 41.334904 ], [ 2.102769, 41.335101 ], [ 2.102249, 41.335350 ], [ 2.100526, 41.336041 ], [ 2.101368, 41.336334 ], [ 2.103334, 41.336474 ], [ 2.136901, 41.348451 ], [ 2.137432, 41.348876 ], [ 2.137063, 41.349283 ], [ 2.136744, 41.349620 ], [ 2.136446, 41.349908 ], [ 2.136241, 41.350100 ], [ 2.135618, 41.350721 ], [ 2.135262, 41.351112 ], [ 2.134036, 41.352670 ], [ 2.133587, 41.353343 ], [ 2.132836, 41.354504 ], [ 2.132329, 41.355705 ], [ 2.133218, 41.358763 ], [ 2.133977, 41.360526 ], [ 2.134950, 41.362572 ], [ 2.132472, 41.366112 ], [ 2.131732, 41.367791 ], [ 2.131639, 41.367978 ], [ 2.130706, 41.369470 ], [ 2.130039, 41.370092 ], [ 2.129733, 41.370360 ], [ 2.129377, 41.370636 ], [ 2.129127, 41.370799 ], [ 2.128861, 41.370945 ], [ 2.128552, 41.371072 ], [ 2.127832, 41.371347 ], [ 2.126929, 41.371904 ], [ 2.124761, 41.373300 ], [ 2.122506, 41.375208 ], [ 2.121439, 41.376360 ], [ 2.119328, 41.376677 ], [ 2.117911, 41.375850 ], [ 2.117803, 41.375793 ], [ 2.116528, 41.375805 ], [ 2.110805, 41.375921 ], [ 2.110030, 41.375942 ], [ 2.109602, 41.375971 ], [ 2.109105, 41.376626 ], [ 2.108148, 41.377730 ], [ 2.107732, 41.378139 ], [ 2.106902, 41.378774 ], [ 2.106459, 41.378966 ], [ 2.105544, 41.379268 ], [ 2.104996, 41.379344 ], [ 2.102830, 41.380578 ], [ 2.102590, 41.380687 ], [ 2.102412, 41.380840 ], [ 2.102033, 41.381224 ], [ 2.101878, 41.381478 ], [ 2.101763, 41.381728 ], [ 2.101462, 41.382416 ], [ 2.101239, 41.382929 ], [ 2.101882, 41.387654 ], [ 2.099975, 41.390267 ], [ 2.097968, 41.393357 ], [ 2.097791, 41.393956 ], [ 2.099755, 41.396609 ], [ 2.101681, 41.399150 ], [ 2.101736, 41.399202 ], [ 2.101971, 41.399439 ], [ 2.102035, 41.399503 ], [ 2.102674, 41.400324 ], [ 2.102897, 41.400878 ], [ 2.103783, 41.403171 ], [ 2.103803, 41.403222 ], [ 2.103825, 41.403288 ], [ 2.103842, 41.403388 ], [ 2.103843, 41.403542 ], [ 2.103838, 41.403622 ], [ 2.103829, 41.403707 ], [ 2.103816, 41.403836 ], [ 2.103802, 41.403939 ], [ 2.103786, 41.404022 ], [ 2.103753, 41.404125 ], [ 2.103707, 41.404235 ], [ 2.103653, 41.404315 ], [ 2.103590, 41.404403 ], [ 2.101559, 41.407086 ], [ 2.100654, 41.408261 ], [ 2.100277, 41.408414 ], [ 2.099003, 41.408861 ], [ 2.098657, 41.408950 ], [ 2.098407, 41.409008 ], [ 2.098158, 41.409064 ], [ 2.097960, 41.409098 ], [ 2.097805, 41.409116 ], [ 2.097601, 41.409130 ], [ 2.097446, 41.409123 ], [ 2.097324, 41.409107 ], [ 2.097267, 41.409083 ], [ 2.097221, 41.409050 ], [ 2.097079, 41.408931 ], [ 2.096946, 41.408804 ], [ 2.096872, 41.408702 ], [ 2.096786, 41.408572 ], [ 2.096698, 41.408357 ], [ 2.094750, 41.407931 ], [ 2.090323, 41.408314 ], [ 2.090041, 41.408362 ], [ 2.089599, 41.408439 ], [ 2.088669, 41.408610 ], [ 2.088445, 41.408670 ], [ 2.088059, 41.408787 ], [ 2.087591, 41.408929 ], [ 2.087486, 41.408975 ], [ 2.087382, 41.409037 ], [ 2.087257, 41.409117 ], [ 2.087158, 41.409195 ], [ 2.087074, 41.409274 ], [ 2.084127, 41.409282 ], [ 2.080203, 41.404746 ], [ 2.080161, 41.404638 ], [ 2.080119, 41.404547 ], [ 2.080063, 41.404463 ], [ 2.079943, 41.404346 ], [ 2.078740, 41.403220 ], [ 2.078674, 41.403171 ], [ 2.078592, 41.403120 ], [ 2.077979, 41.402913 ], [ 2.077872, 41.402884 ], [ 2.077774, 41.402866 ], [ 2.077573, 41.402913 ], [ 2.076166, 41.403158 ], [ 2.074881, 41.402840 ], [ 2.074693, 41.402867 ], [ 2.072792, 41.403157 ], [ 2.072192, 41.403464 ], [ 2.070502, 41.406040 ], [ 2.070272, 41.406443 ], [ 2.069999, 41.407027 ], [ 2.071423, 41.409149 ], [ 2.072154, 41.410858 ], [ 2.072421, 41.411153 ], [ 2.073244, 41.411698 ], [ 2.076577, 41.413874 ], [ 2.077339, 41.414627 ], [ 2.078584, 41.414978 ], [ 2.079066, 41.414935 ], [ 2.079123, 41.414978 ], [ 2.079744, 41.415659 ], [ 2.079809, 41.416245 ], [ 2.078746, 41.417903 ], [ 2.077992, 41.418643 ], [ 2.077649, 41.418597 ], [ 2.076953, 41.419388 ], [ 2.076284, 41.421384 ], [ 2.077195, 41.422415 ], [ 2.078053, 41.422525 ], [ 2.078703, 41.422660 ], [ 2.079062, 41.422747 ], [ 2.080069, 41.423064 ], [ 2.080161, 41.423184 ], [ 2.080589, 41.424058 ], [ 2.080230, 41.424485 ], [ 2.078118, 41.424941 ], [ 2.077138, 41.425047 ], [ 2.076627, 41.425053 ], [ 2.076470, 41.425042 ], [ 2.075446, 41.424962 ], [ 2.074925, 41.424908 ], [ 2.074540, 41.424779 ], [ 2.074148, 41.424806 ], [ 2.073187, 41.424944 ], [ 2.073052, 41.424974 ], [ 2.073006, 41.424989 ], [ 2.072704, 41.425152 ], [ 2.072618, 41.425620 ], [ 2.073204, 41.427460 ], [ 2.074586, 41.428107 ], [ 2.075462, 41.428359 ], [ 2.076617, 41.428709 ], [ 2.076475, 41.428903 ], [ 2.076304, 41.429022 ], [ 2.075268, 41.429613 ], [ 2.073601, 41.430421 ], [ 2.073121, 41.430665 ], [ 2.071475, 41.433077 ], [ 2.071356, 41.433353 ], [ 2.070997, 41.434193 ], [ 2.070937, 41.434398 ], [ 2.070982, 41.434739 ], [ 2.071059, 41.435052 ], [ 2.071180, 41.435300 ], [ 2.071666, 41.436173 ], [ 2.071767, 41.436302 ], [ 2.071813, 41.436325 ], [ 2.072612, 41.436554 ], [ 2.073027, 41.436606 ], [ 2.073340, 41.436448 ], [ 2.073285, 41.436347 ], [ 2.073948, 41.435348 ], [ 2.075584, 41.432936 ], [ 2.080246, 41.431283 ], [ 2.081110, 41.431131 ], [ 2.084090, 41.429888 ], [ 2.085576, 41.429070 ], [ 2.085733, 41.429001 ], [ 2.086060, 41.428939 ], [ 2.086457, 41.428880 ], [ 2.088108, 41.428675 ], [ 2.090159, 41.428871 ], [ 2.091007, 41.429067 ], [ 2.092056, 41.429529 ], [ 2.092443, 41.429932 ], [ 2.093340, 41.430983 ], [ 2.094039, 41.432034 ], [ 2.094837, 41.432756 ], [ 2.096069, 41.433272 ], [ 2.096234, 41.433171 ], [ 2.097656, 41.432221 ], [ 2.098851, 41.431310 ], [ 2.102110, 41.428685 ], [ 2.105745, 41.428783 ], [ 2.109200, 41.428728 ], [ 2.112462, 41.428590 ], [ 2.113323, 41.428503 ], [ 2.114479, 41.428061 ], [ 2.115083, 41.427817 ], [ 2.115363, 41.427593 ], [ 2.115416, 41.427494 ], [ 2.115432, 41.427380 ], [ 2.115406, 41.427186 ], [ 2.115409, 41.426948 ], [ 2.115460, 41.426876 ], [ 2.115661, 41.426777 ], [ 2.116808, 41.426415 ], [ 2.118934, 41.425813 ], [ 2.119559, 41.425739 ], [ 2.121268, 41.425830 ], [ 2.121996, 41.426528 ], [ 2.124109, 41.429613 ], [ 2.126527, 41.431609 ], [ 2.128154, 41.433476 ], [ 2.128690, 41.434772 ], [ 2.128843, 41.435251 ], [ 2.128842, 41.435813 ], [ 2.129364, 41.439383 ], [ 2.129804, 41.442348 ], [ 2.129943, 41.443029 ], [ 2.130640, 41.443707 ], [ 2.132023, 41.444145 ], [ 2.132907, 41.444942 ], [ 2.133611, 41.445797 ], [ 2.134612, 41.447252 ], [ 2.135195, 41.447538 ], [ 2.137492, 41.447832 ], [ 2.138297, 41.447851 ], [ 2.143421, 41.447587 ], [ 2.147086, 41.447224 ], [ 2.149055, 41.446953 ], [ 2.152210, 41.447179 ], [ 2.153062, 41.447733 ], [ 2.153314, 41.447967 ], [ 2.153407, 41.448588 ], [ 2.153407, 41.448591 ], [ 2.153408, 41.448595 ], [ 2.153408, 41.448598 ], [ 2.153409, 41.448600 ], [ 2.153410, 41.448604 ], [ 2.153411, 41.448607 ], [ 2.153412, 41.448610 ], [ 2.153412, 41.448612 ], [ 2.153413, 41.448615 ], [ 2.153415, 41.448619 ], [ 2.153416, 41.448622 ], [ 2.153418, 41.448625 ], [ 2.153419, 41.448628 ], [ 2.153420, 41.448630 ], [ 2.153422, 41.448634 ], [ 2.153423, 41.448636 ], [ 2.153425, 41.448639 ], [ 2.153427, 41.448642 ], [ 2.153429, 41.448646 ], [ 2.153431, 41.448649 ], [ 2.153505, 41.448751 ], [ 2.153523, 41.448768 ], [ 2.153544, 41.448787 ], [ 2.153558, 41.448798 ], [ 2.154332, 41.449352 ], [ 2.155842, 41.449934 ], [ 2.158164, 41.449949 ], [ 2.162393, 41.449986 ], [ 2.164223, 41.450103 ], [ 2.165310, 41.451312 ], [ 2.165332, 41.452249 ], [ 2.164825, 41.453632 ], [ 2.164168, 41.455793 ], [ 2.164169, 41.455797 ], [ 2.164228, 41.456044 ], [ 2.164514, 41.456482 ], [ 2.164781, 41.456889 ], [ 2.165195, 41.457511 ], [ 2.165316, 41.457689 ], [ 2.165670, 41.458185 ], [ 2.167333, 41.460206 ], [ 2.168262, 41.460697 ], [ 2.169548, 41.460677 ], [ 2.171899, 41.461270 ], [ 2.173760, 41.462535 ], [ 2.177802, 41.464243 ], [ 2.180137, 41.465269 ], [ 2.179844, 41.465505 ], [ 2.179465, 41.465877 ], [ 2.179335, 41.466023 ], [ 2.179166, 41.466213 ], [ 2.178935, 41.466534 ], [ 2.178788, 41.466800 ], [ 2.178671, 41.467084 ], [ 2.178609, 41.467420 ], [ 2.178605, 41.467688 ], [ 2.178640, 41.467946 ], [ 2.178694, 41.468184 ], [ 2.182388, 41.467996 ], [ 2.185381, 41.467795 ], [ 2.187059, 41.467716 ], [ 2.187111, 41.467106 ], [ 2.187181, 41.466286 ], [ 2.187453, 41.463795 ], [ 2.187639, 41.462130 ], [ 2.187681, 41.461801 ], [ 2.187716, 41.461617 ], [ 2.187797, 41.461309 ], [ 2.187873, 41.461079 ], [ 2.187961, 41.460832 ] ], [ [ 2.154336, 41.338966 ], [ 2.154221, 41.339004 ], [ 2.154193, 41.338956 ], [ 2.154145, 41.338971 ], [ 2.154076, 41.338852 ], [ 2.154051, 41.338778 ], [ 2.154101, 41.338760 ], [ 2.154208, 41.338723 ], [ 2.154331, 41.338728 ], [ 2.154337, 41.338740 ], [ 2.154355, 41.338777 ], [ 2.154369, 41.338811 ], [ 2.154378, 41.338845 ], [ 2.154379, 41.338859 ], [ 2.154378, 41.338874 ], [ 2.154375, 41.338886 ], [ 2.154336, 41.338966 ] ], [ [ 2.154790, 41.339464 ], [ 2.154708, 41.339493 ], [ 2.154647, 41.339392 ], [ 2.154715, 41.339368 ], [ 2.154790, 41.339464 ] ] ] ] } },
{ "type": "Feature", "properties": { "fid": 5, "id": 83, "CODIMUNI": "080207", "NOMMUNI": "Begues", "NOMMUNIIND": "Begues", "CAPMUNI": "Begues", "CAPMUNIIND": "Begues", "AREAM5000": 50.483, "CODICOMAR": "11", "NOMCOMAR": "Baix Llobregat", "CAPCOMAR": "Sant Feliu de Llobregat", "CAPCOMIND": "Sant Feliu de Llobregat", "CODIVEGUE": "01", "NOMVEGUE": "Barcelona", "CAPVEGUE": "Barcelona", "CODIPROV": "08", "NOMPROV": "Barcelona", "CAPPROV": "Barcelona" }, "geometry": { "type": "MultiPolygon", "coordinates": [ [ [ [ 1.900108, 41.355530 ], [ 1.900645, 41.355438 ], [ 1.900872, 41.355398 ], [ 1.902682, 41.354960 ], [ 1.903615, 41.354733 ], [ 1.905202, 41.353693 ], [ 1.906973, 41.352564 ], [ 1.907132, 41.352473 ], [ 1.907333, 41.352367 ], [ 1.908018, 41.352306 ], [ 1.909029, 41.352375 ], [ 1.909614, 41.352426 ], [ 1.909840, 41.352480 ], [ 1.910004, 41.352548 ], [ 1.910169, 41.352664 ], [ 1.910297, 41.352789 ], [ 1.910386, 41.352936 ], [ 1.910478, 41.353106 ], [ 1.910539, 41.353273 ], [ 1.910700, 41.353842 ], [ 1.912856, 41.353878 ], [ 1.914780, 41.353256 ], [ 1.917687, 41.352478 ], [ 1.919979, 41.352363 ], [ 1.925989, 41.350974 ], [ 1.927574, 41.350449 ], [ 1.930553, 41.350228 ], [ 1.930673, 41.350223 ], [ 1.930795, 41.350224 ], [ 1.930927, 41.350234 ], [ 1.931185, 41.350282 ], [ 1.931393, 41.350329 ], [ 1.933329, 41.350807 ], [ 1.933814, 41.350984 ], [ 1.934113, 41.351108 ], [ 1.934618, 41.351273 ], [ 1.935209, 41.351439 ], [ 1.935578, 41.351507 ], [ 1.935948, 41.351504 ], [ 1.937726, 41.351477 ], [ 1.937966, 41.351467 ], [ 1.938122, 41.351447 ], [ 1.938262, 41.351429 ], [ 1.938351, 41.351411 ], [ 1.938450, 41.351389 ], [ 1.938536, 41.351347 ], [ 1.939160, 41.350991 ], [ 1.939589, 41.350698 ], [ 1.940938, 41.350319 ], [ 1.943927, 41.349829 ], [ 1.944071, 41.349813 ], [ 1.944404, 41.349811 ], [ 1.944555, 41.349814 ], [ 1.944425, 41.344546 ], [ 1.944849, 41.343355 ], [ 1.945348, 41.342125 ], [ 1.945333, 41.341450 ], [ 1.944884, 41.339794 ], [ 1.944612, 41.338872 ], [ 1.945896, 41.336661 ], [ 1.949803, 41.335287 ], [ 1.959438, 41.333302 ], [ 1.958610, 41.329647 ], [ 1.958609, 41.329629 ], [ 1.958610, 41.329586 ], [ 1.958611, 41.329571 ], [ 1.958624, 41.329539 ], [ 1.958628, 41.329534 ], [ 1.958643, 41.329516 ], [ 1.958659, 41.329504 ], [ 1.958675, 41.329495 ], [ 1.959141, 41.329242 ], [ 1.960661, 41.328721 ], [ 1.961243, 41.328600 ], [ 1.961448, 41.328557 ], [ 1.961469, 41.328551 ], [ 1.961502, 41.328538 ], [ 1.961556, 41.328511 ], [ 1.961585, 41.328491 ], [ 1.961609, 41.328468 ], [ 1.961633, 41.328440 ], [ 1.961821, 41.328207 ], [ 1.961755, 41.326845 ], [ 1.959402, 41.325001 ], [ 1.958370, 41.324402 ], [ 1.956896, 41.323769 ], [ 1.955606, 41.323236 ], [ 1.945468, 41.317452 ], [ 1.931323, 41.301869 ], [ 1.930178, 41.294773 ], [ 1.914874, 41.288959 ], [ 1.914457, 41.288949 ], [ 1.914137, 41.288913 ], [ 1.913750, 41.288750 ], [ 1.913295, 41.288491 ], [ 1.912994, 41.288305 ], [ 1.912856, 41.288199 ], [ 1.912915, 41.287847 ], [ 1.912874, 41.286862 ], [ 1.911872, 41.285384 ], [ 1.911302, 41.284731 ], [ 1.909957, 41.283669 ], [ 1.909654, 41.283456 ], [ 1.909160, 41.283133 ], [ 1.908204, 41.282936 ], [ 1.903970, 41.281703 ], [ 1.902767, 41.281072 ], [ 1.902204, 41.280847 ], [ 1.901725, 41.280777 ], [ 1.901114, 41.280804 ], [ 1.899547, 41.281214 ], [ 1.894203, 41.281985 ], [ 1.892082, 41.282470 ], [ 1.890344, 41.283316 ], [ 1.890148, 41.283407 ], [ 1.889829, 41.283438 ], [ 1.889238, 41.283339 ], [ 1.888912, 41.283222 ], [ 1.888605, 41.283079 ], [ 1.886051, 41.281627 ], [ 1.885280, 41.280236 ], [ 1.884419, 41.279366 ], [ 1.882894, 41.278450 ], [ 1.882394, 41.278191 ], [ 1.880498, 41.278313 ], [ 1.878775, 41.278657 ], [ 1.876236, 41.279099 ], [ 1.873135, 41.279625 ], [ 1.872702, 41.279647 ], [ 1.872245, 41.279547 ], [ 1.871954, 41.279396 ], [ 1.871786, 41.279252 ], [ 1.871616, 41.278980 ], [ 1.871426, 41.278639 ], [ 1.871226, 41.280004 ], [ 1.871026, 41.280453 ], [ 1.870881, 41.280633 ], [ 1.870747, 41.280718 ], [ 1.870206, 41.280880 ], [ 1.869551, 41.281112 ], [ 1.869074, 41.281290 ], [ 1.871006, 41.291156 ], [ 1.872668, 41.293447 ], [ 1.869393, 41.296252 ], [ 1.868170, 41.296065 ], [ 1.865362, 41.295944 ], [ 1.864896, 41.295926 ], [ 1.864445, 41.295918 ], [ 1.864128, 41.295914 ], [ 1.863754, 41.295925 ], [ 1.863568, 41.295940 ], [ 1.862208, 41.296237 ], [ 1.862104, 41.296268 ], [ 1.861970, 41.296347 ], [ 1.861712, 41.296504 ], [ 1.861659, 41.296602 ], [ 1.861493, 41.296928 ], [ 1.861433, 41.297048 ], [ 1.861381, 41.297434 ], [ 1.859385, 41.298598 ], [ 1.858139, 41.297792 ], [ 1.855179, 41.298589 ], [ 1.852172, 41.301674 ], [ 1.849891, 41.303349 ], [ 1.846732, 41.306354 ], [ 1.846839, 41.306747 ], [ 1.847015, 41.307264 ], [ 1.847233, 41.307609 ], [ 1.848211, 41.310304 ], [ 1.849006, 41.314109 ], [ 1.850189, 41.316457 ], [ 1.849697, 41.318643 ], [ 1.848707, 41.318719 ], [ 1.847848, 41.319323 ], [ 1.848282, 41.319116 ], [ 1.848687, 41.318940 ], [ 1.848985, 41.318854 ], [ 1.849253, 41.318806 ], [ 1.849459, 41.318770 ], [ 1.849844, 41.318748 ], [ 1.850241, 41.318780 ], [ 1.850732, 41.318861 ], [ 1.851188, 41.319006 ], [ 1.851430, 41.319094 ], [ 1.851657, 41.319242 ], [ 1.851868, 41.319465 ], [ 1.853275, 41.321428 ], [ 1.855392, 41.325426 ], [ 1.856895, 41.327381 ], [ 1.857886, 41.328429 ], [ 1.858973, 41.329354 ], [ 1.859923, 41.331401 ], [ 1.859881, 41.332054 ], [ 1.860300, 41.332641 ], [ 1.861809, 41.334239 ], [ 1.864517, 41.334975 ], [ 1.869620, 41.337431 ], [ 1.870418, 41.337853 ], [ 1.871000, 41.338183 ], [ 1.871271, 41.338488 ], [ 1.871213, 41.338810 ], [ 1.871090, 41.339438 ], [ 1.870992, 41.339815 ], [ 1.870811, 41.340118 ], [ 1.870295, 41.340944 ], [ 1.870051, 41.341230 ], [ 1.869928, 41.341472 ], [ 1.869781, 41.341849 ], [ 1.869712, 41.342137 ], [ 1.869730, 41.342370 ], [ 1.870202, 41.342877 ], [ 1.870465, 41.343083 ], [ 1.870956, 41.343332 ], [ 1.871806, 41.343732 ], [ 1.872514, 41.344003 ], [ 1.872846, 41.344080 ], [ 1.873679, 41.344239 ], [ 1.873980, 41.344290 ], [ 1.874278, 41.344322 ], [ 1.874643, 41.344341 ], [ 1.878020, 41.344179 ], [ 1.881393, 41.343923 ], [ 1.882960, 41.344490 ], [ 1.887004, 41.347050 ], [ 1.890695, 41.349176 ], [ 1.893774, 41.350726 ], [ 1.893997, 41.350777 ], [ 1.894180, 41.350831 ], [ 1.895868, 41.351456 ], [ 1.895940, 41.351499 ], [ 1.896002, 41.351557 ], [ 1.898378, 41.354809 ], [ 1.898733, 41.355005 ], [ 1.899359, 41.355323 ], [ 1.899701, 41.355482 ], [ 1.899782, 41.355516 ], [ 1.899874, 41.355542 ], [ 1.899988, 41.355549 ], [ 1.900108, 41.355530 ] ] ] ] } },
{ "type": "Feature", "properties": { "fid": 6, "id": 178, "CODIMUNI": "080543", "NOMMUNI": "Castellbisbal", "NOMMUNIIND": "Castellbisbal", "CAPMUNI": "Castellbisbal", "CAPMUNIIND": "Castellbisbal", "AREAM5000": 30.9644, "CODICOMAR": "40", "NOMCOMAR": "Vallès Occidental", "CAPCOMAR": "Sabadell / Terrassa", "CAPCOMIND": "Sabadell / Terrassa", "CODIVEGUE": "01", "NOMVEGUE": "Barcelona", "CAPVEGUE": "Barcelona", "CODIPROV": "08", "NOMPROV": "Barcelona", "CAPPROV": "Barcelona" }, "geometry": { "type": "MultiPolygon", "coordinates": [ [ [ [ 1.981272, 41.515551 ], [ 1.985108, 41.514885 ], [ 1.985210, 41.514690 ], [ 1.985340, 41.514403 ], [ 1.985761, 41.513175 ], [ 1.986085, 41.512034 ], [ 1.986178, 41.510719 ], [ 1.986190, 41.510414 ], [ 1.986207, 41.509699 ], [ 1.986206, 41.509578 ], [ 1.986195, 41.509532 ], [ 1.986070, 41.509131 ], [ 1.986041, 41.509046 ], [ 1.987555, 41.499239 ], [ 1.988241, 41.496137 ], [ 1.988791, 41.492047 ], [ 1.990161, 41.488227 ], [ 1.990216, 41.488084 ], [ 1.990791, 41.486841 ], [ 1.995475, 41.486003 ], [ 1.996243, 41.483655 ], [ 1.996545, 41.482207 ], [ 1.996446, 41.481281 ], [ 1.996730, 41.475338 ], [ 1.996737, 41.475284 ], [ 1.996775, 41.475155 ], [ 1.996857, 41.474960 ], [ 1.996901, 41.474862 ], [ 1.996943, 41.474772 ], [ 1.997013, 41.474653 ], [ 1.998254, 41.472849 ], [ 1.999090, 41.472951 ], [ 2.002939, 41.472719 ], [ 2.005561, 41.468982 ], [ 2.005823, 41.467030 ], [ 2.005621, 41.463262 ], [ 2.005586, 41.463236 ], [ 2.005304, 41.463031 ], [ 2.004821, 41.462970 ], [ 2.004603, 41.462966 ], [ 2.004495, 41.462972 ], [ 2.004391, 41.462982 ], [ 2.004290, 41.462997 ], [ 2.004136, 41.463027 ], [ 2.003916, 41.463088 ], [ 2.003802, 41.463123 ], [ 2.003700, 41.463172 ], [ 2.003624, 41.463182 ], [ 2.003551, 41.463178 ], [ 2.003457, 41.463120 ], [ 2.003289, 41.462951 ], [ 2.002970, 41.462522 ], [ 2.002375, 41.461599 ], [ 1.999729, 41.460240 ], [ 1.999263, 41.459910 ], [ 1.999203, 41.459840 ], [ 1.998950, 41.459078 ], [ 1.998943, 41.458987 ], [ 1.998984, 41.458863 ], [ 1.999247, 41.458451 ], [ 1.999381, 41.458309 ], [ 1.999632, 41.458079 ], [ 2.000452, 41.457361 ], [ 2.000712, 41.457072 ], [ 2.001035, 41.456506 ], [ 2.001129, 41.456312 ], [ 2.001130, 41.456310 ], [ 2.001048, 41.456109 ], [ 2.000251, 41.455238 ], [ 1.999535, 41.454526 ], [ 1.999308, 41.454390 ], [ 1.998384, 41.453946 ], [ 1.997804, 41.453653 ], [ 1.997326, 41.453378 ], [ 1.996800, 41.452951 ], [ 1.996436, 41.452582 ], [ 1.996198, 41.452274 ], [ 1.995914, 41.451838 ], [ 1.995722, 41.451406 ], [ 1.995555, 41.450600 ], [ 1.995567, 41.449803 ], [ 1.995567, 41.449798 ], [ 1.995728, 41.448459 ], [ 1.995866, 41.447665 ], [ 1.995956, 41.446987 ], [ 1.996124, 41.444426 ], [ 1.996139, 41.443655 ], [ 1.996139, 41.443650 ], [ 1.996152, 41.442816 ], [ 1.996038, 41.440959 ], [ 1.995958, 41.439926 ], [ 1.995691, 41.438596 ], [ 1.995088, 41.436277 ], [ 1.994080, 41.435587 ], [ 1.994088, 41.436158 ], [ 1.994075, 41.436349 ], [ 1.993998, 41.436520 ], [ 1.993905, 41.436707 ], [ 1.993625, 41.437043 ], [ 1.993215, 41.437450 ], [ 1.992582, 41.438030 ], [ 1.992097, 41.438419 ], [ 1.991468, 41.438920 ], [ 1.990831, 41.439355 ], [ 1.990408, 41.439620 ], [ 1.988816, 41.440492 ], [ 1.988298, 41.440819 ], [ 1.987950, 41.441058 ], [ 1.987520, 41.441386 ], [ 1.987397, 41.441482 ], [ 1.985265, 41.443293 ], [ 1.984992, 41.443542 ], [ 1.984425, 41.443842 ], [ 1.984211, 41.443982 ], [ 1.982236, 41.445284 ], [ 1.980976, 41.446426 ], [ 1.978589, 41.448930 ], [ 1.978389, 41.449150 ], [ 1.978212, 41.449393 ], [ 1.977694, 41.450109 ], [ 1.977570, 41.450318 ], [ 1.977386, 41.450634 ], [ 1.977307, 41.450864 ], [ 1.977278, 41.451033 ], [ 1.976926, 41.453921 ], [ 1.976765, 41.455807 ], [ 1.976765, 41.455809 ], [ 1.976755, 41.455940 ], [ 1.976742, 41.456025 ], [ 1.976670, 41.456378 ], [ 1.976520, 41.457047 ], [ 1.975491, 41.460107 ], [ 1.974917, 41.461211 ], [ 1.974697, 41.461585 ], [ 1.973678, 41.463204 ], [ 1.973493, 41.463454 ], [ 1.973293, 41.463705 ], [ 1.969317, 41.463915 ], [ 1.969228, 41.463919 ], [ 1.968946, 41.463917 ], [ 1.968903, 41.463914 ], [ 1.968869, 41.463908 ], [ 1.968779, 41.463884 ], [ 1.968691, 41.463860 ], [ 1.968566, 41.463800 ], [ 1.968428, 41.463729 ], [ 1.967353, 41.463161 ], [ 1.967225, 41.463091 ], [ 1.965387, 41.462090 ], [ 1.965302, 41.462043 ], [ 1.964974, 41.461861 ], [ 1.964544, 41.461592 ], [ 1.963940, 41.461206 ], [ 1.962891, 41.460521 ], [ 1.961114, 41.460039 ], [ 1.958242, 41.461764 ], [ 1.956498, 41.462866 ], [ 1.953660, 41.464697 ], [ 1.953564, 41.464755 ], [ 1.953096, 41.465081 ], [ 1.952739, 41.465334 ], [ 1.952229, 41.465751 ], [ 1.951910, 41.466025 ], [ 1.950852, 41.467005 ], [ 1.951215, 41.467939 ], [ 1.951666, 41.468974 ], [ 1.950743, 41.471755 ], [ 1.948072, 41.469460 ], [ 1.947581, 41.468914 ], [ 1.947382, 41.468674 ], [ 1.947184, 41.468434 ], [ 1.947052, 41.468229 ], [ 1.946920, 41.468025 ], [ 1.946785, 41.467826 ], [ 1.946649, 41.467627 ], [ 1.946581, 41.467548 ], [ 1.946494, 41.467484 ], [ 1.946346, 41.467423 ], [ 1.946212, 41.467390 ], [ 1.946092, 41.467369 ], [ 1.945968, 41.467371 ], [ 1.945726, 41.467408 ], [ 1.945525, 41.467455 ], [ 1.945310, 41.467511 ], [ 1.945156, 41.467577 ], [ 1.944876, 41.467724 ], [ 1.944620, 41.467887 ], [ 1.944259, 41.468142 ], [ 1.942306, 41.469931 ], [ 1.941174, 41.471028 ], [ 1.939421, 41.472874 ], [ 1.939210, 41.473098 ], [ 1.938999, 41.473322 ], [ 1.938745, 41.473601 ], [ 1.938492, 41.473880 ], [ 1.935837, 41.477031 ], [ 1.934562, 41.478550 ], [ 1.934432, 41.478707 ], [ 1.934011, 41.479263 ], [ 1.933868, 41.479539 ], [ 1.933766, 41.479745 ], [ 1.933680, 41.479940 ], [ 1.933571, 41.480236 ], [ 1.933514, 41.480493 ], [ 1.933521, 41.480631 ], [ 1.933614, 41.481098 ], [ 1.933757, 41.481752 ], [ 1.933807, 41.482108 ], [ 1.933811, 41.482379 ], [ 1.933811, 41.482381 ], [ 1.933802, 41.482528 ], [ 1.933785, 41.482731 ], [ 1.933758, 41.482941 ], [ 1.933707, 41.483137 ], [ 1.933642, 41.483325 ], [ 1.933466, 41.483691 ], [ 1.932558, 41.485270 ], [ 1.932425, 41.485459 ], [ 1.932248, 41.485630 ], [ 1.932044, 41.485797 ], [ 1.931836, 41.485955 ], [ 1.931688, 41.486041 ], [ 1.931495, 41.486108 ], [ 1.931372, 41.486138 ], [ 1.928888, 41.486713 ], [ 1.927474, 41.487054 ], [ 1.926408, 41.487361 ], [ 1.924225, 41.488120 ], [ 1.923972, 41.488254 ], [ 1.923592, 41.488505 ], [ 1.923449, 41.488608 ], [ 1.922985, 41.488989 ], [ 1.922741, 41.489248 ], [ 1.922500, 41.489511 ], [ 1.922314, 41.489720 ], [ 1.922222, 41.489849 ], [ 1.922076, 41.490089 ], [ 1.922013, 41.490205 ], [ 1.921884, 41.490496 ], [ 1.921849, 41.490609 ], [ 1.921654, 41.491361 ], [ 1.921607, 41.491745 ], [ 1.921550, 41.492284 ], [ 1.921540, 41.492883 ], [ 1.921540, 41.492886 ], [ 1.921546, 41.493067 ], [ 1.921565, 41.493341 ], [ 1.921606, 41.493507 ], [ 1.922302, 41.495417 ], [ 1.923239, 41.494899 ], [ 1.923389, 41.494825 ], [ 1.923566, 41.494792 ], [ 1.926815, 41.495007 ], [ 1.927110, 41.495047 ], [ 1.928129, 41.495217 ], [ 1.928915, 41.495378 ], [ 1.929337, 41.495502 ], [ 1.929553, 41.495583 ], [ 1.929715, 41.495654 ], [ 1.929947, 41.495769 ], [ 1.930195, 41.495935 ], [ 1.930384, 41.496146 ], [ 1.930624, 41.496453 ], [ 1.931848, 41.498129 ], [ 1.931969, 41.498301 ], [ 1.932116, 41.498573 ], [ 1.932180, 41.498696 ], [ 1.933234, 41.500786 ], [ 1.933254, 41.500831 ], [ 1.933256, 41.500902 ], [ 1.933255, 41.500903 ], [ 1.933248, 41.500970 ], [ 1.933216, 41.501090 ], [ 1.932984, 41.501776 ], [ 1.932883, 41.502051 ], [ 1.932847, 41.502186 ], [ 1.932787, 41.502590 ], [ 1.932790, 41.502716 ], [ 1.932807, 41.502801 ], [ 1.933008, 41.503355 ], [ 1.933495, 41.504571 ], [ 1.933545, 41.504618 ], [ 1.933635, 41.504676 ], [ 1.933741, 41.504705 ], [ 1.934011, 41.504755 ], [ 1.934298, 41.504797 ], [ 1.934397, 41.504809 ], [ 1.934507, 41.504818 ], [ 1.934761, 41.504807 ], [ 1.934915, 41.504819 ], [ 1.934999, 41.504860 ], [ 1.935090, 41.504926 ], [ 1.935481, 41.505324 ], [ 1.935586, 41.505465 ], [ 1.935618, 41.505536 ], [ 1.935694, 41.505780 ], [ 1.935776, 41.506072 ], [ 1.935851, 41.506414 ], [ 1.936105, 41.507812 ], [ 1.936641, 41.507681 ], [ 1.940825, 41.506659 ], [ 1.945782, 41.507676 ], [ 1.951430, 41.509236 ], [ 1.958321, 41.510860 ], [ 1.960037, 41.511349 ], [ 1.960658, 41.512501 ], [ 1.960908, 41.513008 ], [ 1.960944, 41.513150 ], [ 1.960980, 41.513259 ], [ 1.969140, 41.512071 ], [ 1.969484, 41.512484 ], [ 1.969867, 41.513007 ], [ 1.969905, 41.513059 ], [ 1.969998, 41.513202 ], [ 1.970026, 41.513245 ], [ 1.970052, 41.513290 ], [ 1.970068, 41.513328 ], [ 1.970082, 41.513367 ], [ 1.970160, 41.513595 ], [ 1.970174, 41.513637 ], [ 1.970180, 41.513659 ], [ 1.970181, 41.513680 ], [ 1.970161, 41.514041 ], [ 1.972425, 41.516867 ], [ 1.977225, 41.521635 ], [ 1.978657, 41.523246 ], [ 1.981272, 41.515551 ] ] ] ] } },
{ "type": "Feature", "properties": { "fid": 7, "id": 181, "CODIMUNI": "080569", "NOMMUNI": "Castelldefels", "NOMMUNIIND": "Castelldefels", "CAPMUNI": "Castelldefels", "CAPMUNIIND": "Castelldefels", "AREAM5000": 12.9072, "CODICOMAR": "11", "NOMCOMAR": "Baix Llobregat", "CAPCOMAR": "Sant Feliu de Llobregat", "CAPCOMIND": "Sant Feliu de Llobregat", "CODIVEGUE": "01", "NOMVEGUE": "Barcelona", "CAPVEGUE": "Barcelona", "CODIPROV": "08", "NOMPROV": "Barcelona", "CAPPROV": "Barcelona" }, "geometry": { "type": "MultiPolygon", "coordinates": [ [ [ [ 1.979084, 41.295908 ], [ 1.979189, 41.295841 ], [ 1.979350, 41.295734 ], [ 1.979479, 41.295626 ], [ 1.980487, 41.294279 ], [ 1.984359, 41.291632 ], [ 1.986133, 41.291071 ], [ 1.986751, 41.291168 ], [ 1.987042, 41.291212 ], [ 1.987322, 41.291248 ], [ 2.003141, 41.264581 ], [ 2.003197, 41.264483 ], [ 2.003124, 41.264462 ], [ 2.003092, 41.264454 ], [ 2.003077, 41.264451 ], [ 2.003060, 41.264448 ], [ 2.003008, 41.264440 ], [ 2.002983, 41.264437 ], [ 2.002946, 41.264432 ], [ 2.002931, 41.264431 ], [ 2.002628, 41.264417 ], [ 2.001838, 41.264388 ], [ 2.001272, 41.264386 ], [ 2.000263, 41.264392 ], [ 1.998846, 41.264345 ], [ 1.998664, 41.264336 ], [ 1.998422, 41.264321 ], [ 1.998407, 41.264320 ], [ 1.998391, 41.264318 ], [ 1.998373, 41.264315 ], [ 1.998199, 41.264283 ], [ 1.998192, 41.264281 ], [ 1.997148, 41.264238 ], [ 1.996907, 41.264252 ], [ 1.996783, 41.264258 ], [ 1.996699, 41.264259 ], [ 1.996656, 41.264259 ], [ 1.995978, 41.264241 ], [ 1.995829, 41.264235 ], [ 1.995686, 41.264228 ], [ 1.995634, 41.264223 ], [ 1.995626, 41.264223 ], [ 1.995211, 41.264166 ], [ 1.994924, 41.264118 ], [ 1.994217, 41.264092 ], [ 1.992701, 41.264061 ], [ 1.991928, 41.264097 ], [ 1.991313, 41.264068 ], [ 1.990870, 41.264028 ], [ 1.990446, 41.263995 ], [ 1.989011, 41.263970 ], [ 1.988461, 41.263961 ], [ 1.987449, 41.263959 ], [ 1.986686, 41.263978 ], [ 1.985659, 41.263954 ], [ 1.985644, 41.263952 ], [ 1.985589, 41.263946 ], [ 1.985518, 41.263940 ], [ 1.985101, 41.263910 ], [ 1.984992, 41.263902 ], [ 1.984968, 41.263902 ], [ 1.984687, 41.263901 ], [ 1.984541, 41.263901 ], [ 1.984376, 41.263902 ], [ 1.984014, 41.263913 ], [ 1.982357, 41.263920 ], [ 1.980907, 41.263920 ], [ 1.980470, 41.263932 ], [ 1.980455, 41.263932 ], [ 1.979724, 41.263935 ], [ 1.979184, 41.263882 ], [ 1.978744, 41.263885 ], [ 1.978109, 41.263922 ], [ 1.976967, 41.263948 ], [ 1.975944, 41.263945 ], [ 1.974609, 41.263940 ], [ 1.973834, 41.263972 ], [ 1.972722, 41.263996 ], [ 1.971761, 41.263985 ], [ 1.970090, 41.264029 ], [ 1.968690, 41.264066 ], [ 1.968278, 41.264072 ], [ 1.966302, 41.264101 ], [ 1.965077, 41.264122 ], [ 1.964836, 41.264136 ], [ 1.964795, 41.264137 ], [ 1.964688, 41.264137 ], [ 1.964515, 41.264134 ], [ 1.964500, 41.264133 ], [ 1.963957, 41.264108 ], [ 1.963541, 41.264078 ], [ 1.961528, 41.264043 ], [ 1.960299, 41.264056 ], [ 1.960038, 41.264072 ], [ 1.960006, 41.264073 ], [ 1.959333, 41.264096 ], [ 1.958660, 41.264105 ], [ 1.958461, 41.264108 ], [ 1.958394, 41.264107 ], [ 1.958353, 41.264106 ], [ 1.958278, 41.264100 ], [ 1.957967, 41.264069 ], [ 1.956390, 41.264035 ], [ 1.955532, 41.264039 ], [ 1.954193, 41.264016 ], [ 1.952620, 41.263927 ], [ 1.952066, 41.263904 ], [ 1.951023, 41.263861 ], [ 1.950115, 41.263798 ], [ 1.948786, 41.263668 ], [ 1.948199, 41.263657 ], [ 1.947682, 41.263644 ], [ 1.946732, 41.263608 ], [ 1.945185, 41.263544 ], [ 1.944883, 41.263529 ], [ 1.944843, 41.263526 ], [ 1.944498, 41.263492 ], [ 1.944489, 41.263546 ], [ 1.944473, 41.263645 ], [ 1.944316, 41.264610 ], [ 1.943269, 41.266248 ], [ 1.942058, 41.267398 ], [ 1.939284, 41.269199 ], [ 1.938131, 41.272836 ], [ 1.937449, 41.274545 ], [ 1.937400, 41.274786 ], [ 1.937376, 41.274985 ], [ 1.937374, 41.275061 ], [ 1.937378, 41.275149 ], [ 1.937389, 41.275196 ], [ 1.937403, 41.275242 ], [ 1.937416, 41.275269 ], [ 1.937966, 41.276012 ], [ 1.938634, 41.276612 ], [ 1.939009, 41.276935 ], [ 1.939272, 41.277066 ], [ 1.939556, 41.277169 ], [ 1.939764, 41.277230 ], [ 1.940275, 41.277358 ], [ 1.943051, 41.278211 ], [ 1.943174, 41.278249 ], [ 1.943247, 41.278277 ], [ 1.943332, 41.278329 ], [ 1.943435, 41.278423 ], [ 1.943554, 41.278560 ], [ 1.943672, 41.278731 ], [ 1.943758, 41.278929 ], [ 1.943770, 41.278990 ], [ 1.943772, 41.279075 ], [ 1.943741, 41.279216 ], [ 1.943562, 41.279450 ], [ 1.943378, 41.279636 ], [ 1.942966, 41.279925 ], [ 1.942606, 41.280112 ], [ 1.942488, 41.280265 ], [ 1.942632, 41.280144 ], [ 1.942897, 41.280001 ], [ 1.943195, 41.279889 ], [ 1.943541, 41.279815 ], [ 1.943877, 41.279785 ], [ 1.944268, 41.279797 ], [ 1.944628, 41.279883 ], [ 1.947552, 41.280665 ], [ 1.947757, 41.280819 ], [ 1.947980, 41.281010 ], [ 1.948244, 41.281253 ], [ 1.948556, 41.281702 ], [ 1.948694, 41.281953 ], [ 1.948859, 41.282267 ], [ 1.951962, 41.283452 ], [ 1.955279, 41.285438 ], [ 1.957923, 41.287276 ], [ 1.960452, 41.289379 ], [ 1.960673, 41.289688 ], [ 1.962893, 41.291486 ], [ 1.963756, 41.292174 ], [ 1.964032, 41.292312 ], [ 1.964292, 41.292418 ], [ 1.964629, 41.292529 ], [ 1.966514, 41.292901 ], [ 1.967948, 41.293066 ], [ 1.968941, 41.293088 ], [ 1.970890, 41.293199 ], [ 1.971247, 41.293233 ], [ 1.971559, 41.293321 ], [ 1.971874, 41.293453 ], [ 1.972158, 41.293598 ], [ 1.972439, 41.293755 ], [ 1.972702, 41.293943 ], [ 1.972985, 41.294180 ], [ 1.973269, 41.294418 ], [ 1.973779, 41.294795 ], [ 1.974109, 41.294967 ], [ 1.978206, 41.296452 ], [ 1.979084, 41.295908 ] ] ] ] } },
{ "type": "Feature", "properties": { "fid": 8, "id": 201, "CODIMUNI": "082665", "NOMMUNI": "Cerdanyola del Vallès", "NOMMUNIIND": "Cerdanyola del Vallès", "CAPMUNI": "Cerdanyola del Vallès", "CAPMUNIIND": "Cerdanyola del Vallès", "AREAM5000": 30.8099, "CODICOMAR": "40", "NOMCOMAR": "Vallès Occidental", "CAPCOMAR": "Sabadell / Terrassa", "CAPCOMIND": "Sabadell / Terrassa", "CODIVEGUE": "01", "NOMVEGUE": "Barcelona", "CAPVEGUE": "Barcelona", "CODIPROV": "08", "NOMPROV": "Barcelona", "CAPPROV": "Barcelona" }, "geometry": { "type": "MultiPolygon", "coordinates": [ [ [ [ 2.088650, 41.511234 ], [ 2.089171, 41.509997 ], [ 2.089252, 41.509898 ], [ 2.089364, 41.509763 ], [ 2.089606, 41.509493 ], [ 2.089725, 41.509488 ], [ 2.091682, 41.509574 ], [ 2.093554, 41.509672 ], [ 2.094293, 41.509764 ], [ 2.095167, 41.509854 ], [ 2.096173, 41.509948 ], [ 2.098030, 41.510095 ], [ 2.099194, 41.510146 ], [ 2.099522, 41.510148 ], [ 2.099756, 41.510137 ], [ 2.099914, 41.510099 ], [ 2.100079, 41.510025 ], [ 2.100189, 41.509958 ], [ 2.100301, 41.509886 ], [ 2.101847, 41.508730 ], [ 2.102433, 41.508280 ], [ 2.103495, 41.507499 ], [ 2.104850, 41.506739 ], [ 2.107008, 41.507707 ], [ 2.109047, 41.506421 ], [ 2.109148, 41.506197 ], [ 2.109274, 41.505946 ], [ 2.109664, 41.505294 ], [ 2.109812, 41.505113 ], [ 2.109920, 41.505044 ], [ 2.110325, 41.504921 ], [ 2.110706, 41.504847 ], [ 2.111927, 41.504670 ], [ 2.112377, 41.504624 ], [ 2.112679, 41.504596 ], [ 2.113452, 41.504540 ], [ 2.114884, 41.504424 ], [ 2.116122, 41.504215 ], [ 2.116491, 41.504144 ], [ 2.117265, 41.503990 ], [ 2.117421, 41.503954 ], [ 2.120637, 41.502920 ], [ 2.124767, 41.505418 ], [ 2.126001, 41.506243 ], [ 2.134937, 41.505963 ], [ 2.135081, 41.505876 ], [ 2.138181, 41.502375 ], [ 2.142860, 41.497122 ], [ 2.143178, 41.496873 ], [ 2.143931, 41.496334 ], [ 2.144037, 41.496417 ], [ 2.145205, 41.497332 ], [ 2.149591, 41.494120 ], [ 2.148220, 41.493328 ], [ 2.148118, 41.493269 ], [ 2.151432, 41.490854 ], [ 2.152769, 41.489885 ], [ 2.152368, 41.489676 ], [ 2.153258, 41.488631 ], [ 2.153624, 41.488312 ], [ 2.155238, 41.487238 ], [ 2.157312, 41.486106 ], [ 2.159575, 41.484789 ], [ 2.159057, 41.483774 ], [ 2.158625, 41.483293 ], [ 2.157713, 41.479946 ], [ 2.154168, 41.475151 ], [ 2.154276, 41.475107 ], [ 2.154431, 41.475046 ], [ 2.154803, 41.474906 ], [ 2.155174, 41.474759 ], [ 2.155349, 41.474687 ], [ 2.156521, 41.473096 ], [ 2.155714, 41.467236 ], [ 2.156242, 41.467024 ], [ 2.158379, 41.467589 ], [ 2.159624, 41.465825 ], [ 2.159798, 41.465465 ], [ 2.159848, 41.464726 ], [ 2.159832, 41.464598 ], [ 2.159665, 41.464267 ], [ 2.159212, 41.463477 ], [ 2.158713, 41.462792 ], [ 2.158245, 41.461996 ], [ 2.157790, 41.461058 ], [ 2.157307, 41.458385 ], [ 2.157222, 41.457883 ], [ 2.156971, 41.456108 ], [ 2.157441, 41.455683 ], [ 2.157802, 41.455654 ], [ 2.158009, 41.455501 ], [ 2.158362, 41.454856 ], [ 2.158557, 41.453752 ], [ 2.155842, 41.449934 ], [ 2.154332, 41.449352 ], [ 2.153558, 41.448798 ], [ 2.153544, 41.448787 ], [ 2.153523, 41.448768 ], [ 2.153505, 41.448751 ], [ 2.153431, 41.448649 ], [ 2.153429, 41.448646 ], [ 2.153427, 41.448642 ], [ 2.153425, 41.448639 ], [ 2.153423, 41.448636 ], [ 2.153422, 41.448634 ], [ 2.153420, 41.448630 ], [ 2.153419, 41.448628 ], [ 2.153418, 41.448625 ], [ 2.153416, 41.448622 ], [ 2.153415, 41.448619 ], [ 2.153413, 41.448615 ], [ 2.153412, 41.448612 ], [ 2.153412, 41.448610 ], [ 2.153411, 41.448607 ], [ 2.153410, 41.448604 ], [ 2.153409, 41.448600 ], [ 2.153408, 41.448598 ], [ 2.153408, 41.448595 ], [ 2.153407, 41.448591 ], [ 2.153407, 41.448588 ], [ 2.153314, 41.447967 ], [ 2.153062, 41.447733 ], [ 2.152210, 41.447179 ], [ 2.149055, 41.446953 ], [ 2.147086, 41.447224 ], [ 2.143421, 41.447587 ], [ 2.138297, 41.447851 ], [ 2.137492, 41.447832 ], [ 2.135195, 41.447538 ], [ 2.134612, 41.447252 ], [ 2.133611, 41.445797 ], [ 2.132907, 41.444942 ], [ 2.132023, 41.444145 ], [ 2.130640, 41.443707 ], [ 2.129943, 41.443029 ], [ 2.127123, 41.444771 ], [ 2.120903, 41.448857 ], [ 2.120817, 41.448915 ], [ 2.120769, 41.448969 ], [ 2.120738, 41.449009 ], [ 2.120084, 41.449942 ], [ 2.120039, 41.450010 ], [ 2.120004, 41.450074 ], [ 2.119979, 41.450140 ], [ 2.119958, 41.450209 ], [ 2.119947, 41.450268 ], [ 2.119741, 41.452463 ], [ 2.119685, 41.454304 ], [ 2.118951, 41.456100 ], [ 2.117047, 41.459173 ], [ 2.116334, 41.459868 ], [ 2.115914, 41.460897 ], [ 2.116306, 41.463141 ], [ 2.117224, 41.464256 ], [ 2.117266, 41.464286 ], [ 2.117298, 41.464328 ], [ 2.117316, 41.464368 ], [ 2.117495, 41.465000 ], [ 2.117510, 41.465072 ], [ 2.117536, 41.465254 ], [ 2.117618, 41.466075 ], [ 2.117419, 41.466162 ], [ 2.113904, 41.465788 ], [ 2.112378, 41.465986 ], [ 2.108662, 41.467169 ], [ 2.108032, 41.467406 ], [ 2.107917, 41.467458 ], [ 2.106588, 41.468090 ], [ 2.106467, 41.468150 ], [ 2.106394, 41.468197 ], [ 2.106325, 41.468244 ], [ 2.106283, 41.468283 ], [ 2.106240, 41.468328 ], [ 2.106207, 41.468364 ], [ 2.106184, 41.468416 ], [ 2.105236, 41.470535 ], [ 2.102748, 41.473302 ], [ 2.100313, 41.475386 ], [ 2.095046, 41.480371 ], [ 2.090210, 41.483622 ], [ 2.082053, 41.488921 ], [ 2.078872, 41.494991 ], [ 2.074492, 41.497577 ], [ 2.074764, 41.498506 ], [ 2.074992, 41.499555 ], [ 2.075100, 41.500653 ], [ 2.075192, 41.502026 ], [ 2.075250, 41.505247 ], [ 2.075249, 41.506231 ], [ 2.075183, 41.506598 ], [ 2.075851, 41.506613 ], [ 2.076029, 41.506620 ], [ 2.076120, 41.506627 ], [ 2.076714, 41.506673 ], [ 2.076771, 41.506680 ], [ 2.077052, 41.506743 ], [ 2.077259, 41.506796 ], [ 2.078446, 41.507128 ], [ 2.078772, 41.507222 ], [ 2.079395, 41.507403 ], [ 2.079654, 41.507498 ], [ 2.079752, 41.507562 ], [ 2.079795, 41.507605 ], [ 2.080337, 41.508187 ], [ 2.082388, 41.509897 ], [ 2.085401, 41.510748 ], [ 2.088684, 41.511461 ], [ 2.088650, 41.511234 ] ] ] ] } },
{ "type": "Feature", "properties": { "fid": 9, "id": 202, "CODIMUNI": "080689", "NOMMUNI": "Cervelló", "NOMMUNIIND": "Cervelló", "CAPMUNI": "Cervelló", "CAPMUNIIND": "Cervelló", "AREAM5000": 24.13, "CODICOMAR": "11", "NOMCOMAR": "Baix Llobregat", "CAPCOMAR": "Sant Feliu de Llobregat", "CAPCOMIND": "Sant Feliu de Llobregat", "CODIVEGUE": "01", "NOMVEGUE": "Barcelona", "CAPVEGUE": "Barcelona", "CODIPROV": "08", "NOMPROV": "Barcelona", "CAPPROV": "Barcelona" }, "geometry": { "type": "MultiPolygon", "coordinates": [ [ [ [ 1.937943, 41.414557 ], [ 1.940020, 41.413408 ], [ 1.940836, 41.409965 ], [ 1.939776, 41.407998 ], [ 1.938671, 41.407080 ], [ 1.938522, 41.407010 ], [ 1.938419, 41.406953 ], [ 1.938335, 41.406888 ], [ 1.938283, 41.406838 ], [ 1.938249, 41.406779 ], [ 1.938204, 41.406658 ], [ 1.938160, 41.406506 ], [ 1.938121, 41.406328 ], [ 1.938095, 41.406196 ], [ 1.938088, 41.406094 ], [ 1.938281, 41.405123 ], [ 1.938906, 41.405282 ], [ 1.940343, 41.406099 ], [ 1.941270, 41.406628 ], [ 1.942069, 41.407122 ], [ 1.942492, 41.407230 ], [ 1.942605, 41.407229 ], [ 1.945123, 41.406933 ], [ 1.945308, 41.406678 ], [ 1.945397, 41.406538 ], [ 1.945586, 41.406161 ], [ 1.945932, 41.405318 ], [ 1.946023, 41.405058 ], [ 1.946039, 41.405004 ], [ 1.946048, 41.404951 ], [ 1.946047, 41.404891 ], [ 1.946036, 41.404815 ], [ 1.945916, 41.404054 ], [ 1.949252, 41.402887 ], [ 1.949840, 41.402837 ], [ 1.949904, 41.402842 ], [ 1.949992, 41.402855 ], [ 1.950354, 41.402947 ], [ 1.950575, 41.403015 ], [ 1.950982, 41.403144 ], [ 1.951482, 41.403312 ], [ 1.951602, 41.403358 ], [ 1.951798, 41.403436 ], [ 1.952049, 41.403552 ], [ 1.952216, 41.403671 ], [ 1.952342, 41.403764 ], [ 1.952413, 41.403823 ], [ 1.952477, 41.403883 ], [ 1.952619, 41.404041 ], [ 1.952723, 41.404174 ], [ 1.953087, 41.404651 ], [ 1.953079, 41.404698 ], [ 1.953078, 41.404741 ], [ 1.953086, 41.404786 ], [ 1.953120, 41.404868 ], [ 1.953155, 41.404936 ], [ 1.953205, 41.405016 ], [ 1.953411, 41.405342 ], [ 1.953483, 41.405456 ], [ 1.953553, 41.405559 ], [ 1.953643, 41.405679 ], [ 1.953694, 41.405732 ], [ 1.953731, 41.405768 ], [ 1.953813, 41.405837 ], [ 1.954298, 41.406232 ], [ 1.954690, 41.406538 ], [ 1.954933, 41.406725 ], [ 1.955043, 41.406789 ], [ 1.955149, 41.406834 ], [ 1.955440, 41.406953 ], [ 1.956656, 41.407432 ], [ 1.960124, 41.408752 ], [ 1.960371, 41.408777 ], [ 1.960552, 41.408793 ], [ 1.961168, 41.408813 ], [ 1.961781, 41.408826 ], [ 1.964133, 41.408129 ], [ 1.964140, 41.408097 ], [ 1.964111, 41.407899 ], [ 1.964105, 41.407870 ], [ 1.964091, 41.407847 ], [ 1.964072, 41.407820 ], [ 1.964500, 41.406050 ], [ 1.967111, 41.404908 ], [ 1.970567, 41.403929 ], [ 1.972282, 41.403453 ], [ 1.972411, 41.403405 ], [ 1.972513, 41.403359 ], [ 1.972567, 41.403322 ], [ 1.972614, 41.403281 ], [ 1.973150, 41.402658 ], [ 1.973635, 41.401956 ], [ 1.973825, 41.401398 ], [ 1.980514, 41.399907 ], [ 1.982431, 41.399755 ], [ 1.982915, 41.399724 ], [ 1.983111, 41.399792 ], [ 1.983195, 41.399822 ], [ 1.983306, 41.399867 ], [ 1.983549, 41.399978 ], [ 1.983854, 41.400126 ], [ 1.984126, 41.400276 ], [ 1.984347, 41.400413 ], [ 1.984539, 41.400540 ], [ 1.984707, 41.400658 ], [ 1.984881, 41.400792 ], [ 1.985034, 41.400918 ], [ 1.985284, 41.401150 ], [ 1.985450, 41.401344 ], [ 1.985758, 41.401716 ], [ 1.985945, 41.402035 ], [ 1.986017, 41.402189 ], [ 1.986068, 41.402323 ], [ 1.986106, 41.402430 ], [ 1.986156, 41.402596 ], [ 1.986197, 41.402736 ], [ 1.986279, 41.403063 ], [ 1.986325, 41.403276 ], [ 1.986357, 41.403425 ], [ 1.986386, 41.403571 ], [ 1.986423, 41.403732 ], [ 1.986453, 41.403857 ], [ 1.986532, 41.404151 ], [ 1.986580, 41.404298 ], [ 1.986639, 41.404463 ], [ 1.986676, 41.404556 ], [ 1.986731, 41.404689 ], [ 1.986799, 41.404839 ], [ 1.986842, 41.404926 ], [ 1.986879, 41.404994 ], [ 1.986922, 41.405073 ], [ 1.986977, 41.405171 ], [ 1.987087, 41.405346 ], [ 1.987245, 41.405577 ], [ 1.987377, 41.405749 ], [ 1.987560, 41.405963 ], [ 1.987768, 41.406186 ], [ 1.989157, 41.407581 ], [ 1.990074, 41.405864 ], [ 1.990601, 41.405003 ], [ 1.990670, 41.404910 ], [ 1.990776, 41.404837 ], [ 1.991327, 41.404474 ], [ 1.992347, 41.403825 ], [ 1.993961, 41.403511 ], [ 1.995153, 41.402406 ], [ 1.995544, 41.401611 ], [ 1.995598, 41.401486 ], [ 1.995642, 41.401330 ], [ 1.995710, 41.400979 ], [ 1.995223, 41.397353 ], [ 1.994575, 41.395795 ], [ 1.992130, 41.394432 ], [ 1.991912, 41.394348 ], [ 1.991602, 41.394262 ], [ 1.991084, 41.394194 ], [ 1.990829, 41.394163 ], [ 1.990019, 41.394083 ], [ 1.989929, 41.394095 ], [ 1.989698, 41.394190 ], [ 1.987614, 41.392368 ], [ 1.985838, 41.390393 ], [ 1.983662, 41.387253 ], [ 1.983118, 41.386810 ], [ 1.982600, 41.385759 ], [ 1.982346, 41.385175 ], [ 1.981313, 41.382367 ], [ 1.979269, 41.380329 ], [ 1.979855, 41.377765 ], [ 1.980191, 41.377447 ], [ 1.980317, 41.377356 ], [ 1.980566, 41.377260 ], [ 1.984734, 41.376223 ], [ 1.986986, 41.375866 ], [ 1.987857, 41.376331 ], [ 1.988176, 41.376444 ], [ 1.988405, 41.376518 ], [ 1.988770, 41.376572 ], [ 1.989102, 41.376584 ], [ 1.989445, 41.376582 ], [ 1.989745, 41.376466 ], [ 1.990062, 41.376305 ], [ 1.990648, 41.375894 ], [ 1.989704, 41.374992 ], [ 1.988483, 41.373962 ], [ 1.987146, 41.373025 ], [ 1.986895, 41.372852 ], [ 1.986533, 41.372641 ], [ 1.985623, 41.372434 ], [ 1.985382, 41.372420 ], [ 1.982638, 41.371877 ], [ 1.980979, 41.369403 ], [ 1.979581, 41.368498 ], [ 1.977832, 41.367533 ], [ 1.975065, 41.367214 ], [ 1.974474, 41.367287 ], [ 1.974263, 41.367281 ], [ 1.974100, 41.367244 ], [ 1.970242, 41.366331 ], [ 1.967984, 41.365639 ], [ 1.966114, 41.365246 ], [ 1.964519, 41.365000 ], [ 1.963668, 41.365349 ], [ 1.962453, 41.365678 ], [ 1.957008, 41.367028 ], [ 1.954821, 41.367400 ], [ 1.954201, 41.367723 ], [ 1.954102, 41.367797 ], [ 1.953730, 41.367815 ], [ 1.953553, 41.367870 ], [ 1.953004, 41.368140 ], [ 1.952516, 41.368404 ], [ 1.951768, 41.368855 ], [ 1.951505, 41.369070 ], [ 1.950897, 41.369600 ], [ 1.950628, 41.369851 ], [ 1.950337, 41.370236 ], [ 1.950198, 41.370619 ], [ 1.950116, 41.370862 ], [ 1.950124, 41.371192 ], [ 1.950161, 41.372173 ], [ 1.950365, 41.373315 ], [ 1.949288, 41.376234 ], [ 1.949235, 41.378637 ], [ 1.948533, 41.385014 ], [ 1.945660, 41.389038 ], [ 1.945098, 41.389425 ], [ 1.943390, 41.392057 ], [ 1.940726, 41.396304 ], [ 1.940164, 41.396818 ], [ 1.939212, 41.397409 ], [ 1.936186, 41.398402 ], [ 1.933257, 41.398730 ], [ 1.929777, 41.396837 ], [ 1.928054, 41.395023 ], [ 1.926313, 41.393426 ], [ 1.924611, 41.392889 ], [ 1.922244, 41.391037 ], [ 1.922329, 41.390388 ], [ 1.922123, 41.389900 ], [ 1.921779, 41.389741 ], [ 1.919208, 41.388692 ], [ 1.918158, 41.388299 ], [ 1.917225, 41.388521 ], [ 1.916216, 41.389189 ], [ 1.913587, 41.389646 ], [ 1.910922, 41.389840 ], [ 1.908310, 41.389511 ], [ 1.900744, 41.390937 ], [ 1.898585, 41.390463 ], [ 1.895067, 41.389957 ], [ 1.891087, 41.389631 ], [ 1.888137, 41.389414 ], [ 1.882658, 41.389136 ], [ 1.877368, 41.389093 ], [ 1.876668, 41.389609 ], [ 1.874828, 41.395003 ], [ 1.874828, 41.395003 ], [ 1.875776, 41.398943 ], [ 1.876539, 41.400392 ], [ 1.877615, 41.404167 ], [ 1.877906, 41.404443 ], [ 1.878590, 41.405041 ], [ 1.878652, 41.405085 ], [ 1.878694, 41.405106 ], [ 1.878828, 41.405165 ], [ 1.878997, 41.405218 ], [ 1.879108, 41.405248 ], [ 1.879240, 41.405283 ], [ 1.879326, 41.405305 ], [ 1.879405, 41.405314 ], [ 1.879571, 41.405320 ], [ 1.882906, 41.406715 ], [ 1.882962, 41.406816 ], [ 1.883011, 41.406873 ], [ 1.883092, 41.406962 ], [ 1.883367, 41.407219 ], [ 1.884013, 41.407632 ], [ 1.884717, 41.408018 ], [ 1.884951, 41.408143 ], [ 1.885634, 41.408238 ], [ 1.888215, 41.408279 ], [ 1.889195, 41.408181 ], [ 1.889816, 41.408008 ], [ 1.890665, 41.407750 ], [ 1.890685, 41.407744 ], [ 1.890851, 41.407687 ], [ 1.890884, 41.407675 ], [ 1.890959, 41.407636 ], [ 1.891046, 41.407590 ], [ 1.891318, 41.407424 ], [ 1.893623, 41.407381 ], [ 1.899455, 41.408045 ], [ 1.899639, 41.407693 ], [ 1.899672, 41.407633 ], [ 1.900006, 41.407225 ], [ 1.900421, 41.406990 ], [ 1.904289, 41.404808 ], [ 1.904437, 41.404728 ], [ 1.904464, 41.404717 ], [ 1.904519, 41.404695 ], [ 1.904598, 41.404664 ], [ 1.904624, 41.404655 ], [ 1.904651, 41.404649 ], [ 1.904693, 41.404646 ], [ 1.907215, 41.404461 ], [ 1.908435, 41.404515 ], [ 1.908989, 41.404718 ], [ 1.918239, 41.406393 ], [ 1.920438, 41.406855 ], [ 1.923195, 41.407930 ], [ 1.926351, 41.410591 ], [ 1.927394, 41.411639 ], [ 1.932437, 41.414640 ], [ 1.934725, 41.414556 ], [ 1.934762, 41.414537 ], [ 1.934786, 41.414525 ], [ 1.934806, 41.414516 ], [ 1.934824, 41.414509 ], [ 1.934830, 41.414506 ], [ 1.934835, 41.414504 ], [ 1.934841, 41.414502 ], [ 1.934847, 41.414501 ], [ 1.934853, 41.414499 ], [ 1.934860, 41.414497 ], [ 1.934866, 41.414495 ], [ 1.934872, 41.414494 ], [ 1.934877, 41.414493 ], [ 1.934881, 41.414493 ], [ 1.934886, 41.414492 ], [ 1.934891, 41.414491 ], [ 1.934899, 41.414490 ], [ 1.934904, 41.414490 ], [ 1.934909, 41.414490 ], [ 1.934917, 41.414489 ], [ 1.934925, 41.414489 ], [ 1.934932, 41.414489 ], [ 1.934943, 41.414489 ], [ 1.935142, 41.414489 ], [ 1.935174, 41.414490 ], [ 1.935199, 41.414491 ], [ 1.935224, 41.414493 ], [ 1.935248, 41.414495 ], [ 1.935263, 41.414497 ], [ 1.935283, 41.414500 ], [ 1.935300, 41.414503 ], [ 1.935314, 41.414506 ], [ 1.935328, 41.414510 ], [ 1.935346, 41.414515 ], [ 1.935361, 41.414520 ], [ 1.935373, 41.414524 ], [ 1.936307, 41.414870 ], [ 1.936652, 41.415208 ], [ 1.937943, 41.414557 ] ] ] ] } },
{ "type": "Feature", "properties": { "fid": 10, "id": 220, "CODIMUNI": "080728", "NOMMUNI": "Corbera de Llobregat", "NOMMUNIIND": "Corbera de Llobregat", "CAPMUNI": "Corbera de Llobregat", "CAPMUNIIND": "Corbera de Llobregat", "AREAM5000": 18.2971, "CODICOMAR": "11", "NOMCOMAR": "Baix Llobregat", "CAPCOMAR": "Sant Feliu de Llobregat", "CAPCOMIND": "Sant Feliu de Llobregat", "CODIVEGUE": "01", "NOMVEGUE": "Barcelona", "CAPVEGUE": "Barcelona", "CODIPROV": "08", "NOMPROV": "Barcelona", "CAPPROV": "Barcelona" }, "geometry": { "type": "MultiPolygon", "coordinates": [ [ [ [ 1.985265, 41.443293 ], [ 1.987397, 41.441482 ], [ 1.987520, 41.441386 ], [ 1.987950, 41.441058 ], [ 1.988298, 41.440819 ], [ 1.988816, 41.440492 ], [ 1.990408, 41.439620 ], [ 1.985907, 41.436912 ], [ 1.986900, 41.435623 ], [ 1.986807, 41.434839 ], [ 1.984602, 41.434272 ], [ 1.979127, 41.433340 ], [ 1.974198, 41.432172 ], [ 1.972898, 41.430332 ], [ 1.970529, 41.427886 ], [ 1.968335, 41.427057 ], [ 1.966767, 41.425530 ], [ 1.965190, 41.423961 ], [ 1.962410, 41.421530 ], [ 1.955694, 41.419602 ], [ 1.953179, 41.419903 ], [ 1.951869, 41.420376 ], [ 1.950492, 41.420648 ], [ 1.948741, 41.420965 ], [ 1.946554, 41.420234 ], [ 1.945191, 41.419286 ], [ 1.945183, 41.417508 ], [ 1.945053, 41.417510 ], [ 1.944923, 41.417515 ], [ 1.944778, 41.417525 ], [ 1.944681, 41.417545 ], [ 1.944665, 41.417548 ], [ 1.944649, 41.417553 ], [ 1.944638, 41.417556 ], [ 1.944579, 41.417577 ], [ 1.944566, 41.417581 ], [ 1.943868, 41.417905 ], [ 1.942808, 41.418436 ], [ 1.942270, 41.418678 ], [ 1.940509, 41.418979 ], [ 1.939360, 41.418995 ], [ 1.938859, 41.418983 ], [ 1.938043, 41.418945 ], [ 1.937817, 41.418883 ], [ 1.937396, 41.418697 ], [ 1.937232, 41.418622 ], [ 1.937227, 41.418620 ], [ 1.937206, 41.418608 ], [ 1.937183, 41.418589 ], [ 1.937130, 41.418544 ], [ 1.936941, 41.418378 ], [ 1.936816, 41.418263 ], [ 1.936305, 41.417686 ], [ 1.936018, 41.417294 ], [ 1.935800, 41.416980 ], [ 1.935647, 41.416078 ], [ 1.935656, 41.415971 ], [ 1.936315, 41.415245 ], [ 1.936652, 41.415208 ], [ 1.936307, 41.414870 ], [ 1.935373, 41.414524 ], [ 1.935361, 41.414520 ], [ 1.935346, 41.414515 ], [ 1.935328, 41.414510 ], [ 1.935314, 41.414506 ], [ 1.935300, 41.414503 ], [ 1.935283, 41.414500 ], [ 1.935263, 41.414497 ], [ 1.935248, 41.414495 ], [ 1.935224, 41.414493 ], [ 1.935199, 41.414491 ], [ 1.935174, 41.414490 ], [ 1.935142, 41.414489 ], [ 1.934943, 41.414489 ], [ 1.934932, 41.414489 ], [ 1.934925, 41.414489 ], [ 1.934917, 41.414489 ], [ 1.934909, 41.414490 ], [ 1.934904, 41.414490 ], [ 1.934899, 41.414490 ], [ 1.934891, 41.414491 ], [ 1.934886, 41.414492 ], [ 1.934881, 41.414493 ], [ 1.934877, 41.414493 ], [ 1.934872, 41.414494 ], [ 1.934866, 41.414495 ], [ 1.934860, 41.414497 ], [ 1.934853, 41.414499 ], [ 1.934847, 41.414501 ], [ 1.934841, 41.414502 ], [ 1.934835, 41.414504 ], [ 1.934830, 41.414506 ], [ 1.934824, 41.414509 ], [ 1.934806, 41.414516 ], [ 1.934786, 41.414525 ], [ 1.934762, 41.414537 ], [ 1.934725, 41.414556 ], [ 1.932437, 41.414640 ], [ 1.927394, 41.411639 ], [ 1.926351, 41.410591 ], [ 1.923195, 41.407930 ], [ 1.920438, 41.406855 ], [ 1.918239, 41.406393 ], [ 1.908989, 41.404718 ], [ 1.908435, 41.404515 ], [ 1.907215, 41.404461 ], [ 1.904693, 41.404646 ], [ 1.904651, 41.404649 ], [ 1.904624, 41.404655 ], [ 1.904598, 41.404664 ], [ 1.904519, 41.404695 ], [ 1.904464, 41.404717 ], [ 1.904437, 41.404728 ], [ 1.904289, 41.404808 ], [ 1.900421, 41.406990 ], [ 1.900006, 41.407225 ], [ 1.899672, 41.407633 ], [ 1.899639, 41.407693 ], [ 1.899455, 41.408045 ], [ 1.893623, 41.407381 ], [ 1.891318, 41.407424 ], [ 1.891046, 41.407590 ], [ 1.890959, 41.407636 ], [ 1.890884, 41.407675 ], [ 1.890851, 41.407687 ], [ 1.890685, 41.407744 ], [ 1.890665, 41.407750 ], [ 1.889816, 41.408008 ], [ 1.889195, 41.408181 ], [ 1.888215, 41.408279 ], [ 1.885634, 41.408238 ], [ 1.884951, 41.408143 ], [ 1.884320, 41.408561 ], [ 1.882920, 41.409587 ], [ 1.882623, 41.409896 ], [ 1.882402, 41.410134 ], [ 1.881186, 41.411593 ], [ 1.881473, 41.412424 ], [ 1.882286, 41.414227 ], [ 1.883352, 41.414704 ], [ 1.885111, 41.415461 ], [ 1.886049, 41.416114 ], [ 1.887355, 41.417061 ], [ 1.888754, 41.418919 ], [ 1.889184, 41.421897 ], [ 1.887507, 41.423008 ], [ 1.888938, 41.425766 ], [ 1.890033, 41.426757 ], [ 1.891207, 41.428056 ], [ 1.891209, 41.428561 ], [ 1.891189, 41.428705 ], [ 1.891153, 41.428836 ], [ 1.891114, 41.428978 ], [ 1.891058, 41.429098 ], [ 1.891050, 41.429194 ], [ 1.891106, 41.429430 ], [ 1.891238, 41.429813 ], [ 1.891311, 41.430024 ], [ 1.891450, 41.430164 ], [ 1.891622, 41.430318 ], [ 1.891811, 41.430476 ], [ 1.891948, 41.430503 ], [ 1.892203, 41.430538 ], [ 1.892481, 41.430576 ], [ 1.892854, 41.430613 ], [ 1.892961, 41.430606 ], [ 1.893207, 41.430563 ], [ 1.893558, 41.430493 ], [ 1.893817, 41.430435 ], [ 1.894179, 41.430335 ], [ 1.894631, 41.430177 ], [ 1.894883, 41.430070 ], [ 1.896849, 41.429027 ], [ 1.900507, 41.430614 ], [ 1.903317, 41.431352 ], [ 1.903710, 41.431182 ], [ 1.904326, 41.431001 ], [ 1.904426, 41.430984 ], [ 1.904840, 41.430915 ], [ 1.905085, 41.430885 ], [ 1.905451, 41.430883 ], [ 1.906127, 41.430881 ], [ 1.906503, 41.430957 ], [ 1.906797, 41.431039 ], [ 1.906953, 41.431098 ], [ 1.907169, 41.431180 ], [ 1.908865, 41.432018 ], [ 1.913149, 41.432968 ], [ 1.913989, 41.432915 ], [ 1.915525, 41.432507 ], [ 1.916791, 41.432125 ], [ 1.919050, 41.431635 ], [ 1.922572, 41.431449 ], [ 1.923607, 41.431599 ], [ 1.924714, 41.432051 ], [ 1.932618, 41.434688 ], [ 1.933005, 41.434727 ], [ 1.933113, 41.434738 ], [ 1.936158, 41.434938 ], [ 1.938490, 41.434366 ], [ 1.943554, 41.436149 ], [ 1.944906, 41.436797 ], [ 1.946320, 41.438009 ], [ 1.946358, 41.438059 ], [ 1.946552, 41.438325 ], [ 1.947035, 41.439109 ], [ 1.947353, 41.439840 ], [ 1.947695, 41.440082 ], [ 1.948793, 41.440829 ], [ 1.949505, 41.441121 ], [ 1.950158, 41.441265 ], [ 1.950346, 41.441278 ], [ 1.950624, 41.441260 ], [ 1.951897, 41.441027 ], [ 1.952783, 41.440727 ], [ 1.952777, 41.440711 ], [ 1.952765, 41.440684 ], [ 1.952758, 41.440669 ], [ 1.952755, 41.440658 ], [ 1.952751, 41.440646 ], [ 1.952747, 41.440626 ], [ 1.952746, 41.440615 ], [ 1.952744, 41.440597 ], [ 1.952744, 41.440577 ], [ 1.952746, 41.440564 ], [ 1.952751, 41.440547 ], [ 1.952756, 41.440531 ], [ 1.952760, 41.440521 ], [ 1.952767, 41.440505 ], [ 1.952774, 41.440493 ], [ 1.952780, 41.440484 ], [ 1.952817, 41.440435 ], [ 1.952835, 41.440412 ], [ 1.952871, 41.440366 ], [ 1.953297, 41.439828 ], [ 1.953391, 41.439713 ], [ 1.953418, 41.439689 ], [ 1.953432, 41.439675 ], [ 1.953443, 41.439665 ], [ 1.953468, 41.439644 ], [ 1.953511, 41.439609 ], [ 1.953540, 41.439587 ], [ 1.953556, 41.439577 ], [ 1.953591, 41.439556 ], [ 1.953610, 41.439545 ], [ 1.953915, 41.439444 ], [ 1.954197, 41.439352 ], [ 1.954633, 41.439211 ], [ 1.954666, 41.439202 ], [ 1.954687, 41.439197 ], [ 1.954700, 41.439195 ], [ 1.954721, 41.439192 ], [ 1.954742, 41.439190 ], [ 1.954756, 41.439189 ], [ 1.954776, 41.439189 ], [ 1.954798, 41.439189 ], [ 1.954817, 41.439191 ], [ 1.955302, 41.439255 ], [ 1.955317, 41.439257 ], [ 1.956920, 41.439722 ], [ 1.960891, 41.440908 ], [ 1.961623, 41.441445 ], [ 1.962741, 41.442134 ], [ 1.963637, 41.442527 ], [ 1.963671, 41.442541 ], [ 1.963714, 41.442559 ], [ 1.963743, 41.442571 ], [ 1.963777, 41.442585 ], [ 1.963841, 41.442608 ], [ 1.964358, 41.442797 ], [ 1.964392, 41.442808 ], [ 1.964414, 41.442814 ], [ 1.964434, 41.442819 ], [ 1.964453, 41.442822 ], [ 1.964474, 41.442826 ], [ 1.964499, 41.442830 ], [ 1.964512, 41.442831 ], [ 1.966206, 41.442982 ], [ 1.966237, 41.442983 ], [ 1.966270, 41.442983 ], [ 1.970727, 41.442660 ], [ 1.973852, 41.442280 ], [ 1.975828, 41.441777 ], [ 1.978079, 41.441309 ], [ 1.979217, 41.441720 ], [ 1.982253, 41.442904 ], [ 1.984992, 41.443542 ], [ 1.985265, 41.443293 ] ] ] ] } },
{ "type": "Feature", "properties": { "fid": 11, "id": 223, "CODIMUNI": "080734", "NOMMUNI": "Cornellà de Llobregat", "NOMMUNIIND": "Cornellà de Llobregat", "CAPMUNI": "Cornellà de Llobregat", "CAPMUNIIND": "Cornellà de Llobregat", "AREAM5000": 6.9281, "CODICOMAR": "11", "NOMCOMAR": "Baix Llobregat", "CAPCOMAR": "Sant Feliu de Llobregat", "CAPCOMIND": "Sant Feliu de Llobregat", "CODIVEGUE": "01", "NOMVEGUE": "Barcelona", "CAPVEGUE": "Barcelona", "CODIPROV": "08", "NOMPROV": "Barcelona", "CAPPROV": "Barcelona" }, "geometry": { "type": "MultiPolygon", "coordinates": [ [ [ [ 2.080490, 41.367260 ], [ 2.083550, 41.365921 ], [ 2.085375, 41.365951 ], [ 2.086778, 41.366775 ], [ 2.086804, 41.366199 ], [ 2.086981, 41.364756 ], [ 2.086992, 41.364690 ], [ 2.087015, 41.364619 ], [ 2.087028, 41.364583 ], [ 2.087052, 41.364526 ], [ 2.087277, 41.364306 ], [ 2.091461, 41.360919 ], [ 2.095523, 41.358439 ], [ 2.099878, 41.351919 ], [ 2.097569, 41.350907 ], [ 2.097235, 41.350762 ], [ 2.095452, 41.349846 ], [ 2.095075, 41.349648 ], [ 2.094791, 41.349492 ], [ 2.093308, 41.348651 ], [ 2.092299, 41.348073 ], [ 2.092295, 41.347924 ], [ 2.092292, 41.347802 ], [ 2.092290, 41.347740 ], [ 2.092276, 41.347514 ], [ 2.092259, 41.347334 ], [ 2.092238, 41.347161 ], [ 2.092208, 41.346936 ], [ 2.092169, 41.346682 ], [ 2.092122, 41.346424 ], [ 2.092070, 41.346176 ], [ 2.092058, 41.346122 ], [ 2.091977, 41.345787 ], [ 2.091920, 41.345585 ], [ 2.091824, 41.345261 ], [ 2.091805, 41.345209 ], [ 2.091722, 41.344973 ], [ 2.091646, 41.344774 ], [ 2.091600, 41.344654 ], [ 2.091569, 41.344576 ], [ 2.091411, 41.344208 ], [ 2.091384, 41.344145 ], [ 2.091377, 41.344129 ], [ 2.091349, 41.344072 ], [ 2.091311, 41.343993 ], [ 2.091178, 41.343720 ], [ 2.091163, 41.343689 ], [ 2.091149, 41.343664 ], [ 2.091048, 41.343474 ], [ 2.091000, 41.343389 ], [ 2.090948, 41.343298 ], [ 2.090893, 41.343202 ], [ 2.090829, 41.343092 ], [ 2.090778, 41.343010 ], [ 2.090712, 41.342902 ], [ 2.090611, 41.342740 ], [ 2.090403, 41.342430 ], [ 2.090368, 41.342380 ], [ 2.090300, 41.342284 ], [ 2.090185, 41.342125 ], [ 2.090134, 41.342058 ], [ 2.089981, 41.341855 ], [ 2.089861, 41.341704 ], [ 2.089825, 41.341659 ], [ 2.089760, 41.341579 ], [ 2.089719, 41.341530 ], [ 2.089666, 41.341467 ], [ 2.089619, 41.341413 ], [ 2.089521, 41.341300 ], [ 2.087056, 41.343160 ], [ 2.086124, 41.343928 ], [ 2.085152, 41.344911 ], [ 2.084071, 41.346079 ], [ 2.083789, 41.346309 ], [ 2.083506, 41.346483 ], [ 2.083318, 41.346556 ], [ 2.082964, 41.346663 ], [ 2.082724, 41.346720 ], [ 2.082451, 41.346766 ], [ 2.081961, 41.346713 ], [ 2.081585, 41.346617 ], [ 2.081232, 41.346511 ], [ 2.077038, 41.347042 ], [ 2.076595, 41.347203 ], [ 2.075724, 41.347489 ], [ 2.075235, 41.347598 ], [ 2.074765, 41.347689 ], [ 2.074408, 41.347726 ], [ 2.073882, 41.347736 ], [ 2.073429, 41.347674 ], [ 2.073000, 41.347503 ], [ 2.072729, 41.347277 ], [ 2.072578, 41.347077 ], [ 2.072308, 41.346624 ], [ 2.072234, 41.346346 ], [ 2.072170, 41.345967 ], [ 2.072272, 41.345170 ], [ 2.072166, 41.344944 ], [ 2.072023, 41.344748 ], [ 2.071735, 41.344392 ], [ 2.071526, 41.344294 ], [ 2.071237, 41.344170 ], [ 2.070555, 41.343961 ], [ 2.070333, 41.343924 ], [ 2.070056, 41.343984 ], [ 2.069434, 41.344257 ], [ 2.069109, 41.344446 ], [ 2.068771, 41.344648 ], [ 2.067460, 41.345219 ], [ 2.063633, 41.346873 ], [ 2.062397, 41.347292 ], [ 2.061145, 41.347660 ], [ 2.060040, 41.347869 ], [ 2.058928, 41.348047 ], [ 2.057965, 41.348165 ], [ 2.056932, 41.348237 ], [ 2.055883, 41.348247 ], [ 2.054472, 41.348181 ], [ 2.053160, 41.348018 ], [ 2.052162, 41.347883 ], [ 2.051365, 41.347747 ], [ 2.050740, 41.347627 ], [ 2.050172, 41.347510 ], [ 2.053837, 41.351228 ], [ 2.054395, 41.351770 ], [ 2.054557, 41.351912 ], [ 2.054636, 41.351979 ], [ 2.057314, 41.354401 ], [ 2.054900, 41.356387 ], [ 2.058930, 41.359585 ], [ 2.059136, 41.363141 ], [ 2.058792, 41.363493 ], [ 2.061129, 41.364881 ], [ 2.062109, 41.364483 ], [ 2.062647, 41.364100 ], [ 2.063161, 41.363682 ], [ 2.066860, 41.363535 ], [ 2.072555, 41.365955 ], [ 2.075393, 41.367607 ], [ 2.077160, 41.368643 ], [ 2.077990, 41.369137 ], [ 2.079033, 41.369809 ], [ 2.079052, 41.369838 ], [ 2.080490, 41.367260 ] ] ] ] } },
{ "type": "Feature", "properties": { "fid": 12, "id": 250, "CODIMUNI": "081580", "NOMMUNI": "el Papiol", "NOMMUNIIND": "Papiol, el", "CAPMUNI": "el Papiol", "CAPMUNIIND": "Papiol, el", "AREAM5000": 8.8475, "CODICOMAR": "11", "NOMCOMAR": "Baix Llobregat", "CAPCOMAR": "Sant Feliu de Llobregat", "CAPCOMIND": "Sant Feliu de Llobregat", "CODIVEGUE": "01", "NOMVEGUE": "Barcelona", "CAPVEGUE": "Barcelona", "CODIPROV": "08", "NOMPROV": "Barcelona", "CAPPROV": "Barcelona" }, "geometry": { "type": "MultiPolygon", "coordinates": [ [ [ [ 2.010515, 41.456645 ], [ 2.010830, 41.457253 ], [ 2.010984, 41.457553 ], [ 2.012837, 41.458322 ], [ 2.015190, 41.458775 ], [ 2.020727, 41.458011 ], [ 2.023392, 41.457531 ], [ 2.023570, 41.457472 ], [ 2.023942, 41.456961 ], [ 2.024091, 41.456708 ], [ 2.024099, 41.456522 ], [ 2.024053, 41.456042 ], [ 2.024062, 41.451281 ], [ 2.024649, 41.449937 ], [ 2.027011, 41.446987 ], [ 2.029296, 41.446406 ], [ 2.031242, 41.444033 ], [ 2.031233, 41.443960 ], [ 2.031259, 41.443761 ], [ 2.031287, 41.443591 ], [ 2.031325, 41.443400 ], [ 2.031383, 41.443133 ], [ 2.031467, 41.442907 ], [ 2.031560, 41.442669 ], [ 2.031664, 41.442530 ], [ 2.031853, 41.442328 ], [ 2.032024, 41.442202 ], [ 2.032946, 41.441689 ], [ 2.032735, 41.439693 ], [ 2.031884, 41.438736 ], [ 2.029902, 41.437095 ], [ 2.028262, 41.433628 ], [ 2.027450, 41.432901 ], [ 2.026996, 41.432619 ], [ 2.024452, 41.431371 ], [ 2.021296, 41.430361 ], [ 2.018958, 41.428886 ], [ 2.017101, 41.427876 ], [ 2.010728, 41.425834 ], [ 2.008184, 41.424490 ], [ 2.009106, 41.421709 ], [ 2.008862, 41.421606 ], [ 2.008546, 41.421621 ], [ 2.008309, 41.421685 ], [ 2.007367, 41.421997 ], [ 2.006995, 41.422036 ], [ 2.006671, 41.421900 ], [ 2.005603, 41.421441 ], [ 2.004932, 41.422809 ], [ 2.003236, 41.425834 ], [ 2.002880, 41.426370 ], [ 2.002226, 41.427325 ], [ 2.001611, 41.428050 ], [ 1.999220, 41.430203 ], [ 1.996308, 41.433673 ], [ 1.995998, 41.434186 ], [ 1.995632, 41.434687 ], [ 1.994774, 41.435393 ], [ 1.994425, 41.435551 ], [ 1.994080, 41.435587 ], [ 1.995088, 41.436277 ], [ 1.995691, 41.438596 ], [ 1.995958, 41.439926 ], [ 1.996038, 41.440959 ], [ 1.996152, 41.442816 ], [ 1.996139, 41.443650 ], [ 1.996139, 41.443655 ], [ 1.996124, 41.444426 ], [ 1.995956, 41.446987 ], [ 1.995866, 41.447665 ], [ 1.995728, 41.448459 ], [ 1.995567, 41.449798 ], [ 1.995567, 41.449803 ], [ 1.995555, 41.450600 ], [ 1.995722, 41.451406 ], [ 1.995914, 41.451838 ], [ 1.996198, 41.452274 ], [ 1.996436, 41.452582 ], [ 1.996800, 41.452951 ], [ 1.997326, 41.453378 ], [ 1.997804, 41.453653 ], [ 1.998384, 41.453946 ], [ 1.999308, 41.454390 ], [ 1.999535, 41.454526 ], [ 2.000251, 41.455238 ], [ 2.001048, 41.456109 ], [ 2.001130, 41.456310 ], [ 2.001129, 41.456312 ], [ 2.001035, 41.456506 ], [ 2.000712, 41.457072 ], [ 2.000452, 41.457361 ], [ 1.999632, 41.458079 ], [ 1.999381, 41.458309 ], [ 1.999247, 41.458451 ], [ 1.998984, 41.458863 ], [ 1.998943, 41.458987 ], [ 1.998950, 41.459078 ], [ 1.999203, 41.459840 ], [ 1.999263, 41.459910 ], [ 1.999729, 41.460240 ], [ 2.010515, 41.456645 ] ] ] ] } },
{ "type": "Feature", "properties": { "fid": 13, "id": 261, "CODIMUNI": "081691", "NOMMUNI": "el Prat de Llobregat", "NOMMUNIIND": "Prat de Llobregat, el", "CAPMUNI": "el Prat de Llobregat", "CAPMUNIIND": "Prat de Llobregat, el", "AREAM5000": 33.4473, "CODICOMAR": "11", "NOMCOMAR": "Baix Llobregat", "CAPCOMAR": "Sant Feliu de Llobregat", "CAPCOMIND": "Sant Feliu de Llobregat", "CODIVEGUE": "01", "NOMVEGUE": "Barcelona", "CAPVEGUE": "Barcelona", "CODIPROV": "08", "NOMPROV": "Barcelona", "CAPPROV": "Barcelona" }, "geometry": { "type": "MultiPolygon", "coordinates": [ [ [ [ 2.074408, 41.347726 ], [ 2.074765, 41.347689 ], [ 2.075235, 41.347598 ], [ 2.075724, 41.347489 ], [ 2.076595, 41.347203 ], [ 2.077038, 41.347042 ], [ 2.081232, 41.346511 ], [ 2.081585, 41.346617 ], [ 2.081961, 41.346713 ], [ 2.082451, 41.346766 ], [ 2.082724, 41.346720 ], [ 2.082964, 41.346663 ], [ 2.083318, 41.346556 ], [ 2.083506, 41.346483 ], [ 2.083789, 41.346309 ], [ 2.084071, 41.346079 ], [ 2.085152, 41.344911 ], [ 2.086124, 41.343928 ], [ 2.087056, 41.343160 ], [ 2.089521, 41.341300 ], [ 2.092073, 41.340548 ], [ 2.093127, 41.340186 ], [ 2.093794, 41.339898 ], [ 2.094442, 41.339603 ], [ 2.095221, 41.339210 ], [ 2.096055, 41.338772 ], [ 2.098562, 41.337383 ], [ 2.099850, 41.336620 ], [ 2.100526, 41.336041 ], [ 2.102249, 41.335350 ], [ 2.102769, 41.335101 ], [ 2.103134, 41.334904 ], [ 2.104128, 41.334335 ], [ 2.104788, 41.333931 ], [ 2.105389, 41.333494 ], [ 2.105829, 41.333161 ], [ 2.107653, 41.331744 ], [ 2.108378, 41.331103 ], [ 2.108748, 41.330729 ], [ 2.110131, 41.328929 ], [ 2.111378, 41.327247 ], [ 2.112302, 41.326116 ], [ 2.114038, 41.324880 ], [ 2.115652, 41.323889 ], [ 2.117043, 41.323320 ], [ 2.118900, 41.322734 ], [ 2.121745, 41.322066 ], [ 2.123135, 41.321806 ], [ 2.125798, 41.321352 ], [ 2.128518, 41.320961 ], [ 2.130711, 41.320771 ], [ 2.132116, 41.320808 ], [ 2.132582, 41.320846 ], [ 2.139768, 41.321115 ], [ 2.141267, 41.321090 ], [ 2.143742, 41.320944 ], [ 2.146729, 41.320760 ], [ 2.149857, 41.320682 ], [ 2.150695, 41.321529 ], [ 2.150815, 41.321674 ], [ 2.150926, 41.321848 ], [ 2.151142, 41.322201 ], [ 2.152247, 41.322970 ], [ 2.152392, 41.322919 ], [ 2.152710, 41.322807 ], [ 2.152634, 41.322599 ], [ 2.152638, 41.322111 ], [ 2.152315, 41.321835 ], [ 2.152280, 41.321834 ], [ 2.152224, 41.321829 ], [ 2.152168, 41.321820 ], [ 2.152071, 41.321796 ], [ 2.152095, 41.321747 ], [ 2.152122, 41.321694 ], [ 2.152266, 41.321700 ], [ 2.152383, 41.321709 ], [ 2.152719, 41.321791 ], [ 2.152951, 41.321850 ], [ 2.153130, 41.321894 ], [ 2.153489, 41.321981 ], [ 2.153521, 41.321987 ], [ 2.153545, 41.321991 ], [ 2.153592, 41.321997 ], [ 2.153625, 41.322001 ], [ 2.153658, 41.322003 ], [ 2.153719, 41.322005 ], [ 2.153752, 41.322005 ], [ 2.153779, 41.322005 ], [ 2.153794, 41.322004 ], [ 2.153809, 41.322002 ], [ 2.153826, 41.321999 ], [ 2.153843, 41.321996 ], [ 2.153857, 41.321993 ], [ 2.153871, 41.321989 ], [ 2.153919, 41.321973 ], [ 2.154042, 41.321929 ], [ 2.154055, 41.321924 ], [ 2.154069, 41.321918 ], [ 2.154120, 41.321892 ], [ 2.154223, 41.321838 ], [ 2.154229, 41.321835 ], [ 2.155669, 41.321020 ], [ 2.156213, 41.320704 ], [ 2.156225, 41.320696 ], [ 2.156259, 41.320674 ], [ 2.156292, 41.320652 ], [ 2.156337, 41.320618 ], [ 2.156355, 41.320605 ], [ 2.156371, 41.320590 ], [ 2.156404, 41.320558 ], [ 2.156443, 41.320516 ], [ 2.156451, 41.320507 ], [ 2.156480, 41.320473 ], [ 2.156495, 41.320456 ], [ 2.156502, 41.320445 ], [ 2.156508, 41.320435 ], [ 2.156517, 41.320417 ], [ 2.156529, 41.320387 ], [ 2.156533, 41.320376 ], [ 2.156553, 41.320297 ], [ 2.156555, 41.320284 ], [ 2.156556, 41.320273 ], [ 2.156554, 41.320195 ], [ 2.156551, 41.320146 ], [ 2.156549, 41.320126 ], [ 2.156548, 41.320120 ], [ 2.156545, 41.320108 ], [ 2.156541, 41.320094 ], [ 2.156533, 41.320073 ], [ 2.156529, 41.320062 ], [ 2.156524, 41.320051 ], [ 2.156476, 41.319966 ], [ 2.156468, 41.319954 ], [ 2.156465, 41.319949 ], [ 2.156457, 41.319938 ], [ 2.156443, 41.319921 ], [ 2.156428, 41.319904 ], [ 2.156424, 41.319900 ], [ 2.155576, 41.319054 ], [ 2.154513, 41.317988 ], [ 2.153426, 41.316887 ], [ 2.153010, 41.316464 ], [ 2.153002, 41.316455 ], [ 2.152938, 41.316379 ], [ 2.152934, 41.316375 ], [ 2.152928, 41.316364 ], [ 2.152912, 41.316330 ], [ 2.152910, 41.316324 ], [ 2.152909, 41.316319 ], [ 2.152909, 41.316315 ], [ 2.152918, 41.316305 ], [ 2.152924, 41.316300 ], [ 2.152931, 41.316295 ], [ 2.152951, 41.316282 ], [ 2.152964, 41.316275 ], [ 2.153205, 41.316145 ], [ 2.153715, 41.315874 ], [ 2.154010, 41.315694 ], [ 2.154495, 41.315281 ], [ 2.154775, 41.315322 ], [ 2.154951, 41.315226 ], [ 2.154616, 41.314890 ], [ 2.153205, 41.313477 ], [ 2.147548, 41.307809 ], [ 2.145928, 41.306185 ], [ 2.144741, 41.304987 ], [ 2.143995, 41.304237 ], [ 2.143880, 41.304301 ], [ 2.143976, 41.304406 ], [ 2.143976, 41.304406 ], [ 2.143796, 41.304513 ], [ 2.143519, 41.304670 ], [ 2.143291, 41.304795 ], [ 2.143279, 41.304801 ], [ 2.143260, 41.304810 ], [ 2.143245, 41.304813 ], [ 2.143240, 41.304813 ], [ 2.143227, 41.304815 ], [ 2.143218, 41.304816 ], [ 2.143210, 41.304816 ], [ 2.143203, 41.304817 ], [ 2.143179, 41.304815 ], [ 2.143017, 41.304800 ], [ 2.142968, 41.304787 ], [ 2.142785, 41.304724 ], [ 2.142399, 41.304296 ], [ 2.142378, 41.304272 ], [ 2.142360, 41.304246 ], [ 2.142346, 41.304223 ], [ 2.142339, 41.304198 ], [ 2.142336, 41.304158 ], [ 2.142336, 41.304158 ], [ 2.142338, 41.304097 ], [ 2.142338, 41.304097 ], [ 2.142346, 41.304036 ], [ 2.142346, 41.304036 ], [ 2.142441, 41.303392 ], [ 2.142589, 41.303123 ], [ 2.142869, 41.303021 ], [ 2.142880, 41.303029 ], [ 2.142891, 41.303037 ], [ 2.142905, 41.303046 ], [ 2.142912, 41.303050 ], [ 2.142918, 41.303054 ], [ 2.142924, 41.303057 ], [ 2.142937, 41.303058 ], [ 2.142944, 41.303058 ], [ 2.142950, 41.303058 ], [ 2.142963, 41.303055 ], [ 2.142977, 41.303050 ], [ 2.142983, 41.303048 ], [ 2.143002, 41.303037 ], [ 2.143025, 41.303024 ], [ 2.143410, 41.302805 ], [ 2.143662, 41.302658 ], [ 2.143914, 41.302511 ], [ 2.143992, 41.302469 ], [ 2.144073, 41.302428 ], [ 2.144098, 41.302417 ], [ 2.144124, 41.302408 ], [ 2.144137, 41.302405 ], [ 2.144150, 41.302408 ], [ 2.144193, 41.302440 ], [ 2.144230, 41.302475 ], [ 2.144500, 41.302739 ], [ 2.144769, 41.303014 ], [ 2.145094, 41.302840 ], [ 2.144926, 41.302662 ], [ 2.144691, 41.302788 ], [ 2.144323, 41.302406 ], [ 2.144303, 41.302384 ], [ 2.144286, 41.302361 ], [ 2.144280, 41.302347 ], [ 2.144278, 41.302334 ], [ 2.144277, 41.302320 ], [ 2.144283, 41.302308 ], [ 2.144314, 41.302282 ], [ 2.144364, 41.302252 ], [ 2.144828, 41.302018 ], [ 2.145014, 41.301955 ], [ 2.145057, 41.301933 ], [ 2.145148, 41.301840 ], [ 2.145135, 41.301784 ], [ 2.144872, 41.301466 ], [ 2.144613, 41.301194 ], [ 2.144162, 41.300757 ], [ 2.143588, 41.300209 ], [ 2.142886, 41.299473 ], [ 2.142914, 41.299107 ], [ 2.143739, 41.298468 ], [ 2.143800, 41.298423 ], [ 2.143894, 41.298359 ], [ 2.144414, 41.298007 ], [ 2.145306, 41.297653 ], [ 2.145453, 41.297601 ], [ 2.145610, 41.297551 ], [ 2.145767, 41.297505 ], [ 2.145928, 41.297458 ], [ 2.146083, 41.297414 ], [ 2.146136, 41.297399 ], [ 2.146189, 41.297384 ], [ 2.146513, 41.297318 ], [ 2.147062, 41.297219 ], [ 2.147110, 41.297212 ], [ 2.147253, 41.297197 ], [ 2.147617, 41.297166 ], [ 2.147837, 41.297148 ], [ 2.147962, 41.297140 ], [ 2.148149, 41.297134 ], [ 2.148336, 41.297136 ], [ 2.148559, 41.297146 ], [ 2.148782, 41.297164 ], [ 2.148992, 41.297184 ], [ 2.149201, 41.297207 ], [ 2.149435, 41.297237 ], [ 2.149553, 41.297256 ], [ 2.149680, 41.297281 ], [ 2.149807, 41.297306 ], [ 2.149898, 41.297324 ], [ 2.149989, 41.297342 ], [ 2.150128, 41.297374 ], [ 2.150264, 41.297410 ], [ 2.150359, 41.297438 ], [ 2.150454, 41.297466 ], [ 2.150572, 41.297501 ], [ 2.150689, 41.297536 ], [ 2.150774, 41.297562 ], [ 2.150859, 41.297591 ], [ 2.150986, 41.297634 ], [ 2.151113, 41.297678 ], [ 2.151239, 41.297724 ], [ 2.151673, 41.297452 ], [ 2.151998, 41.296962 ], [ 2.152042, 41.296898 ], [ 2.152090, 41.296834 ], [ 2.152432, 41.296408 ], [ 2.152470, 41.296362 ], [ 2.152526, 41.296299 ], [ 2.152585, 41.296238 ], [ 2.152594, 41.296231 ], [ 2.152596, 41.296231 ], [ 2.152609, 41.296228 ], [ 2.152616, 41.296227 ], [ 2.152623, 41.296226 ], [ 2.152637, 41.296229 ], [ 2.152644, 41.296231 ], [ 2.152651, 41.296234 ], [ 2.152899, 41.296340 ], [ 2.153258, 41.296541 ], [ 2.153594, 41.296732 ], [ 2.153926, 41.296930 ], [ 2.154085, 41.297031 ], [ 2.154200, 41.297111 ], [ 2.154366, 41.297235 ], [ 2.154528, 41.297363 ], [ 2.154795, 41.297586 ], [ 2.155054, 41.297814 ], [ 2.155241, 41.297985 ], [ 2.155422, 41.298159 ], [ 2.156596, 41.299344 ], [ 2.158069, 41.300816 ], [ 2.159031, 41.301783 ], [ 2.160686, 41.303439 ], [ 2.162954, 41.305708 ], [ 2.163784, 41.306542 ], [ 2.165370, 41.308126 ], [ 2.166170, 41.308923 ], [ 2.166307, 41.308996 ], [ 2.166382, 41.309086 ], [ 2.166454, 41.309174 ], [ 2.166503, 41.309242 ], [ 2.166548, 41.309311 ], [ 2.166654, 41.309482 ], [ 2.166755, 41.309655 ], [ 2.166818, 41.309771 ], [ 2.166867, 41.309869 ], [ 2.166912, 41.309967 ], [ 2.166990, 41.310166 ], [ 2.167032, 41.310281 ], [ 2.167069, 41.310396 ], [ 2.167089, 41.310473 ], [ 2.167108, 41.310577 ], [ 2.167141, 41.310849 ], [ 2.167160, 41.311020 ], [ 2.167176, 41.311246 ], [ 2.167182, 41.311471 ], [ 2.167180, 41.311568 ], [ 2.167176, 41.311640 ], [ 2.167163, 41.311749 ], [ 2.167142, 41.311857 ], [ 2.167085, 41.312071 ], [ 2.167022, 41.312282 ], [ 2.166958, 41.312482 ], [ 2.166597, 41.313607 ], [ 2.166489, 41.313912 ], [ 2.166381, 41.314218 ], [ 2.166304, 41.314442 ], [ 2.166228, 41.314666 ], [ 2.166059, 41.315179 ], [ 2.165890, 41.315693 ], [ 2.165758, 41.316095 ], [ 2.165625, 41.316498 ], [ 2.165390, 41.317203 ], [ 2.165332, 41.317192 ], [ 2.165136, 41.317776 ], [ 2.165417, 41.317835 ], [ 2.165729, 41.317387 ], [ 2.165744, 41.317359 ], [ 2.165755, 41.317332 ], [ 2.165803, 41.317212 ], [ 2.165846, 41.317091 ], [ 2.165941, 41.316808 ], [ 2.166035, 41.316525 ], [ 2.166344, 41.315576 ], [ 2.166490, 41.315130 ], [ 2.166864, 41.314009 ], [ 2.167251, 41.312870 ], [ 2.167354, 41.312570 ], [ 2.167387, 41.312467 ], [ 2.167432, 41.312313 ], [ 2.167471, 41.312157 ], [ 2.167501, 41.312009 ], [ 2.167519, 41.311898 ], [ 2.167558, 41.311565 ], [ 2.167570, 41.311432 ], [ 2.167582, 41.311231 ], [ 2.167583, 41.311131 ], [ 2.167581, 41.311031 ], [ 2.167575, 41.310942 ], [ 2.167557, 41.310787 ], [ 2.167553, 41.310765 ], [ 2.167479, 41.310461 ], [ 2.167457, 41.310385 ], [ 2.167431, 41.310309 ], [ 2.167374, 41.310159 ], [ 2.167289, 41.309947 ], [ 2.167195, 41.309737 ], [ 2.167148, 41.309642 ], [ 2.167096, 41.309547 ], [ 2.166986, 41.309361 ], [ 2.166913, 41.309248 ], [ 2.166836, 41.309137 ], [ 2.166679, 41.308915 ], [ 2.166404, 41.308670 ], [ 2.166316, 41.308713 ], [ 2.165544, 41.307941 ], [ 2.164499, 41.306892 ], [ 2.163602, 41.305992 ], [ 2.162997, 41.305386 ], [ 2.162558, 41.304947 ], [ 2.162118, 41.304508 ], [ 2.161755, 41.304146 ], [ 2.161391, 41.303784 ], [ 2.160939, 41.303332 ], [ 2.160487, 41.302880 ], [ 2.158771, 41.301163 ], [ 2.157221, 41.299611 ], [ 2.155753, 41.298130 ], [ 2.155642, 41.298019 ], [ 2.155530, 41.297910 ], [ 2.155325, 41.297716 ], [ 2.155115, 41.297526 ], [ 2.155000, 41.297425 ], [ 2.154822, 41.297277 ], [ 2.154639, 41.297131 ], [ 2.154517, 41.297038 ], [ 2.154424, 41.296969 ], [ 2.154280, 41.296870 ], [ 2.154205, 41.296823 ], [ 2.153270, 41.296209 ], [ 2.153268, 41.296194 ], [ 2.153260, 41.296169 ], [ 2.153244, 41.296145 ], [ 2.153221, 41.296121 ], [ 2.153194, 41.296100 ], [ 2.153150, 41.296071 ], [ 2.153103, 41.296044 ], [ 2.153017, 41.295999 ], [ 2.152928, 41.295957 ], [ 2.152719, 41.295871 ], [ 2.152509, 41.295786 ], [ 2.152215, 41.295668 ], [ 2.151919, 41.295551 ], [ 2.151811, 41.295511 ], [ 2.151701, 41.295473 ], [ 2.151626, 41.295451 ], [ 2.151524, 41.295425 ], [ 2.151121, 41.295334 ], [ 2.150800, 41.295266 ], [ 2.150479, 41.295199 ], [ 2.150217, 41.295149 ], [ 2.149953, 41.295106 ], [ 2.149776, 41.295080 ], [ 2.149639, 41.295062 ], [ 2.149501, 41.295047 ], [ 2.149225, 41.295022 ], [ 2.149040, 41.295010 ], [ 2.148762, 41.294996 ], [ 2.148483, 41.294988 ], [ 2.148298, 41.294987 ], [ 2.147943, 41.294992 ], [ 2.147588, 41.295003 ], [ 2.147352, 41.295014 ], [ 2.147037, 41.295032 ], [ 2.146933, 41.295041 ], [ 2.146796, 41.295059 ], [ 2.146519, 41.295104 ], [ 2.146243, 41.295148 ], [ 2.146081, 41.295181 ], [ 2.145928, 41.295216 ], [ 2.145759, 41.295254 ], [ 2.145414, 41.295336 ], [ 2.145072, 41.295424 ], [ 2.144834, 41.295490 ], [ 2.144599, 41.295561 ], [ 2.144444, 41.295612 ], [ 2.144240, 41.295683 ], [ 2.144064, 41.295749 ], [ 2.143889, 41.295818 ], [ 2.143544, 41.295960 ], [ 2.143239, 41.296089 ], [ 2.142938, 41.296224 ], [ 2.142741, 41.296319 ], [ 2.142661, 41.296361 ], [ 2.142582, 41.296406 ], [ 2.142430, 41.296501 ], [ 2.142335, 41.296561 ], [ 2.142245, 41.296625 ], [ 2.142120, 41.296726 ], [ 2.141995, 41.296827 ], [ 2.141679, 41.297075 ], [ 2.141359, 41.297322 ], [ 2.140979, 41.297609 ], [ 2.140597, 41.297895 ], [ 2.140240, 41.298158 ], [ 2.139882, 41.298421 ], [ 2.139647, 41.298599 ], [ 2.139035, 41.299073 ], [ 2.138425, 41.299547 ], [ 2.137796, 41.300035 ], [ 2.137167, 41.300524 ], [ 2.137063, 41.300604 ], [ 2.136853, 41.299463 ], [ 2.136500, 41.297550 ], [ 2.136635, 41.297362 ], [ 2.136814, 41.297100 ], [ 2.136950, 41.296898 ], [ 2.137081, 41.296693 ], [ 2.137168, 41.296541 ], [ 2.137248, 41.296386 ], [ 2.137399, 41.296073 ], [ 2.137484, 41.295893 ], [ 2.137563, 41.295711 ], [ 2.137612, 41.295589 ], [ 2.137674, 41.295416 ], [ 2.137727, 41.295241 ], [ 2.137758, 41.295124 ], [ 2.137795, 41.294967 ], [ 2.137853, 41.294669 ], [ 2.137907, 41.294370 ], [ 2.137941, 41.294156 ], [ 2.137973, 41.293942 ], [ 2.137990, 41.293787 ], [ 2.137997, 41.293631 ], [ 2.137997, 41.293527 ], [ 2.137993, 41.293389 ], [ 2.137983, 41.293204 ], [ 2.137980, 41.293182 ], [ 2.137972, 41.293161 ], [ 2.137962, 41.293147 ], [ 2.137943, 41.293129 ], [ 2.137927, 41.293119 ], [ 2.137910, 41.293111 ], [ 2.137877, 41.293102 ], [ 2.137854, 41.293100 ], [ 2.137820, 41.293101 ], [ 2.137785, 41.293108 ], [ 2.137762, 41.293116 ], [ 2.137731, 41.293134 ], [ 2.137704, 41.293157 ], [ 2.137686, 41.293180 ], [ 2.137677, 41.293196 ], [ 2.137671, 41.293218 ], [ 2.137667, 41.293248 ], [ 2.137666, 41.293352 ], [ 2.137664, 41.293455 ], [ 2.137653, 41.293700 ], [ 2.137640, 41.293945 ], [ 2.137626, 41.294108 ], [ 2.137613, 41.294225 ], [ 2.137594, 41.294342 ], [ 2.137551, 41.294574 ], [ 2.137513, 41.294755 ], [ 2.137470, 41.294936 ], [ 2.137437, 41.295057 ], [ 2.137376, 41.295246 ], [ 2.137308, 41.295434 ], [ 2.137258, 41.295558 ], [ 2.137157, 41.295796 ], [ 2.137048, 41.296033 ], [ 2.136961, 41.296212 ], [ 2.136870, 41.296391 ], [ 2.136611, 41.296892 ], [ 2.136536, 41.297036 ], [ 2.136477, 41.297128 ], [ 2.136440, 41.297179 ], [ 2.136078, 41.297628 ], [ 2.136035, 41.297649 ], [ 2.136027, 41.297653 ], [ 2.136013, 41.297658 ], [ 2.136006, 41.297660 ], [ 2.135990, 41.297662 ], [ 2.135972, 41.297664 ], [ 2.135954, 41.297665 ], [ 2.135936, 41.297666 ], [ 2.135921, 41.297666 ], [ 2.135906, 41.297665 ], [ 2.135441, 41.297648 ], [ 2.135345, 41.297648 ], [ 2.135163, 41.297651 ], [ 2.135057, 41.297656 ], [ 2.134975, 41.297661 ], [ 2.134471, 41.297707 ], [ 2.134180, 41.297734 ], [ 2.134148, 41.297736 ], [ 2.133428, 41.297767 ], [ 2.133361, 41.297769 ], [ 2.133056, 41.297768 ], [ 2.133032, 41.297768 ], [ 2.132808, 41.297761 ], [ 2.132146, 41.297731 ], [ 2.132041, 41.297724 ], [ 2.131948, 41.297716 ], [ 2.130867, 41.297600 ], [ 2.130826, 41.297596 ], [ 2.130779, 41.297589 ], [ 2.129893, 41.297456 ], [ 2.129845, 41.297447 ], [ 2.129684, 41.297416 ], [ 2.129620, 41.297402 ], [ 2.129590, 41.297395 ], [ 2.129421, 41.297351 ], [ 2.128903, 41.297215 ], [ 2.128866, 41.297204 ], [ 2.128517, 41.297097 ], [ 2.128289, 41.297016 ], [ 2.127912, 41.296867 ], [ 2.127390, 41.296649 ], [ 2.127377, 41.296643 ], [ 2.126141, 41.296088 ], [ 2.126099, 41.296067 ], [ 2.126001, 41.296017 ], [ 2.125923, 41.295973 ], [ 2.125917, 41.295970 ], [ 2.125891, 41.295953 ], [ 2.125649, 41.295797 ], [ 2.125458, 41.295672 ], [ 2.124668, 41.295733 ], [ 2.124661, 41.295735 ], [ 2.124645, 41.295739 ], [ 2.124627, 41.295743 ], [ 2.124608, 41.295747 ], [ 2.124599, 41.295748 ], [ 2.124590, 41.295749 ], [ 2.124582, 41.295750 ], [ 2.124567, 41.295750 ], [ 2.124550, 41.295749 ], [ 2.124522, 41.295747 ], [ 2.124494, 41.295745 ], [ 2.124469, 41.295741 ], [ 2.124462, 41.295740 ], [ 2.124404, 41.295729 ], [ 2.124309, 41.295709 ], [ 2.124244, 41.295693 ], [ 2.124170, 41.295673 ], [ 2.124097, 41.295651 ], [ 2.124042, 41.295633 ], [ 2.123033, 41.295249 ], [ 2.122263, 41.294842 ], [ 2.119388, 41.293166 ], [ 2.118971, 41.292902 ], [ 2.118699, 41.292758 ], [ 2.118372, 41.292590 ], [ 2.116603, 41.291684 ], [ 2.115161, 41.290925 ], [ 2.114528, 41.290545 ], [ 2.114412, 41.290477 ], [ 2.114212, 41.290370 ], [ 2.114128, 41.290328 ], [ 2.112173, 41.289473 ], [ 2.111630, 41.289242 ], [ 2.111119, 41.289041 ], [ 2.110467, 41.288844 ], [ 2.110247, 41.288777 ], [ 2.109632, 41.288579 ], [ 2.108595, 41.288190 ], [ 2.108585, 41.288186 ], [ 2.108584, 41.288186 ], [ 2.108584, 41.288186 ], [ 2.108574, 41.288182 ], [ 2.108217, 41.288032 ], [ 2.108166, 41.288009 ], [ 2.108158, 41.288005 ], [ 2.108146, 41.287999 ], [ 2.108101, 41.287975 ], [ 2.107972, 41.287903 ], [ 2.107836, 41.287825 ], [ 2.107731, 41.287765 ], [ 2.106500, 41.287364 ], [ 2.105333, 41.286991 ], [ 2.104761, 41.286800 ], [ 2.103456, 41.286356 ], [ 2.102996, 41.286186 ], [ 2.102630, 41.286049 ], [ 2.102466, 41.285985 ], [ 2.101611, 41.285640 ], [ 2.100065, 41.284998 ], [ 2.099027, 41.284570 ], [ 2.098124, 41.284227 ], [ 2.097223, 41.283896 ], [ 2.096563, 41.283673 ], [ 2.096362, 41.283609 ], [ 2.094871, 41.283164 ], [ 2.094770, 41.283123 ], [ 2.094548, 41.283034 ], [ 2.094325, 41.282945 ], [ 2.093261, 41.282539 ], [ 2.093143, 41.282494 ], [ 2.093032, 41.282453 ], [ 2.092920, 41.282413 ], [ 2.092844, 41.282390 ], [ 2.092713, 41.282355 ], [ 2.092583, 41.282321 ], [ 2.091040, 41.281829 ], [ 2.090097, 41.281523 ], [ 2.089054, 41.281188 ], [ 2.088848, 41.281122 ], [ 2.088429, 41.280992 ], [ 2.088097, 41.280890 ], [ 2.086795, 41.280507 ], [ 2.086512, 41.280428 ], [ 2.086507, 41.280426 ], [ 2.086143, 41.280342 ], [ 2.085130, 41.279977 ], [ 2.084699, 41.279836 ], [ 2.083911, 41.279610 ], [ 2.083191, 41.279408 ], [ 2.082347, 41.279224 ], [ 2.081503, 41.278922 ], [ 2.080577, 41.278642 ], [ 2.079890, 41.278418 ], [ 2.078049, 41.277804 ], [ 2.077697, 41.277690 ], [ 2.077073, 41.277479 ], [ 2.076269, 41.277180 ], [ 2.075797, 41.277013 ], [ 2.075645, 41.276964 ], [ 2.075607, 41.276953 ], [ 2.075529, 41.276933 ], [ 2.075267, 41.276873 ], [ 2.075160, 41.276846 ], [ 2.075105, 41.276831 ], [ 2.074995, 41.276797 ], [ 2.074898, 41.276763 ], [ 2.074876, 41.276755 ], [ 2.074852, 41.276745 ], [ 2.074756, 41.276701 ], [ 2.074739, 41.276539 ], [ 2.074221, 41.277191 ], [ 2.074027, 41.277435 ], [ 2.070181, 41.282275 ], [ 2.070251, 41.283201 ], [ 2.070244, 41.285192 ], [ 2.067162, 41.287492 ], [ 2.067442, 41.287494 ], [ 2.067862, 41.287505 ], [ 2.067558, 41.288303 ], [ 2.066037, 41.290386 ], [ 2.061581, 41.292667 ], [ 2.058448, 41.300010 ], [ 2.058184, 41.300593 ], [ 2.057664, 41.301768 ], [ 2.057356, 41.302495 ], [ 2.057834, 41.302604 ], [ 2.058836, 41.302820 ], [ 2.058751, 41.305588 ], [ 2.059600, 41.305780 ], [ 2.060444, 41.305959 ], [ 2.061849, 41.306254 ], [ 2.062609, 41.306382 ], [ 2.063879, 41.306540 ], [ 2.065320, 41.306701 ], [ 2.066968, 41.307361 ], [ 2.066788, 41.307986 ], [ 2.065857, 41.311030 ], [ 2.065747, 41.311345 ], [ 2.065635, 41.311580 ], [ 2.065076, 41.312588 ], [ 2.064944, 41.312823 ], [ 2.064820, 41.313039 ], [ 2.063705, 41.314718 ], [ 2.062953, 41.315620 ], [ 2.063290, 41.316297 ], [ 2.065710, 41.317480 ], [ 2.066899, 41.318032 ], [ 2.067363, 41.318244 ], [ 2.068393, 41.318698 ], [ 2.069433, 41.319115 ], [ 2.070507, 41.320619 ], [ 2.071617, 41.323111 ], [ 2.071448, 41.324958 ], [ 2.067393, 41.328958 ], [ 2.067256, 41.329118 ], [ 2.069512, 41.330513 ], [ 2.070271, 41.330933 ], [ 2.070887, 41.331255 ], [ 2.071627, 41.333682 ], [ 2.072014, 41.335083 ], [ 2.073259, 41.336412 ], [ 2.073564, 41.336685 ], [ 2.074200, 41.337249 ], [ 2.074983, 41.337885 ], [ 2.075680, 41.338360 ], [ 2.076432, 41.338779 ], [ 2.076975, 41.339016 ], [ 2.077498, 41.339245 ], [ 2.078494, 41.339686 ], [ 2.078140, 41.340192 ], [ 2.077504, 41.341086 ], [ 2.076593, 41.342357 ], [ 2.076180, 41.342299 ], [ 2.075781, 41.342242 ], [ 2.074169, 41.340785 ], [ 2.073192, 41.339270 ], [ 2.073228, 41.339211 ], [ 2.072428, 41.338960 ], [ 2.071875, 41.338911 ], [ 2.070096, 41.340780 ], [ 2.068713, 41.343898 ], [ 2.068771, 41.344648 ], [ 2.069109, 41.344446 ], [ 2.069434, 41.344257 ], [ 2.070056, 41.343984 ], [ 2.070333, 41.343924 ], [ 2.070555, 41.343961 ], [ 2.071237, 41.344170 ], [ 2.071526, 41.344294 ], [ 2.071735, 41.344392 ], [ 2.072023, 41.344748 ], [ 2.072166, 41.344944 ], [ 2.072272, 41.345170 ], [ 2.072170, 41.345967 ], [ 2.072234, 41.346346 ], [ 2.072308, 41.346624 ], [ 2.072578, 41.347077 ], [ 2.072729, 41.347277 ], [ 2.073000, 41.347503 ], [ 2.073429, 41.347674 ], [ 2.073882, 41.347736 ], [ 2.074408, 41.347726 ] ], [ [ 2.152575, 41.320050 ], [ 2.151619, 41.318954 ], [ 2.150967, 41.318244 ], [ 2.150605, 41.317848 ], [ 2.150474, 41.317644 ], [ 2.150472, 41.317586 ], [ 2.150501, 41.317545 ], [ 2.150562, 41.317511 ], [ 2.150640, 41.317476 ], [ 2.150694, 41.317451 ], [ 2.150713, 41.317441 ], [ 2.151716, 41.316892 ], [ 2.152547, 41.316432 ], [ 2.152858, 41.316387 ], [ 2.153376, 41.316928 ], [ 2.154239, 41.317811 ], [ 2.154847, 41.318422 ], [ 2.155070, 41.318646 ], [ 2.155440, 41.319017 ], [ 2.155629, 41.319203 ], [ 2.155924, 41.319495 ], [ 2.156370, 41.319944 ], [ 2.156374, 41.319949 ], [ 2.156388, 41.319965 ], [ 2.156401, 41.319982 ], [ 2.156408, 41.319993 ], [ 2.156411, 41.319998 ], [ 2.156422, 41.320017 ], [ 2.156437, 41.320048 ], [ 2.156453, 41.320084 ], [ 2.156462, 41.320107 ], [ 2.156465, 41.320118 ], [ 2.156472, 41.320143 ], [ 2.156475, 41.320160 ], [ 2.156478, 41.320184 ], [ 2.156480, 41.320215 ], [ 2.156480, 41.320249 ], [ 2.156479, 41.320269 ], [ 2.156477, 41.320281 ], [ 2.156473, 41.320309 ], [ 2.156470, 41.320327 ], [ 2.156467, 41.320339 ], [ 2.156459, 41.320366 ], [ 2.156450, 41.320391 ], [ 2.156435, 41.320428 ], [ 2.156429, 41.320440 ], [ 2.156423, 41.320450 ], [ 2.156419, 41.320456 ], [ 2.156410, 41.320467 ], [ 2.156394, 41.320486 ], [ 2.156369, 41.320513 ], [ 2.156360, 41.320523 ], [ 2.156331, 41.320550 ], [ 2.156310, 41.320569 ], [ 2.156294, 41.320582 ], [ 2.156245, 41.320619 ], [ 2.156203, 41.320650 ], [ 2.156185, 41.320662 ], [ 2.156180, 41.320665 ], [ 2.155797, 41.320876 ], [ 2.154246, 41.321747 ], [ 2.154144, 41.321805 ], [ 2.154079, 41.321839 ], [ 2.154045, 41.321857 ], [ 2.154031, 41.321863 ], [ 2.154006, 41.321873 ], [ 2.153958, 41.321892 ], [ 2.153902, 41.321912 ], [ 2.153878, 41.321920 ], [ 2.153863, 41.321924 ], [ 2.153848, 41.321927 ], [ 2.153831, 41.321930 ], [ 2.153802, 41.321934 ], [ 2.153769, 41.321938 ], [ 2.153725, 41.321941 ], [ 2.153687, 41.321943 ], [ 2.153662, 41.321944 ], [ 2.153647, 41.321943 ], [ 2.153629, 41.321942 ], [ 2.153601, 41.321940 ], [ 2.153577, 41.321937 ], [ 2.153526, 41.321929 ], [ 2.153466, 41.321917 ], [ 2.153451, 41.321914 ], [ 2.153048, 41.321817 ], [ 2.152923, 41.321783 ], [ 2.152665, 41.321716 ], [ 2.152135, 41.321626 ], [ 2.152147, 41.321527 ], [ 2.152203, 41.321479 ], [ 2.153124, 41.321113 ], [ 2.153336, 41.320991 ], [ 2.153357, 41.320910 ], [ 2.152575, 41.320050 ] ] ] ] } },
{ "type": "Feature", "properties": { "fid": 14, "id": 279, "CODIMUNI": "080771", "NOMMUNI": "Esplugues de Llobregat", "NOMMUNIIND": "Esplugues de Llobregat", "CAPMUNI": "Esplugues de Llobregat", "CAPMUNIIND": "Esplugues de Llobregat", "AREAM5000": 4.5114, "CODICOMAR": "11", "NOMCOMAR": "Baix Llobregat", "CAPCOMAR": "Sant Feliu de Llobregat", "CAPCOMIND": "Sant Feliu de Llobregat", "CODIVEGUE": "01", "NOMVEGUE": "Barcelona", "CAPVEGUE": "Barcelona", "CODIPROV": "08", "NOMPROV": "Barcelona", "CAPPROV": "Barcelona" }, "geometry": { "type": "MultiPolygon", "coordinates": [ [ [ [ 2.096830, 41.394360 ], [ 2.096898, 41.394358 ], [ 2.096950, 41.394350 ], [ 2.097134, 41.394264 ], [ 2.097791, 41.393956 ], [ 2.097968, 41.393357 ], [ 2.099975, 41.390267 ], [ 2.101882, 41.387654 ], [ 2.101239, 41.382929 ], [ 2.101462, 41.382416 ], [ 2.101763, 41.381728 ], [ 2.101878, 41.381478 ], [ 2.102033, 41.381224 ], [ 2.102412, 41.380840 ], [ 2.102590, 41.380687 ], [ 2.102830, 41.380578 ], [ 2.103322, 41.378983 ], [ 2.102115, 41.377719 ], [ 2.100335, 41.376547 ], [ 2.100260, 41.376415 ], [ 2.101229, 41.374573 ], [ 2.101282, 41.374170 ], [ 2.101294, 41.373961 ], [ 2.098733, 41.370229 ], [ 2.099280, 41.368660 ], [ 2.093978, 41.367115 ], [ 2.092426, 41.367998 ], [ 2.092023, 41.368444 ], [ 2.091975, 41.368499 ], [ 2.091915, 41.368575 ], [ 2.091843, 41.368698 ], [ 2.091798, 41.368808 ], [ 2.091777, 41.368948 ], [ 2.091292, 41.369107 ], [ 2.087855, 41.369030 ], [ 2.086778, 41.366775 ], [ 2.085375, 41.365951 ], [ 2.083550, 41.365921 ], [ 2.080490, 41.367260 ], [ 2.079052, 41.369838 ], [ 2.075227, 41.373403 ], [ 2.075838, 41.374214 ], [ 2.078242, 41.376350 ], [ 2.080657, 41.379213 ], [ 2.081912, 41.382067 ], [ 2.083732, 41.385706 ], [ 2.083916, 41.386984 ], [ 2.084186, 41.387737 ], [ 2.085323, 41.388732 ], [ 2.085479, 41.388867 ], [ 2.086470, 41.389375 ], [ 2.086779, 41.389498 ], [ 2.087175, 41.389646 ], [ 2.088237, 41.389810 ], [ 2.088282, 41.389813 ], [ 2.092123, 41.392525 ], [ 2.092278, 41.392680 ], [ 2.092449, 41.392837 ], [ 2.092600, 41.392960 ], [ 2.093431, 41.393627 ], [ 2.093587, 41.393752 ], [ 2.093786, 41.393893 ], [ 2.093875, 41.393943 ], [ 2.094080, 41.393976 ], [ 2.096770, 41.394359 ], [ 2.096830, 41.394360 ] ] ] ] } },
{ "type": "Feature", "properties": { "fid": 15, "id": 320, "CODIMUNI": "080898", "NOMMUNI": "Gavà", "NOMMUNIIND": "Gavà", "CAPMUNI": "Gavà", "CAPMUNIIND": "Gavà", "AREAM5000": 30.618, "CODICOMAR": "11", "NOMCOMAR": "Baix Llobregat", "CAPCOMAR": "Sant Feliu de Llobregat", "CAPCOMIND": "Sant Feliu de Llobregat", "CODIVEGUE": "01", "NOMVEGUE": "Barcelona", "CAPVEGUE": "Barcelona", "CODIPROV": "08", "NOMPROV": "Barcelona", "CAPPROV": "Barcelona" }, "geometry": { "type": "MultiPolygon", "coordinates": [ [ [ [ 1.956351, 41.322337 ], [ 1.958808, 41.320912 ], [ 1.960401, 41.321535 ], [ 1.961190, 41.322024 ], [ 1.962438, 41.322275 ], [ 1.964594, 41.322541 ], [ 1.965246, 41.321179 ], [ 1.965553, 41.321062 ], [ 1.965616, 41.321039 ], [ 1.965633, 41.321033 ], [ 1.965676, 41.321019 ], [ 1.966990, 41.320662 ], [ 1.967331, 41.320597 ], [ 1.972178, 41.319770 ], [ 1.973406, 41.319658 ], [ 1.974662, 41.319544 ], [ 1.975805, 41.319396 ], [ 1.976793, 41.319230 ], [ 1.977115, 41.319122 ], [ 1.979845, 41.318137 ], [ 1.981317, 41.317397 ], [ 1.981925, 41.316615 ], [ 1.984027, 41.315127 ], [ 1.986890, 41.313759 ], [ 1.987230, 41.313643 ], [ 1.987504, 41.313569 ], [ 1.987752, 41.313537 ], [ 1.987919, 41.313543 ], [ 1.988070, 41.313575 ], [ 1.988148, 41.313619 ], [ 1.988168, 41.313669 ], [ 1.988236, 41.314013 ], [ 1.989989, 41.313710 ], [ 1.992050, 41.312982 ], [ 1.994929, 41.312255 ], [ 2.000290, 41.311606 ], [ 2.001853, 41.311485 ], [ 2.001942, 41.311498 ], [ 2.002032, 41.311505 ], [ 2.002122, 41.311507 ], [ 2.002213, 41.311503 ], [ 2.002302, 41.311493 ], [ 2.002383, 41.311479 ], [ 2.002462, 41.311462 ], [ 2.002540, 41.311440 ], [ 2.002615, 41.311414 ], [ 2.002693, 41.311384 ], [ 2.002708, 41.311378 ], [ 2.002745, 41.311360 ], [ 2.002781, 41.311342 ], [ 2.002817, 41.311322 ], [ 2.002851, 41.311302 ], [ 2.002885, 41.311281 ], [ 2.002917, 41.311259 ], [ 2.002949, 41.311236 ], [ 2.002980, 41.311212 ], [ 2.003009, 41.311188 ], [ 2.003037, 41.311162 ], [ 2.003064, 41.311136 ], [ 2.003259, 41.310924 ], [ 2.003776, 41.310360 ], [ 2.003885, 41.310233 ], [ 2.004802, 41.309146 ], [ 2.005384, 41.308454 ], [ 2.005408, 41.308426 ], [ 2.005413, 41.308419 ], [ 2.005580, 41.308211 ], [ 2.005591, 41.308197 ], [ 2.005617, 41.308162 ], [ 2.008795, 41.306426 ], [ 2.012350, 41.305879 ], [ 2.016527, 41.303023 ], [ 2.016559, 41.303000 ], [ 2.016594, 41.302973 ], [ 2.016749, 41.302848 ], [ 2.017796, 41.302005 ], [ 2.018363, 41.301542 ], [ 2.020255, 41.299981 ], [ 2.020670, 41.299612 ], [ 2.021104, 41.299168 ], [ 2.022132, 41.297995 ], [ 2.022808, 41.297209 ], [ 2.022826, 41.297188 ], [ 2.023920, 41.295879 ], [ 2.024987, 41.294546 ], [ 2.025008, 41.294519 ], [ 2.023405, 41.293882 ], [ 2.023961, 41.291673 ], [ 2.026477, 41.287446 ], [ 2.026991, 41.286770 ], [ 2.029477, 41.284166 ], [ 2.029504, 41.284146 ], [ 2.029863, 41.283892 ], [ 2.030522, 41.283491 ], [ 2.031612, 41.282919 ], [ 2.032772, 41.282421 ], [ 2.033941, 41.281786 ], [ 2.035493, 41.280713 ], [ 2.036556, 41.279718 ], [ 2.037865, 41.277880 ], [ 2.037890, 41.277826 ], [ 2.038323, 41.276697 ], [ 2.038368, 41.276551 ], [ 2.038427, 41.276171 ], [ 2.039328, 41.275213 ], [ 2.041996, 41.273216 ], [ 2.042623, 41.272892 ], [ 2.043078, 41.272759 ], [ 2.043714, 41.272603 ], [ 2.044122, 41.272538 ], [ 2.044515, 41.272509 ], [ 2.045286, 41.271885 ], [ 2.045757, 41.270442 ], [ 2.045883, 41.270108 ], [ 2.043565, 41.269694 ], [ 2.042973, 41.269618 ], [ 2.042190, 41.269511 ], [ 2.041547, 41.269411 ], [ 2.041396, 41.269384 ], [ 2.041356, 41.269376 ], [ 2.040494, 41.269194 ], [ 2.039970, 41.269066 ], [ 2.039865, 41.269043 ], [ 2.039811, 41.269032 ], [ 2.039696, 41.269014 ], [ 2.038988, 41.268925 ], [ 2.038368, 41.268840 ], [ 2.037114, 41.268648 ], [ 2.037092, 41.268645 ], [ 2.036029, 41.268463 ], [ 2.035999, 41.268455 ], [ 2.035849, 41.268423 ], [ 2.035747, 41.268403 ], [ 2.035717, 41.268398 ], [ 2.033744, 41.268092 ], [ 2.032577, 41.267956 ], [ 2.030225, 41.267543 ], [ 2.028812, 41.267283 ], [ 2.027440, 41.266932 ], [ 2.026731, 41.266800 ], [ 2.026115, 41.266676 ], [ 2.025300, 41.266512 ], [ 2.025285, 41.266509 ], [ 2.025149, 41.266478 ], [ 2.024539, 41.266330 ], [ 2.024481, 41.266316 ], [ 2.024467, 41.266312 ], [ 2.024437, 41.266303 ], [ 2.024381, 41.266283 ], [ 2.024234, 41.266230 ], [ 2.024203, 41.266220 ], [ 2.024188, 41.266216 ], [ 2.024106, 41.266193 ], [ 2.024009, 41.266170 ], [ 2.023933, 41.266153 ], [ 2.023891, 41.266145 ], [ 2.023876, 41.266143 ], [ 2.023844, 41.266138 ], [ 2.023790, 41.266132 ], [ 2.023553, 41.266113 ], [ 2.022999, 41.266071 ], [ 2.022954, 41.266068 ], [ 2.021846, 41.266018 ], [ 2.020754, 41.265997 ], [ 2.020439, 41.266035 ], [ 2.020424, 41.266037 ], [ 2.020179, 41.266059 ], [ 2.020064, 41.266067 ], [ 2.020015, 41.266070 ], [ 2.019982, 41.266070 ], [ 2.019935, 41.266069 ], [ 2.019853, 41.266066 ], [ 2.019762, 41.266060 ], [ 2.018946, 41.265983 ], [ 2.018862, 41.265974 ], [ 2.018814, 41.265968 ], [ 2.018540, 41.265919 ], [ 2.018492, 41.265912 ], [ 2.018477, 41.265910 ], [ 2.018450, 41.265908 ], [ 2.017911, 41.265869 ], [ 2.017816, 41.265863 ], [ 2.017801, 41.265863 ], [ 2.017769, 41.265862 ], [ 2.017705, 41.265863 ], [ 2.017468, 41.265872 ], [ 2.017289, 41.265877 ], [ 2.017231, 41.265877 ], [ 2.017196, 41.265876 ], [ 2.017172, 41.265875 ], [ 2.017140, 41.265873 ], [ 2.017085, 41.265866 ], [ 2.016518, 41.265785 ], [ 2.016452, 41.265774 ], [ 2.015210, 41.265544 ], [ 2.014811, 41.265463 ], [ 2.014592, 41.265415 ], [ 2.013379, 41.265342 ], [ 2.012227, 41.265266 ], [ 2.011630, 41.265139 ], [ 2.011618, 41.265132 ], [ 2.011588, 41.265120 ], [ 2.011554, 41.265106 ], [ 2.011531, 41.265099 ], [ 2.011517, 41.265094 ], [ 2.011483, 41.265085 ], [ 2.011425, 41.265070 ], [ 2.011418, 41.265069 ], [ 2.011232, 41.265030 ], [ 2.011201, 41.265024 ], [ 2.011117, 41.265010 ], [ 2.011093, 41.265007 ], [ 2.011012, 41.264998 ], [ 2.010923, 41.264990 ], [ 2.010872, 41.264987 ], [ 2.010849, 41.264986 ], [ 2.010607, 41.264982 ], [ 2.010554, 41.264981 ], [ 2.010503, 41.264982 ], [ 2.010332, 41.264989 ], [ 2.010307, 41.264990 ], [ 2.008021, 41.264783 ], [ 2.007395, 41.264723 ], [ 2.006839, 41.264663 ], [ 2.005997, 41.264612 ], [ 2.005342, 41.264633 ], [ 2.005319, 41.264637 ], [ 2.005304, 41.264639 ], [ 2.005286, 41.264641 ], [ 2.005256, 41.264643 ], [ 2.005202, 41.264646 ], [ 2.005179, 41.264647 ], [ 2.004995, 41.264645 ], [ 2.004601, 41.264630 ], [ 2.003421, 41.264534 ], [ 2.003382, 41.264529 ], [ 2.003354, 41.264526 ], [ 2.003339, 41.264523 ], [ 2.003323, 41.264519 ], [ 2.003297, 41.264512 ], [ 2.003197, 41.264483 ], [ 2.003141, 41.264581 ], [ 1.987322, 41.291248 ], [ 1.987042, 41.291212 ], [ 1.986751, 41.291168 ], [ 1.986133, 41.291071 ], [ 1.984359, 41.291632 ], [ 1.980487, 41.294279 ], [ 1.979479, 41.295626 ], [ 1.979350, 41.295734 ], [ 1.979189, 41.295841 ], [ 1.979084, 41.295908 ], [ 1.978206, 41.296452 ], [ 1.974109, 41.294967 ], [ 1.973779, 41.294795 ], [ 1.973269, 41.294418 ], [ 1.972985, 41.294180 ], [ 1.972702, 41.293943 ], [ 1.972439, 41.293755 ], [ 1.972158, 41.293598 ], [ 1.971874, 41.293453 ], [ 1.971559, 41.293321 ], [ 1.971247, 41.293233 ], [ 1.970890, 41.293199 ], [ 1.968941, 41.293088 ], [ 1.967948, 41.293066 ], [ 1.966514, 41.292901 ], [ 1.964629, 41.292529 ], [ 1.964292, 41.292418 ], [ 1.964032, 41.292312 ], [ 1.963756, 41.292174 ], [ 1.962893, 41.291486 ], [ 1.960673, 41.289688 ], [ 1.960452, 41.289379 ], [ 1.957923, 41.287276 ], [ 1.955279, 41.285438 ], [ 1.951962, 41.283452 ], [ 1.948859, 41.282267 ], [ 1.948694, 41.281953 ], [ 1.948556, 41.281702 ], [ 1.948244, 41.281253 ], [ 1.947980, 41.281010 ], [ 1.947757, 41.280819 ], [ 1.947552, 41.280665 ], [ 1.944628, 41.279883 ], [ 1.944268, 41.279797 ], [ 1.943877, 41.279785 ], [ 1.943541, 41.279815 ], [ 1.943195, 41.279889 ], [ 1.942897, 41.280001 ], [ 1.942632, 41.280144 ], [ 1.942488, 41.280265 ], [ 1.940832, 41.281123 ], [ 1.934129, 41.284085 ], [ 1.933360, 41.284375 ], [ 1.931872, 41.285064 ], [ 1.930888, 41.285676 ], [ 1.929797, 41.286496 ], [ 1.929507, 41.286746 ], [ 1.927723, 41.288355 ], [ 1.926013, 41.290215 ], [ 1.923477, 41.291134 ], [ 1.920306, 41.290634 ], [ 1.917318, 41.289734 ], [ 1.914874, 41.288959 ], [ 1.930178, 41.294773 ], [ 1.931323, 41.301869 ], [ 1.945468, 41.317452 ], [ 1.955606, 41.323236 ], [ 1.956351, 41.322337 ] ] ] ] } },
{ "type": "Feature", "properties": { "fid": 16, "id": 378, "CODIMUNI": "081017", "NOMMUNI": "l'Hospitalet de Llobregat", "NOMMUNIIND": "Hospitalet de Llobregat, l'", "CAPMUNI": "l'Hospitalet de Llobregat", "CAPMUNIIND": "Hospitalet de Llobregat, l'", "AREAM5000": 12.6044, "CODICOMAR": "13", "NOMCOMAR": "Barcelonès", "CAPCOMAR": "Barcelona", "CAPCOMIND": "Barcelona", "CODIVEGUE": "01", "NOMVEGUE": "Barcelona", "CAPVEGUE": "Barcelona", "CODIPROV": "08", "NOMPROV": "Barcelona", "CAPPROV": "Barcelona" }, "geometry": { "type": "MultiPolygon", "coordinates": [ [ [ [ 2.104996, 41.379344 ], [ 2.105544, 41.379268 ], [ 2.106459, 41.378966 ], [ 2.106902, 41.378774 ], [ 2.107732, 41.378139 ], [ 2.108148, 41.377730 ], [ 2.109105, 41.376626 ], [ 2.109602, 41.375971 ], [ 2.110030, 41.375942 ], [ 2.110805, 41.375921 ], [ 2.116528, 41.375805 ], [ 2.117803, 41.375793 ], [ 2.117911, 41.375850 ], [ 2.119328, 41.376677 ], [ 2.121439, 41.376360 ], [ 2.122506, 41.375208 ], [ 2.124761, 41.373300 ], [ 2.126929, 41.371904 ], [ 2.127832, 41.371347 ], [ 2.128552, 41.371072 ], [ 2.128861, 41.370945 ], [ 2.129127, 41.370799 ], [ 2.129377, 41.370636 ], [ 2.129733, 41.370360 ], [ 2.130039, 41.370092 ], [ 2.130706, 41.369470 ], [ 2.131639, 41.367978 ], [ 2.131732, 41.367791 ], [ 2.132472, 41.366112 ], [ 2.134950, 41.362572 ], [ 2.133977, 41.360526 ], [ 2.133218, 41.358763 ], [ 2.132329, 41.355705 ], [ 2.132836, 41.354504 ], [ 2.133587, 41.353343 ], [ 2.134036, 41.352670 ], [ 2.135262, 41.351112 ], [ 2.135618, 41.350721 ], [ 2.136241, 41.350100 ], [ 2.136446, 41.349908 ], [ 2.136744, 41.349620 ], [ 2.137063, 41.349283 ], [ 2.137432, 41.348876 ], [ 2.136901, 41.348451 ], [ 2.103334, 41.336474 ], [ 2.101368, 41.336334 ], [ 2.100526, 41.336041 ], [ 2.099850, 41.336620 ], [ 2.098562, 41.337383 ], [ 2.096055, 41.338772 ], [ 2.095221, 41.339210 ], [ 2.094442, 41.339603 ], [ 2.093794, 41.339898 ], [ 2.093127, 41.340186 ], [ 2.092073, 41.340548 ], [ 2.089521, 41.341300 ], [ 2.089619, 41.341413 ], [ 2.089666, 41.341467 ], [ 2.089719, 41.341530 ], [ 2.089760, 41.341579 ], [ 2.089825, 41.341659 ], [ 2.089861, 41.341704 ], [ 2.089981, 41.341855 ], [ 2.090134, 41.342058 ], [ 2.090185, 41.342125 ], [ 2.090300, 41.342284 ], [ 2.090368, 41.342380 ], [ 2.090403, 41.342430 ], [ 2.090611, 41.342740 ], [ 2.090712, 41.342902 ], [ 2.090778, 41.343010 ], [ 2.090829, 41.343092 ], [ 2.090893, 41.343202 ], [ 2.090948, 41.343298 ], [ 2.091000, 41.343389 ], [ 2.091048, 41.343474 ], [ 2.091149, 41.343664 ], [ 2.091163, 41.343689 ], [ 2.091178, 41.343720 ], [ 2.091311, 41.343993 ], [ 2.091349, 41.344072 ], [ 2.091377, 41.344129 ], [ 2.091384, 41.344145 ], [ 2.091411, 41.344208 ], [ 2.091569, 41.344576 ], [ 2.091600, 41.344654 ], [ 2.091646, 41.344774 ], [ 2.091722, 41.344973 ], [ 2.091805, 41.345209 ], [ 2.091824, 41.345261 ], [ 2.091920, 41.345585 ], [ 2.091977, 41.345787 ], [ 2.092058, 41.346122 ], [ 2.092070, 41.346176 ], [ 2.092122, 41.346424 ], [ 2.092169, 41.346682 ], [ 2.092208, 41.346936 ], [ 2.092238, 41.347161 ], [ 2.092259, 41.347334 ], [ 2.092276, 41.347514 ], [ 2.092290, 41.347740 ], [ 2.092292, 41.347802 ], [ 2.092295, 41.347924 ], [ 2.092299, 41.348073 ], [ 2.093308, 41.348651 ], [ 2.094791, 41.349492 ], [ 2.095075, 41.349648 ], [ 2.095452, 41.349846 ], [ 2.097235, 41.350762 ], [ 2.097569, 41.350907 ], [ 2.099878, 41.351919 ], [ 2.095523, 41.358439 ], [ 2.091461, 41.360919 ], [ 2.087277, 41.364306 ], [ 2.087052, 41.364526 ], [ 2.087028, 41.364583 ], [ 2.087015, 41.364619 ], [ 2.086992, 41.364690 ], [ 2.086981, 41.364756 ], [ 2.086804, 41.366199 ], [ 2.086778, 41.366775 ], [ 2.087855, 41.369030 ], [ 2.091292, 41.369107 ], [ 2.091777, 41.368948 ], [ 2.091798, 41.368808 ], [ 2.091843, 41.368698 ], [ 2.091915, 41.368575 ], [ 2.091975, 41.368499 ], [ 2.092023, 41.368444 ], [ 2.092426, 41.367998 ], [ 2.093978, 41.367115 ], [ 2.099280, 41.368660 ], [ 2.098733, 41.370229 ], [ 2.101294, 41.373961 ], [ 2.101282, 41.374170 ], [ 2.101229, 41.374573 ], [ 2.100260, 41.376415 ], [ 2.100335, 41.376547 ], [ 2.102115, 41.377719 ], [ 2.103322, 41.378983 ], [ 2.102830, 41.380578 ], [ 2.104996, 41.379344 ] ] ] ] } },
{ "type": "Feature", "properties": { "fid": 17, "id": 406, "CODIMUNI": "089058", "NOMMUNI": "la Palma de Cervelló", "NOMMUNIIND": "Palma de Cervelló, la", "CAPMUNI": "la Palma de Cervelló", "CAPMUNIIND": "Palma de Cervelló, la", "AREAM5000": 5.3899, "CODICOMAR": "11", "NOMCOMAR": "Baix Llobregat", "CAPCOMAR": "Sant Feliu de Llobregat", "CAPCOMIND": "Sant Feliu de Llobregat", "CODIVEGUE": "01", "NOMVEGUE": "Barcelona", "CAPVEGUE": "Barcelona", "CODIPROV": "08", "NOMPROV": "Barcelona", "CAPPROV": "Barcelona" }, "geometry": { "type": "MultiPolygon", "coordinates": [ [ [ [ 1.940509, 41.418979 ], [ 1.942270, 41.418678 ], [ 1.942808, 41.418436 ], [ 1.943868, 41.417905 ], [ 1.944566, 41.417581 ], [ 1.944579, 41.417577 ], [ 1.944638, 41.417556 ], [ 1.944649, 41.417553 ], [ 1.944665, 41.417548 ], [ 1.944681, 41.417545 ], [ 1.944778, 41.417525 ], [ 1.944923, 41.417515 ], [ 1.945053, 41.417510 ], [ 1.945183, 41.417508 ], [ 1.944967, 41.417371 ], [ 1.945542, 41.416949 ], [ 1.946820, 41.416577 ], [ 1.949581, 41.417448 ], [ 1.952699, 41.417554 ], [ 1.954269, 41.417189 ], [ 1.954320, 41.417175 ], [ 1.954394, 41.417145 ], [ 1.954460, 41.417106 ], [ 1.954516, 41.417059 ], [ 1.954561, 41.417006 ], [ 1.954592, 41.416947 ], [ 1.956334, 41.415944 ], [ 1.958598, 41.416680 ], [ 1.960641, 41.417582 ], [ 1.962116, 41.417667 ], [ 1.962773, 41.416523 ], [ 1.966469, 41.416662 ], [ 1.971783, 41.416887 ], [ 1.973721, 41.416218 ], [ 1.975981, 41.414483 ], [ 1.977615, 41.413471 ], [ 1.980009, 41.413786 ], [ 1.982898, 41.414748 ], [ 1.984008, 41.413603 ], [ 1.981636, 41.412693 ], [ 1.981711, 41.412580 ], [ 1.982585, 41.411701 ], [ 1.982619, 41.411670 ], [ 1.982673, 41.411630 ], [ 1.983098, 41.411314 ], [ 1.985249, 41.411074 ], [ 1.986210, 41.411908 ], [ 1.987665, 41.410973 ], [ 1.988595, 41.408330 ], [ 1.989157, 41.407581 ], [ 1.987768, 41.406186 ], [ 1.987560, 41.405963 ], [ 1.987377, 41.405749 ], [ 1.987245, 41.405577 ], [ 1.987087, 41.405346 ], [ 1.986977, 41.405171 ], [ 1.986922, 41.405073 ], [ 1.986879, 41.404994 ], [ 1.986842, 41.404926 ], [ 1.986799, 41.404839 ], [ 1.986731, 41.404689 ], [ 1.986676, 41.404556 ], [ 1.986639, 41.404463 ], [ 1.986580, 41.404298 ], [ 1.986532, 41.404151 ], [ 1.986453, 41.403857 ], [ 1.986423, 41.403732 ], [ 1.986386, 41.403571 ], [ 1.986357, 41.403425 ], [ 1.986325, 41.403276 ], [ 1.986279, 41.403063 ], [ 1.986197, 41.402736 ], [ 1.986156, 41.402596 ], [ 1.986106, 41.402430 ], [ 1.986068, 41.402323 ], [ 1.986017, 41.402189 ], [ 1.985945, 41.402035 ], [ 1.985758, 41.401716 ], [ 1.985450, 41.401344 ], [ 1.985284, 41.401150 ], [ 1.985034, 41.400918 ], [ 1.984881, 41.400792 ], [ 1.984707, 41.400658 ], [ 1.984539, 41.400540 ], [ 1.984347, 41.400413 ], [ 1.984126, 41.400276 ], [ 1.983854, 41.400126 ], [ 1.983549, 41.399978 ], [ 1.983306, 41.399867 ], [ 1.983195, 41.399822 ], [ 1.983111, 41.399792 ], [ 1.982915, 41.399724 ], [ 1.982431, 41.399755 ], [ 1.980514, 41.399907 ], [ 1.973825, 41.401398 ], [ 1.973635, 41.401956 ], [ 1.973150, 41.402658 ], [ 1.972614, 41.403281 ], [ 1.972567, 41.403322 ], [ 1.972513, 41.403359 ], [ 1.972411, 41.403405 ], [ 1.972282, 41.403453 ], [ 1.970567, 41.403929 ], [ 1.967111, 41.404908 ], [ 1.964500, 41.406050 ], [ 1.964072, 41.407820 ], [ 1.964091, 41.407847 ], [ 1.964105, 41.407870 ], [ 1.964111, 41.407899 ], [ 1.964140, 41.408097 ], [ 1.964133, 41.408129 ], [ 1.961781, 41.408826 ], [ 1.961168, 41.408813 ], [ 1.960552, 41.408793 ], [ 1.960371, 41.408777 ], [ 1.960124, 41.408752 ], [ 1.956656, 41.407432 ], [ 1.955440, 41.406953 ], [ 1.955149, 41.406834 ], [ 1.955043, 41.406789 ], [ 1.954933, 41.406725 ], [ 1.954690, 41.406538 ], [ 1.954298, 41.406232 ], [ 1.953813, 41.405837 ], [ 1.953731, 41.405768 ], [ 1.953694, 41.405732 ], [ 1.953643, 41.405679 ], [ 1.953553, 41.405559 ], [ 1.953483, 41.405456 ], [ 1.953411, 41.405342 ], [ 1.953205, 41.405016 ], [ 1.953155, 41.404936 ], [ 1.953120, 41.404868 ], [ 1.953086, 41.404786 ], [ 1.953078, 41.404741 ], [ 1.953079, 41.404698 ], [ 1.953087, 41.404651 ], [ 1.952723, 41.404174 ], [ 1.952619, 41.404041 ], [ 1.952477, 41.403883 ], [ 1.952413, 41.403823 ], [ 1.952342, 41.403764 ], [ 1.952216, 41.403671 ], [ 1.952049, 41.403552 ], [ 1.951798, 41.403436 ], [ 1.951602, 41.403358 ], [ 1.951482, 41.403312 ], [ 1.950982, 41.403144 ], [ 1.950575, 41.403015 ], [ 1.950354, 41.402947 ], [ 1.949992, 41.402855 ], [ 1.949904, 41.402842 ], [ 1.949840, 41.402837 ], [ 1.949252, 41.402887 ], [ 1.945916, 41.404054 ], [ 1.946036, 41.404815 ], [ 1.946047, 41.404891 ], [ 1.946048, 41.404951 ], [ 1.946039, 41.405004 ], [ 1.946023, 41.405058 ], [ 1.945932, 41.405318 ], [ 1.945586, 41.406161 ], [ 1.945397, 41.406538 ], [ 1.945308, 41.406678 ], [ 1.945123, 41.406933 ], [ 1.942605, 41.407229 ], [ 1.942492, 41.407230 ], [ 1.942069, 41.407122 ], [ 1.941270, 41.406628 ], [ 1.940343, 41.406099 ], [ 1.938906, 41.405282 ], [ 1.938281, 41.405123 ], [ 1.938088, 41.406094 ], [ 1.938095, 41.406196 ], [ 1.938121, 41.406328 ], [ 1.938160, 41.406506 ], [ 1.938204, 41.406658 ], [ 1.938249, 41.406779 ], [ 1.938283, 41.406838 ], [ 1.938335, 41.406888 ], [ 1.938419, 41.406953 ], [ 1.938522, 41.407010 ], [ 1.938671, 41.407080 ], [ 1.939776, 41.407998 ], [ 1.940836, 41.409965 ], [ 1.940020, 41.413408 ], [ 1.937943, 41.414557 ], [ 1.936652, 41.415208 ], [ 1.936315, 41.415245 ], [ 1.935656, 41.415971 ], [ 1.935647, 41.416078 ], [ 1.935800, 41.416980 ], [ 1.936018, 41.417294 ], [ 1.936305, 41.417686 ], [ 1.936816, 41.418263 ], [ 1.936941, 41.418378 ], [ 1.937130, 41.418544 ], [ 1.937183, 41.418589 ], [ 1.937206, 41.418608 ], [ 1.937227, 41.418620 ], [ 1.937232, 41.418622 ], [ 1.937396, 41.418697 ], [ 1.937817, 41.418883 ], [ 1.938043, 41.418945 ], [ 1.938859, 41.418983 ], [ 1.939360, 41.418995 ], [ 1.940509, 41.418979 ] ] ] ] } },
{ "type": "Feature", "properties": { "fid": 18, "id": 510, "CODIMUNI": "081234", "NOMMUNI": "Molins de Rei", "NOMMUNIIND": "Molins de Rei", "CAPMUNI": "Molins de Rei", "CAPMUNIIND": "Molins de Rei", "AREAM5000": 15.7239, "CODICOMAR": "11", "NOMCOMAR": "Baix Llobregat", "CAPCOMAR": "Sant Feliu de Llobregat", "CAPCOMIND": "Sant Feliu de Llobregat", "CODIVEGUE": "01", "NOMVEGUE": "Barcelona", "CAPVEGUE": "Barcelona", "CODIPROV": "08", "NOMPROV": "Barcelona", "CAPPROV": "Barcelona" }, "geometry": { "type": "MultiPolygon", "coordinates": [ [ [ [ 2.060768, 41.444986 ], [ 2.061917, 41.444646 ], [ 2.063639, 41.443772 ], [ 2.063836, 41.443509 ], [ 2.063875, 41.443452 ], [ 2.063921, 41.443339 ], [ 2.063962, 41.443214 ], [ 2.064184, 41.442136 ], [ 2.062736, 41.439610 ], [ 2.060586, 41.437530 ], [ 2.059533, 41.436350 ], [ 2.059358, 41.435387 ], [ 2.058813, 41.435557 ], [ 2.058105, 41.435739 ], [ 2.057669, 41.435806 ], [ 2.057489, 41.434682 ], [ 2.057481, 41.434607 ], [ 2.057710, 41.433334 ], [ 2.057788, 41.432904 ], [ 2.057854, 41.432603 ], [ 2.058416, 41.431295 ], [ 2.058438, 41.430898 ], [ 2.058442, 41.430430 ], [ 2.058448, 41.429594 ], [ 2.058447, 41.429184 ], [ 2.057664, 41.426419 ], [ 2.057472, 41.426215 ], [ 2.056790, 41.425814 ], [ 2.055868, 41.425484 ], [ 2.054663, 41.425276 ], [ 2.053257, 41.425007 ], [ 2.052885, 41.424822 ], [ 2.052429, 41.424435 ], [ 2.052332, 41.424230 ], [ 2.052438, 41.423893 ], [ 2.052473, 41.423847 ], [ 2.052515, 41.423816 ], [ 2.054232, 41.422718 ], [ 2.055513, 41.422290 ], [ 2.055544, 41.422272 ], [ 2.056079, 41.421834 ], [ 2.056218, 41.421703 ], [ 2.056444, 41.421387 ], [ 2.056465, 41.421357 ], [ 2.056485, 41.421275 ], [ 2.057045, 41.418802 ], [ 2.057058, 41.417661 ], [ 2.056962, 41.416555 ], [ 2.056898, 41.415998 ], [ 2.055232, 41.414467 ], [ 2.054640, 41.413949 ], [ 2.054563, 41.414092 ], [ 2.053938, 41.414411 ], [ 2.053567, 41.414580 ], [ 2.053199, 41.414638 ], [ 2.052632, 41.414725 ], [ 2.052267, 41.414777 ], [ 2.051874, 41.414803 ], [ 2.051583, 41.414751 ], [ 2.048949, 41.414034 ], [ 2.048863, 41.414000 ], [ 2.048561, 41.413863 ], [ 2.048208, 41.413562 ], [ 2.048030, 41.413274 ], [ 2.047360, 41.411822 ], [ 2.047387, 41.411764 ], [ 2.047609, 41.411579 ], [ 2.047683, 41.411560 ], [ 2.047751, 41.411553 ], [ 2.048029, 41.411534 ], [ 2.047629, 41.410219 ], [ 2.045401, 41.409035 ], [ 2.044837, 41.408811 ], [ 2.043882, 41.408507 ], [ 2.042575, 41.408286 ], [ 2.040509, 41.406431 ], [ 2.039407, 41.404527 ], [ 2.039250, 41.404332 ], [ 2.039106, 41.404201 ], [ 2.036197, 41.402284 ], [ 2.032905, 41.399966 ], [ 2.033861, 41.398885 ], [ 2.034719, 41.398192 ], [ 2.034823, 41.398065 ], [ 2.034886, 41.397969 ], [ 2.035322, 41.397207 ], [ 2.034778, 41.396621 ], [ 2.034238, 41.396260 ], [ 2.033264, 41.395769 ], [ 2.032390, 41.395344 ], [ 2.028607, 41.393320 ], [ 2.026979, 41.392433 ], [ 2.024642, 41.391117 ], [ 2.022905, 41.390144 ], [ 2.021821, 41.389777 ], [ 2.021246, 41.392382 ], [ 2.021019, 41.393014 ], [ 2.019819, 41.395448 ], [ 2.019129, 41.396628 ], [ 2.018635, 41.397465 ], [ 2.017171, 41.399673 ], [ 2.016319, 41.401056 ], [ 2.016018, 41.401606 ], [ 2.015296, 41.402939 ], [ 2.015063, 41.403408 ], [ 2.014820, 41.403885 ], [ 2.014441, 41.404554 ], [ 2.013355, 41.406162 ], [ 2.010932, 41.409663 ], [ 2.010485, 41.410200 ], [ 2.009710, 41.410976 ], [ 2.009009, 41.411994 ], [ 2.008514, 41.412954 ], [ 2.008119, 41.414076 ], [ 2.007737, 41.415424 ], [ 2.007257, 41.417369 ], [ 2.006203, 41.420243 ], [ 2.005841, 41.420999 ], [ 2.005603, 41.421441 ], [ 2.006671, 41.421900 ], [ 2.006995, 41.422036 ], [ 2.007367, 41.421997 ], [ 2.008309, 41.421685 ], [ 2.008546, 41.421621 ], [ 2.008862, 41.421606 ], [ 2.009106, 41.421709 ], [ 2.008184, 41.424490 ], [ 2.010728, 41.425834 ], [ 2.017101, 41.427876 ], [ 2.018958, 41.428886 ], [ 2.021296, 41.430361 ], [ 2.024452, 41.431371 ], [ 2.026996, 41.432619 ], [ 2.027450, 41.432901 ], [ 2.028262, 41.433628 ], [ 2.029902, 41.437095 ], [ 2.031884, 41.438736 ], [ 2.032735, 41.439693 ], [ 2.032946, 41.441689 ], [ 2.034597, 41.441648 ], [ 2.034630, 41.441651 ], [ 2.034697, 41.441657 ], [ 2.037555, 41.442192 ], [ 2.038032, 41.442379 ], [ 2.038534, 41.442620 ], [ 2.039138, 41.442957 ], [ 2.039955, 41.443497 ], [ 2.040099, 41.443607 ], [ 2.040424, 41.443893 ], [ 2.041048, 41.444202 ], [ 2.042421, 41.444404 ], [ 2.045716, 41.444718 ], [ 2.048404, 41.444622 ], [ 2.049825, 41.444654 ], [ 2.052594, 41.444988 ], [ 2.056376, 41.445030 ], [ 2.060768, 41.444986 ] ] ] ] } },
{ "type": "Feature", "properties": { "fid": 19, "id": 523, "CODIMUNI": "081252", "NOMMUNI": "Montcada i Reixac", "NOMMUNIIND": "Montcada i Reixac", "CAPMUNI": "Montcada", "CAPMUNIIND": "Montcada", "AREAM5000": 23.532, "CODICOMAR": "40", "NOMCOMAR": "Vallès Occidental", "CAPCOMAR": "Sabadell / Terrassa", "CAPCOMIND": "Sabadell / Terrassa", "CODIVEGUE": "01", "NOMVEGUE": "Barcelona", "CAPVEGUE": "Barcelona", "CODIPROV": "08", "NOMPROV": "Barcelona", "CAPPROV": "Barcelona" }, "geometry": { "type": "MultiPolygon", "coordinates": [ [ [ [ 2.184850, 41.516954 ], [ 2.184967, 41.516953 ], [ 2.185078, 41.516954 ], [ 2.185173, 41.516956 ], [ 2.185300, 41.516965 ], [ 2.185400, 41.516978 ], [ 2.185640, 41.517014 ], [ 2.185768, 41.517034 ], [ 2.185871, 41.517050 ], [ 2.185973, 41.517072 ], [ 2.186475, 41.517084 ], [ 2.187576, 41.516812 ], [ 2.187812, 41.516746 ], [ 2.187952, 41.516700 ], [ 2.188031, 41.516661 ], [ 2.188176, 41.516571 ], [ 2.188261, 41.516516 ], [ 2.188408, 41.516419 ], [ 2.188572, 41.516308 ], [ 2.188628, 41.516269 ], [ 2.188709, 41.516213 ], [ 2.188765, 41.516164 ], [ 2.188851, 41.516043 ], [ 2.188874, 41.516004 ], [ 2.188897, 41.515963 ], [ 2.188948, 41.515852 ], [ 2.188976, 41.515789 ], [ 2.188996, 41.515736 ], [ 2.189033, 41.515638 ], [ 2.189077, 41.515486 ], [ 2.189237, 41.514673 ], [ 2.189404, 41.513925 ], [ 2.189516, 41.513645 ], [ 2.189788, 41.513052 ], [ 2.189917, 41.512810 ], [ 2.190100, 41.512508 ], [ 2.190201, 41.512350 ], [ 2.190444, 41.512016 ], [ 2.193394, 41.508017 ], [ 2.193996, 41.507497 ], [ 2.195102, 41.506560 ], [ 2.196052, 41.505870 ], [ 2.196651, 41.505387 ], [ 2.197050, 41.505060 ], [ 2.197427, 41.504732 ], [ 2.197738, 41.504454 ], [ 2.198049, 41.504126 ], [ 2.198873, 41.503166 ], [ 2.199127, 41.502841 ], [ 2.199317, 41.502578 ], [ 2.199429, 41.502381 ], [ 2.199618, 41.502143 ], [ 2.199985, 41.501816 ], [ 2.200484, 41.501415 ], [ 2.200865, 41.501657 ], [ 2.201387, 41.502015 ], [ 2.201942, 41.502407 ], [ 2.203811, 41.503903 ], [ 2.205451, 41.502881 ], [ 2.207959, 41.501131 ], [ 2.210960, 41.499246 ], [ 2.215048, 41.497805 ], [ 2.219231, 41.496835 ], [ 2.221099, 41.496672 ], [ 2.223389, 41.496153 ], [ 2.224274, 41.494033 ], [ 2.224694, 41.492516 ], [ 2.223065, 41.490608 ], [ 2.220224, 41.489123 ], [ 2.218104, 41.488371 ], [ 2.215920, 41.486551 ], [ 2.216351, 41.485832 ], [ 2.215836, 41.484580 ], [ 2.215704, 41.484344 ], [ 2.215134, 41.483397 ], [ 2.213934, 41.481952 ], [ 2.212655, 41.481001 ], [ 2.212486, 41.480946 ], [ 2.212256, 41.480848 ], [ 2.212053, 41.480740 ], [ 2.211824, 41.480477 ], [ 2.211805, 41.480329 ], [ 2.212690, 41.478263 ], [ 2.213906, 41.477986 ], [ 2.216195, 41.477644 ], [ 2.217440, 41.477655 ], [ 2.217559, 41.477008 ], [ 2.217068, 41.475712 ], [ 2.216841, 41.475170 ], [ 2.216615, 41.474758 ], [ 2.216295, 41.474347 ], [ 2.215210, 41.473278 ], [ 2.213796, 41.471886 ], [ 2.213393, 41.471496 ], [ 2.213273, 41.471431 ], [ 2.212719, 41.471296 ], [ 2.212266, 41.471220 ], [ 2.210950, 41.471006 ], [ 2.209695, 41.470590 ], [ 2.208934, 41.470433 ], [ 2.207348, 41.470340 ], [ 2.207032, 41.470323 ], [ 2.206594, 41.470311 ], [ 2.206442, 41.470315 ], [ 2.206344, 41.470318 ], [ 2.206246, 41.470326 ], [ 2.206146, 41.470346 ], [ 2.206080, 41.470363 ], [ 2.205989, 41.470390 ], [ 2.205923, 41.470414 ], [ 2.205121, 41.470725 ], [ 2.204627, 41.470917 ], [ 2.204593, 41.470932 ], [ 2.204523, 41.470965 ], [ 2.204467, 41.471002 ], [ 2.204294, 41.471139 ], [ 2.204222, 41.471198 ], [ 2.199874, 41.473384 ], [ 2.199814, 41.473409 ], [ 2.199754, 41.473419 ], [ 2.199695, 41.473413 ], [ 2.199652, 41.473409 ], [ 2.199461, 41.473384 ], [ 2.193148, 41.471907 ], [ 2.188930, 41.470844 ], [ 2.187059, 41.467716 ], [ 2.185381, 41.467795 ], [ 2.182388, 41.467996 ], [ 2.178694, 41.468184 ], [ 2.178640, 41.467946 ], [ 2.178605, 41.467688 ], [ 2.178609, 41.467420 ], [ 2.178671, 41.467084 ], [ 2.178788, 41.466800 ], [ 2.178935, 41.466534 ], [ 2.179166, 41.466213 ], [ 2.179335, 41.466023 ], [ 2.179465, 41.465877 ], [ 2.179844, 41.465505 ], [ 2.180137, 41.465269 ], [ 2.177802, 41.464243 ], [ 2.173760, 41.462535 ], [ 2.171899, 41.461270 ], [ 2.169548, 41.460677 ], [ 2.168262, 41.460697 ], [ 2.167333, 41.460206 ], [ 2.165670, 41.458185 ], [ 2.165316, 41.457689 ], [ 2.165195, 41.457511 ], [ 2.164781, 41.456889 ], [ 2.164514, 41.456482 ], [ 2.164228, 41.456044 ], [ 2.164169, 41.455797 ], [ 2.164168, 41.455793 ], [ 2.164825, 41.453632 ], [ 2.165332, 41.452249 ], [ 2.165310, 41.451312 ], [ 2.164223, 41.450103 ], [ 2.162393, 41.449986 ], [ 2.158164, 41.449949 ], [ 2.155842, 41.449934 ], [ 2.158557, 41.453752 ], [ 2.158362, 41.454856 ], [ 2.158009, 41.455501 ], [ 2.157802, 41.455654 ], [ 2.157441, 41.455683 ], [ 2.156971, 41.456108 ], [ 2.157222, 41.457883 ], [ 2.157307, 41.458385 ], [ 2.157790, 41.461058 ], [ 2.158245, 41.461996 ], [ 2.158713, 41.462792 ], [ 2.159212, 41.463477 ], [ 2.159665, 41.464267 ], [ 2.159832, 41.464598 ], [ 2.159848, 41.464726 ], [ 2.159798, 41.465465 ], [ 2.159624, 41.465825 ], [ 2.158379, 41.467589 ], [ 2.156242, 41.467024 ], [ 2.155714, 41.467236 ], [ 2.156521, 41.473096 ], [ 2.155349, 41.474687 ], [ 2.155174, 41.474759 ], [ 2.154803, 41.474906 ], [ 2.154431, 41.475046 ], [ 2.154276, 41.475107 ], [ 2.154168, 41.475151 ], [ 2.157713, 41.479946 ], [ 2.158625, 41.483293 ], [ 2.159057, 41.483774 ], [ 2.159575, 41.484789 ], [ 2.157312, 41.486106 ], [ 2.155238, 41.487238 ], [ 2.153624, 41.488312 ], [ 2.153258, 41.488631 ], [ 2.152368, 41.489676 ], [ 2.152769, 41.489885 ], [ 2.155135, 41.489573 ], [ 2.155746, 41.489270 ], [ 2.156268, 41.489022 ], [ 2.156759, 41.488852 ], [ 2.158238, 41.488528 ], [ 2.158619, 41.488573 ], [ 2.158909, 41.488629 ], [ 2.159331, 41.488800 ], [ 2.159836, 41.489007 ], [ 2.160669, 41.490633 ], [ 2.160789, 41.490821 ], [ 2.163168, 41.490349 ], [ 2.167842, 41.489311 ], [ 2.169484, 41.489421 ], [ 2.171809, 41.491383 ], [ 2.173267, 41.492624 ], [ 2.173298, 41.492658 ], [ 2.173155, 41.492749 ], [ 2.173080, 41.492794 ], [ 2.171079, 41.493890 ], [ 2.169903, 41.494808 ], [ 2.168392, 41.496161 ], [ 2.167015, 41.498038 ], [ 2.164400, 41.501745 ], [ 2.163684, 41.502737 ], [ 2.161510, 41.505395 ], [ 2.160144, 41.506687 ], [ 2.158995, 41.507387 ], [ 2.160734, 41.508302 ], [ 2.161175, 41.509354 ], [ 2.162160, 41.513027 ], [ 2.162508, 41.514699 ], [ 2.162663, 41.516125 ], [ 2.163620, 41.515831 ], [ 2.165785, 41.515447 ], [ 2.169239, 41.515096 ], [ 2.172965, 41.517512 ], [ 2.173721, 41.519584 ], [ 2.173731, 41.519736 ], [ 2.173759, 41.519897 ], [ 2.173772, 41.519940 ], [ 2.173843, 41.520130 ], [ 2.173883, 41.520231 ], [ 2.174015, 41.520567 ], [ 2.174030, 41.520593 ], [ 2.174044, 41.520612 ], [ 2.174060, 41.520622 ], [ 2.174724, 41.520918 ], [ 2.174940, 41.520829 ], [ 2.175053, 41.520782 ], [ 2.175062, 41.520779 ], [ 2.176761, 41.520058 ], [ 2.178315, 41.519024 ], [ 2.181111, 41.517646 ], [ 2.181135, 41.517634 ], [ 2.181171, 41.517619 ], [ 2.181221, 41.517599 ], [ 2.181246, 41.517589 ], [ 2.181256, 41.517586 ], [ 2.181284, 41.517576 ], [ 2.181812, 41.517417 ], [ 2.182138, 41.517338 ], [ 2.182322, 41.517306 ], [ 2.183895, 41.517067 ], [ 2.183938, 41.517061 ], [ 2.184075, 41.517042 ], [ 2.184195, 41.517026 ], [ 2.184519, 41.516983 ], [ 2.184623, 41.516969 ], [ 2.184628, 41.516969 ], [ 2.184634, 41.516969 ], [ 2.184636, 41.516968 ], [ 2.184730, 41.516961 ], [ 2.184802, 41.516956 ], [ 2.184850, 41.516954 ] ] ], [ [ [ 2.187647, 41.566278 ], [ 2.187605, 41.566270 ], [ 2.187305, 41.568457 ], [ 2.186726, 41.571094 ], [ 2.186484, 41.572537 ], [ 2.188022, 41.573100 ], [ 2.188926, 41.573277 ], [ 2.192661, 41.573782 ], [ 2.194111, 41.573807 ], [ 2.194607, 41.573851 ], [ 2.195130, 41.573952 ], [ 2.195600, 41.574226 ], [ 2.195645, 41.574254 ], [ 2.195691, 41.574283 ], [ 2.195775, 41.574345 ], [ 2.195878, 41.574429 ], [ 2.195978, 41.574515 ], [ 2.196055, 41.574583 ], [ 2.196130, 41.574654 ], [ 2.196151, 41.574677 ], [ 2.196164, 41.574697 ], [ 2.196176, 41.574716 ], [ 2.196184, 41.574736 ], [ 2.196192, 41.574756 ], [ 2.196207, 41.574812 ], [ 2.196220, 41.574867 ], [ 2.196226, 41.574895 ], [ 2.196232, 41.574923 ], [ 2.196236, 41.574952 ], [ 2.196240, 41.574980 ], [ 2.196529, 41.572262 ], [ 2.193071, 41.569514 ], [ 2.193188, 41.567766 ], [ 2.191247, 41.567325 ], [ 2.191151, 41.567299 ], [ 2.190470, 41.566818 ], [ 2.187647, 41.566278 ] ] ] ] } },
{ "type": "Feature", "properties": { "fid": 20, "id": 530, "CODIMUNI": "081265", "NOMMUNI": "Montgat", "NOMMUNIIND": "Montgat", "CAPMUNI": "Montgat", "CAPMUNIIND": "Montgat", "AREAM5000": 2.8471, "CODICOMAR": "21", "NOMCOMAR": "Maresme", "CAPCOMAR": "Mataró", "CAPCOMIND": "Mataró", "CODIVEGUE": "01", "NOMVEGUE": "Barcelona", "CAPVEGUE": "Barcelona", "CODIPROV": "08", "NOMPROV": "Barcelona", "CAPPROV": "Barcelona" }, "geometry": { "type": "MultiPolygon", "coordinates": [ [ [ [ 2.293870, 41.479253 ], [ 2.295254, 41.477362 ], [ 2.295296, 41.476931 ], [ 2.295339, 41.476435 ], [ 2.295297, 41.475754 ], [ 2.296331, 41.472192 ], [ 2.296038, 41.472102 ], [ 2.295255, 41.471822 ], [ 2.294390, 41.471511 ], [ 2.294369, 41.471504 ], [ 2.294369, 41.471504 ], [ 2.294092, 41.471388 ], [ 2.291698, 41.470496 ], [ 2.290935, 41.470186 ], [ 2.290334, 41.469986 ], [ 2.289326, 41.469619 ], [ 2.289304, 41.469611 ], [ 2.288897, 41.469450 ], [ 2.288806, 41.469413 ], [ 2.288752, 41.469390 ], [ 2.287158, 41.468678 ], [ 2.286773, 41.468506 ], [ 2.286462, 41.468361 ], [ 2.285436, 41.467849 ], [ 2.284967, 41.467519 ], [ 2.284455, 41.467316 ], [ 2.284430, 41.467312 ], [ 2.284422, 41.467310 ], [ 2.284348, 41.467293 ], [ 2.283963, 41.467196 ], [ 2.283919, 41.467184 ], [ 2.283881, 41.467173 ], [ 2.283836, 41.467157 ], [ 2.283722, 41.467113 ], [ 2.283575, 41.467054 ], [ 2.283339, 41.466953 ], [ 2.283190, 41.466888 ], [ 2.283143, 41.466865 ], [ 2.283123, 41.466855 ], [ 2.283103, 41.466844 ], [ 2.283067, 41.466822 ], [ 2.282710, 41.466597 ], [ 2.282637, 41.466543 ], [ 2.282241, 41.466265 ], [ 2.281840, 41.465993 ], [ 2.281743, 41.465932 ], [ 2.281609, 41.465855 ], [ 2.281590, 41.465844 ], [ 2.281322, 41.465703 ], [ 2.281303, 41.465693 ], [ 2.281072, 41.465554 ], [ 2.280382, 41.465132 ], [ 2.280166, 41.464996 ], [ 2.280007, 41.464892 ], [ 2.279957, 41.464856 ], [ 2.279940, 41.464843 ], [ 2.279916, 41.464822 ], [ 2.279865, 41.464775 ], [ 2.279851, 41.464760 ], [ 2.278731, 41.464611 ], [ 2.278095, 41.464719 ], [ 2.278079, 41.464723 ], [ 2.278047, 41.464728 ], [ 2.278030, 41.464730 ], [ 2.278023, 41.464731 ], [ 2.277969, 41.464734 ], [ 2.277940, 41.464735 ], [ 2.277915, 41.464735 ], [ 2.277898, 41.464734 ], [ 2.277870, 41.464731 ], [ 2.277816, 41.464724 ], [ 2.277738, 41.464713 ], [ 2.277697, 41.464706 ], [ 2.277620, 41.464689 ], [ 2.277543, 41.464671 ], [ 2.277421, 41.464637 ], [ 2.277406, 41.464633 ], [ 2.277208, 41.464571 ], [ 2.277185, 41.464563 ], [ 2.277028, 41.464504 ], [ 2.276923, 41.464458 ], [ 2.276763, 41.464386 ], [ 2.276743, 41.464377 ], [ 2.276730, 41.464370 ], [ 2.276700, 41.464353 ], [ 2.276659, 41.464327 ], [ 2.276554, 41.464260 ], [ 2.276543, 41.464251 ], [ 2.276523, 41.464235 ], [ 2.276500, 41.464215 ], [ 2.276479, 41.464194 ], [ 2.276462, 41.464177 ], [ 2.276453, 41.464167 ], [ 2.276446, 41.464157 ], [ 2.276434, 41.464139 ], [ 2.276425, 41.464123 ], [ 2.276421, 41.464113 ], [ 2.276419, 41.464102 ], [ 2.276419, 41.464093 ], [ 2.276419, 41.464089 ], [ 2.276419, 41.464088 ], [ 2.276146, 41.463798 ], [ 2.274844, 41.463068 ], [ 2.274528, 41.462901 ], [ 2.273622, 41.462427 ], [ 2.272868, 41.461989 ], [ 2.272614, 41.461978 ], [ 2.272601, 41.461993 ], [ 2.272591, 41.462001 ], [ 2.272439, 41.462017 ], [ 2.272423, 41.462017 ], [ 2.272411, 41.462018 ], [ 2.272386, 41.462015 ], [ 2.272343, 41.462006 ], [ 2.272280, 41.461984 ], [ 2.272219, 41.461958 ], [ 2.272096, 41.461903 ], [ 2.271649, 41.461697 ], [ 2.271519, 41.461634 ], [ 2.271457, 41.461600 ], [ 2.271398, 41.461563 ], [ 2.271114, 41.461373 ], [ 2.271110, 41.461353 ], [ 2.271106, 41.461333 ], [ 2.271098, 41.461311 ], [ 2.271097, 41.461306 ], [ 2.271084, 41.461279 ], [ 2.271073, 41.461261 ], [ 2.271057, 41.461246 ], [ 2.270716, 41.461039 ], [ 2.270077, 41.460671 ], [ 2.269977, 41.460614 ], [ 2.268478, 41.462974 ], [ 2.268135, 41.463346 ], [ 2.264942, 41.465663 ], [ 2.264244, 41.466512 ], [ 2.261326, 41.470236 ], [ 2.261342, 41.470389 ], [ 2.261344, 41.470412 ], [ 2.261347, 41.470435 ], [ 2.261354, 41.470505 ], [ 2.261356, 41.470524 ], [ 2.261360, 41.470560 ], [ 2.261375, 41.470675 ], [ 2.265139, 41.471495 ], [ 2.269205, 41.471624 ], [ 2.271648, 41.471473 ], [ 2.271781, 41.471441 ], [ 2.271872, 41.471419 ], [ 2.272167, 41.471350 ], [ 2.272862, 41.471204 ], [ 2.273934, 41.471906 ], [ 2.274126, 41.472032 ], [ 2.274140, 41.472042 ], [ 2.274159, 41.472055 ], [ 2.275914, 41.473416 ], [ 2.276323, 41.473742 ], [ 2.276193, 41.475055 ], [ 2.277898, 41.475909 ], [ 2.280210, 41.475586 ], [ 2.283916, 41.477019 ], [ 2.285300, 41.477629 ], [ 2.285318, 41.477638 ], [ 2.285375, 41.477665 ], [ 2.285483, 41.477720 ], [ 2.285574, 41.477769 ], [ 2.286536, 41.478301 ], [ 2.286988, 41.478558 ], [ 2.287270, 41.478722 ], [ 2.287576, 41.478913 ], [ 2.289464, 41.480103 ], [ 2.289549, 41.480158 ], [ 2.289704, 41.480264 ], [ 2.289782, 41.480320 ], [ 2.289857, 41.480376 ], [ 2.289883, 41.480397 ], [ 2.290129, 41.480604 ], [ 2.290286, 41.480754 ], [ 2.291872, 41.482506 ], [ 2.293870, 41.479253 ] ] ] ] } },
{ "type": "Feature", "properties": { "fid": 21, "id": 580, "CODIMUNI": "081574", "NOMMUNI": "Pallejà", "NOMMUNIIND": "Pallejà", "CAPMUNI": "Pallejà", "CAPMUNIIND": "Pallejà", "AREAM5000": 8.4283, "CODICOMAR": "11", "NOMCOMAR": "Baix Llobregat", "CAPCOMAR": "Sant Feliu de Llobregat", "CAPCOMIND": "Sant Feliu de Llobregat", "CODIVEGUE": "01", "NOMVEGUE": "Barcelona", "CAPVEGUE": "Barcelona", "CODIPROV": "08", "NOMPROV": "Barcelona", "CAPPROV": "Barcelona" }, "geometry": { "type": "MultiPolygon", "coordinates": [ [ [ [ 1.990831, 41.439355 ], [ 1.991468, 41.438920 ], [ 1.992097, 41.438419 ], [ 1.992582, 41.438030 ], [ 1.993215, 41.437450 ], [ 1.993625, 41.437043 ], [ 1.993905, 41.436707 ], [ 1.993998, 41.436520 ], [ 1.994075, 41.436349 ], [ 1.994088, 41.436158 ], [ 1.994080, 41.435587 ], [ 1.994425, 41.435551 ], [ 1.994774, 41.435393 ], [ 1.995632, 41.434687 ], [ 1.995998, 41.434186 ], [ 1.996308, 41.433673 ], [ 1.999220, 41.430203 ], [ 2.001611, 41.428050 ], [ 2.002226, 41.427325 ], [ 2.002880, 41.426370 ], [ 2.003236, 41.425834 ], [ 2.004932, 41.422809 ], [ 2.005603, 41.421441 ], [ 2.005841, 41.420999 ], [ 2.006203, 41.420243 ], [ 2.007257, 41.417369 ], [ 2.007737, 41.415424 ], [ 2.008119, 41.414076 ], [ 2.008514, 41.412954 ], [ 2.009009, 41.411994 ], [ 2.009710, 41.410976 ], [ 2.003484, 41.409169 ], [ 2.002918, 41.408885 ], [ 2.002068, 41.408007 ], [ 2.000904, 41.406917 ], [ 2.000198, 41.406490 ], [ 1.999607, 41.406216 ], [ 1.998279, 41.407075 ], [ 1.996941, 41.407753 ], [ 1.995260, 41.408338 ], [ 1.994367, 41.408560 ], [ 1.992717, 41.408816 ], [ 1.991347, 41.408964 ], [ 1.990485, 41.408956 ], [ 1.988595, 41.408330 ], [ 1.987665, 41.410973 ], [ 1.986210, 41.411908 ], [ 1.985249, 41.411074 ], [ 1.983098, 41.411314 ], [ 1.982673, 41.411630 ], [ 1.982619, 41.411670 ], [ 1.982585, 41.411701 ], [ 1.981711, 41.412580 ], [ 1.981636, 41.412693 ], [ 1.984008, 41.413603 ], [ 1.982898, 41.414748 ], [ 1.980009, 41.413786 ], [ 1.977615, 41.413471 ], [ 1.975981, 41.414483 ], [ 1.973721, 41.416218 ], [ 1.971783, 41.416887 ], [ 1.966469, 41.416662 ], [ 1.962773, 41.416523 ], [ 1.962116, 41.417667 ], [ 1.960641, 41.417582 ], [ 1.958598, 41.416680 ], [ 1.956334, 41.415944 ], [ 1.954592, 41.416947 ], [ 1.954561, 41.417006 ], [ 1.954516, 41.417059 ], [ 1.954460, 41.417106 ], [ 1.954394, 41.417145 ], [ 1.954320, 41.417175 ], [ 1.954269, 41.417189 ], [ 1.952699, 41.417554 ], [ 1.949581, 41.417448 ], [ 1.946820, 41.416577 ], [ 1.945542, 41.416949 ], [ 1.944967, 41.417371 ], [ 1.945183, 41.417508 ], [ 1.945191, 41.419286 ], [ 1.946554, 41.420234 ], [ 1.948741, 41.420965 ], [ 1.950492, 41.420648 ], [ 1.951869, 41.420376 ], [ 1.953179, 41.419903 ], [ 1.955694, 41.419602 ], [ 1.962410, 41.421530 ], [ 1.965190, 41.423961 ], [ 1.966767, 41.425530 ], [ 1.968335, 41.427057 ], [ 1.970529, 41.427886 ], [ 1.972898, 41.430332 ], [ 1.974198, 41.432172 ], [ 1.979127, 41.433340 ], [ 1.984602, 41.434272 ], [ 1.986807, 41.434839 ], [ 1.986900, 41.435623 ], [ 1.985907, 41.436912 ], [ 1.990408, 41.439620 ], [ 1.990831, 41.439355 ] ] ] ] } },
{ "type": "Feature", "properties": { "fid": 22, "id": 648, "CODIMUNI": "081803", "NOMMUNI": "Ripollet", "NOMMUNIIND": "Ripollet", "CAPMUNI": "Ripollet", "CAPMUNIIND": "Ripollet", "AREAM5000": 4.3286, "CODICOMAR": "40", "NOMCOMAR": "Vallès Occidental", "CAPCOMAR": "Sabadell / Terrassa", "CAPCOMIND": "Sabadell / Terrassa", "CODIVEGUE": "01", "NOMVEGUE": "Barcelona", "CAPVEGUE": "Barcelona", "CODIPROV": "08", "NOMPROV": "Barcelona", "CAPPROV": "Barcelona" }, "geometry": { "type": "MultiPolygon", "coordinates": [ [ [ [ 2.157151, 41.509536 ], [ 2.158061, 41.508630 ], [ 2.158522, 41.508048 ], [ 2.158995, 41.507387 ], [ 2.160144, 41.506687 ], [ 2.161510, 41.505395 ], [ 2.163684, 41.502737 ], [ 2.164400, 41.501745 ], [ 2.167015, 41.498038 ], [ 2.168392, 41.496161 ], [ 2.169903, 41.494808 ], [ 2.171079, 41.493890 ], [ 2.173080, 41.492794 ], [ 2.173155, 41.492749 ], [ 2.173298, 41.492658 ], [ 2.173267, 41.492624 ], [ 2.171809, 41.491383 ], [ 2.169484, 41.489421 ], [ 2.167842, 41.489311 ], [ 2.163168, 41.490349 ], [ 2.160789, 41.490821 ], [ 2.160669, 41.490633 ], [ 2.159836, 41.489007 ], [ 2.159331, 41.488800 ], [ 2.158909, 41.488629 ], [ 2.158619, 41.488573 ], [ 2.158238, 41.488528 ], [ 2.156759, 41.488852 ], [ 2.156268, 41.489022 ], [ 2.155746, 41.489270 ], [ 2.155135, 41.489573 ], [ 2.152769, 41.489885 ], [ 2.151432, 41.490854 ], [ 2.148118, 41.493269 ], [ 2.148220, 41.493328 ], [ 2.149591, 41.494120 ], [ 2.145205, 41.497332 ], [ 2.144037, 41.496417 ], [ 2.143931, 41.496334 ], [ 2.143178, 41.496873 ], [ 2.142860, 41.497122 ], [ 2.138181, 41.502375 ], [ 2.135081, 41.505876 ], [ 2.134937, 41.505963 ], [ 2.136085, 41.506671 ], [ 2.138935, 41.507235 ], [ 2.142396, 41.508420 ], [ 2.142499, 41.509351 ], [ 2.144912, 41.510154 ], [ 2.145012, 41.510186 ], [ 2.145906, 41.510470 ], [ 2.145984, 41.510491 ], [ 2.146044, 41.510500 ], [ 2.148949, 41.510792 ], [ 2.149078, 41.510114 ], [ 2.149132, 41.509489 ], [ 2.149380, 41.508941 ], [ 2.149796, 41.508775 ], [ 2.151255, 41.509559 ], [ 2.151915, 41.510006 ], [ 2.152097, 41.510165 ], [ 2.152177, 41.510345 ], [ 2.152183, 41.510370 ], [ 2.152202, 41.510404 ], [ 2.152218, 41.510423 ], [ 2.152240, 41.510436 ], [ 2.152288, 41.510456 ], [ 2.152428, 41.510509 ], [ 2.154744, 41.511352 ], [ 2.154764, 41.511358 ], [ 2.157151, 41.509536 ] ] ] ] } },
{ "type": "Feature", "properties": { "fid": 23, "id": 678, "CODIMUNI": "081944", "NOMMUNI": "Sant Adrià de Besòs", "NOMMUNIIND": "Sant Adrià de Besòs", "CAPMUNI": "Sant Adrià de Besòs", "CAPMUNIIND": "Sant Adrià de Besòs", "AREAM5000": 3.8121, "CODICOMAR": "13", "NOMCOMAR": "Barcelonès", "CAPCOMAR": "Barcelona", "CAPCOMIND": "Barcelona", "CODIVEGUE": "01", "NOMVEGUE": "Barcelona", "CAPVEGUE": "Barcelona", "CODIPROV": "08", "NOMPROV": "Barcelona", "CAPPROV": "Barcelona" }, "geometry": { "type": "MultiPolygon", "coordinates": [ [ [ [ 2.214622, 41.434885 ], [ 2.214691, 41.434523 ], [ 2.215020, 41.434149 ], [ 2.215356, 41.433772 ], [ 2.217499, 41.432224 ], [ 2.219565, 41.432958 ], [ 2.222510, 41.432402 ], [ 2.223025, 41.431667 ], [ 2.223268, 41.431318 ], [ 2.224472, 41.429503 ], [ 2.226429, 41.429852 ], [ 2.228528, 41.430278 ], [ 2.231454, 41.430956 ], [ 2.233891, 41.428918 ], [ 2.236192, 41.427017 ], [ 2.237297, 41.426242 ], [ 2.237418, 41.426161 ], [ 2.237270, 41.426022 ], [ 2.237260, 41.426012 ], [ 2.237251, 41.426002 ], [ 2.237220, 41.425965 ], [ 2.237153, 41.425872 ], [ 2.237089, 41.425781 ], [ 2.236751, 41.425256 ], [ 2.236743, 41.425244 ], [ 2.236737, 41.425233 ], [ 2.236735, 41.425227 ], [ 2.236733, 41.425222 ], [ 2.236731, 41.425216 ], [ 2.236727, 41.425203 ], [ 2.236725, 41.425188 ], [ 2.236725, 41.425188 ], [ 2.236723, 41.425173 ], [ 2.236722, 41.425151 ], [ 2.236722, 41.425151 ], [ 2.236722, 41.425125 ], [ 2.236722, 41.425125 ], [ 2.236723, 41.425113 ], [ 2.236754, 41.424902 ], [ 2.236758, 41.424876 ], [ 2.236760, 41.424868 ], [ 2.235407, 41.423313 ], [ 2.234824, 41.422688 ], [ 2.234746, 41.422611 ], [ 2.234602, 41.422422 ], [ 2.234569, 41.422377 ], [ 2.234466, 41.422218 ], [ 2.234402, 41.422112 ], [ 2.234383, 41.422078 ], [ 2.234280, 41.421871 ], [ 2.234182, 41.421663 ], [ 2.234043, 41.421360 ], [ 2.234026, 41.421319 ], [ 2.233749, 41.420636 ], [ 2.233726, 41.420577 ], [ 2.233703, 41.420510 ], [ 2.233546, 41.420064 ], [ 2.233524, 41.420038 ], [ 2.233489, 41.419994 ], [ 2.233444, 41.419933 ], [ 2.233404, 41.419873 ], [ 2.233344, 41.419774 ], [ 2.233251, 41.419607 ], [ 2.233246, 41.419596 ], [ 2.233150, 41.419392 ], [ 2.233098, 41.419280 ], [ 2.232993, 41.419041 ], [ 2.232993, 41.418960 ], [ 2.233058, 41.418702 ], [ 2.233165, 41.418268 ], [ 2.232652, 41.417664 ], [ 2.232230, 41.416736 ], [ 2.232147, 41.416601 ], [ 2.232103, 41.416525 ], [ 2.232098, 41.416514 ], [ 2.232057, 41.416432 ], [ 2.232025, 41.416360 ], [ 2.232006, 41.416314 ], [ 2.231998, 41.416291 ], [ 2.231987, 41.416255 ], [ 2.231968, 41.416176 ], [ 2.231942, 41.416044 ], [ 2.231909, 41.415875 ], [ 2.231899, 41.415812 ], [ 2.231896, 41.415788 ], [ 2.231893, 41.415742 ], [ 2.231892, 41.415682 ], [ 2.231893, 41.415629 ], [ 2.231895, 41.415595 ], [ 2.231896, 41.415584 ], [ 2.231901, 41.415546 ], [ 2.231916, 41.415472 ], [ 2.231946, 41.415345 ], [ 2.231969, 41.415264 ], [ 2.231985, 41.415213 ], [ 2.231997, 41.415180 ], [ 2.232004, 41.415163 ], [ 2.232016, 41.415140 ], [ 2.232038, 41.415100 ], [ 2.232063, 41.415058 ], [ 2.232089, 41.415018 ], [ 2.232109, 41.414991 ], [ 2.232117, 41.414980 ], [ 2.232127, 41.414969 ], [ 2.232144, 41.414952 ], [ 2.232215, 41.414885 ], [ 2.232231, 41.414871 ], [ 2.232249, 41.414856 ], [ 2.232260, 41.414848 ], [ 2.232270, 41.414843 ], [ 2.232281, 41.414839 ], [ 2.232300, 41.414832 ], [ 2.233071, 41.414912 ], [ 2.233249, 41.415154 ], [ 2.233263, 41.415172 ], [ 2.233284, 41.415188 ], [ 2.233310, 41.415199 ], [ 2.233339, 41.415205 ], [ 2.233369, 41.415206 ], [ 2.233398, 41.415200 ], [ 2.233424, 41.415190 ], [ 2.233446, 41.415174 ], [ 2.233462, 41.415155 ], [ 2.233472, 41.415134 ], [ 2.233473, 41.415111 ], [ 2.233467, 41.415089 ], [ 2.233120, 41.414550 ], [ 2.229678, 41.409208 ], [ 2.229723, 41.409188 ], [ 2.229753, 41.409172 ], [ 2.229779, 41.409151 ], [ 2.229793, 41.409134 ], [ 2.229801, 41.409116 ], [ 2.229808, 41.409080 ], [ 2.229808, 41.409052 ], [ 2.229804, 41.409024 ], [ 2.229798, 41.409005 ], [ 2.229783, 41.408981 ], [ 2.229762, 41.408959 ], [ 2.229741, 41.408939 ], [ 2.229695, 41.408904 ], [ 2.229653, 41.408872 ], [ 2.229610, 41.408842 ], [ 2.229576, 41.408823 ], [ 2.229534, 41.408807 ], [ 2.229491, 41.408798 ], [ 2.229463, 41.408796 ], [ 2.229415, 41.408798 ], [ 2.229366, 41.408806 ], [ 2.229334, 41.408816 ], [ 2.229287, 41.408835 ], [ 2.229244, 41.408855 ], [ 2.229161, 41.408902 ], [ 2.229122, 41.408927 ], [ 2.229087, 41.408954 ], [ 2.229068, 41.408976 ], [ 2.229054, 41.409003 ], [ 2.229048, 41.409030 ], [ 2.229049, 41.409048 ], [ 2.229055, 41.409072 ], [ 2.229082, 41.409142 ], [ 2.229111, 41.409212 ], [ 2.229136, 41.409268 ], [ 2.229165, 41.409324 ], [ 2.229184, 41.409344 ], [ 2.229209, 41.409359 ], [ 2.229229, 41.409366 ], [ 2.229247, 41.409369 ], [ 2.229265, 41.409370 ], [ 2.229266, 41.409370 ], [ 2.229302, 41.409365 ], [ 2.229350, 41.409351 ], [ 2.229396, 41.409333 ], [ 2.229427, 41.409318 ], [ 2.229459, 41.409303 ], [ 2.229712, 41.409691 ], [ 2.230544, 41.410977 ], [ 2.232261, 41.413629 ], [ 2.232931, 41.414665 ], [ 2.232913, 41.414676 ], [ 2.232895, 41.414688 ], [ 2.232881, 41.414697 ], [ 2.232866, 41.414706 ], [ 2.232856, 41.414709 ], [ 2.232750, 41.414749 ], [ 2.229979, 41.413550 ], [ 2.230008, 41.413512 ], [ 2.230553, 41.412797 ], [ 2.230617, 41.412781 ], [ 2.230701, 41.412672 ], [ 2.230558, 41.412607 ], [ 2.229896, 41.413469 ], [ 2.229623, 41.413396 ], [ 2.229191, 41.413209 ], [ 2.228647, 41.412974 ], [ 2.228586, 41.413059 ], [ 2.228586, 41.413059 ], [ 2.228593, 41.413062 ], [ 2.229240, 41.413335 ], [ 2.228976, 41.413685 ], [ 2.227711, 41.415343 ], [ 2.227681, 41.415366 ], [ 2.227487, 41.415460 ], [ 2.226554, 41.414418 ], [ 2.226470, 41.414291 ], [ 2.226546, 41.414047 ], [ 2.226422, 41.413932 ], [ 2.226237, 41.413883 ], [ 2.226139, 41.413876 ], [ 2.226034, 41.413938 ], [ 2.225833, 41.413840 ], [ 2.225027, 41.413234 ], [ 2.225528, 41.412858 ], [ 2.225612, 41.412962 ], [ 2.226032, 41.413612 ], [ 2.226723, 41.413524 ], [ 2.226607, 41.413792 ], [ 2.226634, 41.413815 ], [ 2.226766, 41.413849 ], [ 2.227555, 41.413307 ], [ 2.227619, 41.413261 ], [ 2.228175, 41.412843 ], [ 2.228704, 41.412441 ], [ 2.222908, 41.412919 ], [ 2.221306, 41.413445 ], [ 2.219748, 41.415184 ], [ 2.216729, 41.418116 ], [ 2.216668, 41.418172 ], [ 2.216576, 41.418248 ], [ 2.216496, 41.418310 ], [ 2.215875, 41.418781 ], [ 2.215164, 41.419319 ], [ 2.214393, 41.419892 ], [ 2.214153, 41.420049 ], [ 2.213866, 41.420222 ], [ 2.213716, 41.420311 ], [ 2.212879, 41.420744 ], [ 2.209929, 41.424346 ], [ 2.207770, 41.425012 ], [ 2.206739, 41.426637 ], [ 2.207010, 41.429679 ], [ 2.206617, 41.430669 ], [ 2.206501, 41.430984 ], [ 2.206219, 41.432109 ], [ 2.206124, 41.432540 ], [ 2.206456, 41.432648 ], [ 2.207801, 41.433084 ], [ 2.208924, 41.433249 ], [ 2.210063, 41.433363 ], [ 2.210759, 41.433430 ], [ 2.214669, 41.434920 ], [ 2.214622, 41.434885 ] ] ] ] } },
{ "type": "Feature", "properties": { "fid": 24, "id": 680, "CODIMUNI": "081960", "NOMMUNI": "Sant Andreu de la Barca", "NOMMUNIIND": "Sant Andreu de la Barca", "CAPMUNI": "Sant Andreu de la Barca", "CAPMUNIIND": "Sant Andreu de la Barca", "AREAM5000": 5.6202, "CODICOMAR": "11", "NOMCOMAR": "Baix Llobregat", "CAPCOMAR": "Sant Feliu de Llobregat", "CAPCOMIND": "Sant Feliu de Llobregat", "CODIVEGUE": "01", "NOMVEGUE": "Barcelona", "CAPVEGUE": "Barcelona", "CODIPROV": "08", "NOMPROV": "Barcelona", "CAPPROV": "Barcelona" }, "geometry": { "type": "MultiPolygon", "coordinates": [ [ [ [ 1.956498, 41.462866 ], [ 1.958242, 41.461764 ], [ 1.961114, 41.460039 ], [ 1.962891, 41.460521 ], [ 1.963940, 41.461206 ], [ 1.964544, 41.461592 ], [ 1.964974, 41.461861 ], [ 1.965302, 41.462043 ], [ 1.965387, 41.462090 ], [ 1.967225, 41.463091 ], [ 1.967353, 41.463161 ], [ 1.968428, 41.463729 ], [ 1.968566, 41.463800 ], [ 1.968691, 41.463860 ], [ 1.968779, 41.463884 ], [ 1.968869, 41.463908 ], [ 1.968903, 41.463914 ], [ 1.968946, 41.463917 ], [ 1.969228, 41.463919 ], [ 1.969317, 41.463915 ], [ 1.973293, 41.463705 ], [ 1.973493, 41.463454 ], [ 1.973678, 41.463204 ], [ 1.974697, 41.461585 ], [ 1.974917, 41.461211 ], [ 1.975491, 41.460107 ], [ 1.976520, 41.457047 ], [ 1.976670, 41.456378 ], [ 1.976742, 41.456025 ], [ 1.976755, 41.455940 ], [ 1.976765, 41.455809 ], [ 1.976765, 41.455807 ], [ 1.976926, 41.453921 ], [ 1.977278, 41.451033 ], [ 1.977307, 41.450864 ], [ 1.977386, 41.450634 ], [ 1.977570, 41.450318 ], [ 1.977694, 41.450109 ], [ 1.978212, 41.449393 ], [ 1.978389, 41.449150 ], [ 1.978589, 41.448930 ], [ 1.980976, 41.446426 ], [ 1.982236, 41.445284 ], [ 1.984211, 41.443982 ], [ 1.984425, 41.443842 ], [ 1.984992, 41.443542 ], [ 1.982253, 41.442904 ], [ 1.979217, 41.441720 ], [ 1.978079, 41.441309 ], [ 1.975828, 41.441777 ], [ 1.973852, 41.442280 ], [ 1.970727, 41.442660 ], [ 1.966270, 41.442983 ], [ 1.966237, 41.442983 ], [ 1.966206, 41.442982 ], [ 1.964512, 41.442831 ], [ 1.964499, 41.442830 ], [ 1.964474, 41.442826 ], [ 1.964453, 41.442822 ], [ 1.964434, 41.442819 ], [ 1.964414, 41.442814 ], [ 1.964392, 41.442808 ], [ 1.964358, 41.442797 ], [ 1.963841, 41.442608 ], [ 1.963777, 41.442585 ], [ 1.963743, 41.442571 ], [ 1.963714, 41.442559 ], [ 1.963671, 41.442541 ], [ 1.963637, 41.442527 ], [ 1.962741, 41.442134 ], [ 1.961623, 41.441445 ], [ 1.960891, 41.440908 ], [ 1.956920, 41.439722 ], [ 1.955317, 41.439257 ], [ 1.955302, 41.439255 ], [ 1.954817, 41.439191 ], [ 1.954798, 41.439189 ], [ 1.954776, 41.439189 ], [ 1.954756, 41.439189 ], [ 1.954742, 41.439190 ], [ 1.954721, 41.439192 ], [ 1.954700, 41.439195 ], [ 1.954687, 41.439197 ], [ 1.954666, 41.439202 ], [ 1.954633, 41.439211 ], [ 1.954197, 41.439352 ], [ 1.953915, 41.439444 ], [ 1.953610, 41.439545 ], [ 1.953591, 41.439556 ], [ 1.953556, 41.439577 ], [ 1.953540, 41.439587 ], [ 1.953511, 41.439609 ], [ 1.953468, 41.439644 ], [ 1.953443, 41.439665 ], [ 1.953432, 41.439675 ], [ 1.953418, 41.439689 ], [ 1.953391, 41.439713 ], [ 1.953297, 41.439828 ], [ 1.952871, 41.440366 ], [ 1.952835, 41.440412 ], [ 1.952817, 41.440435 ], [ 1.952780, 41.440484 ], [ 1.952774, 41.440493 ], [ 1.952767, 41.440505 ], [ 1.952760, 41.440521 ], [ 1.952756, 41.440531 ], [ 1.952751, 41.440547 ], [ 1.952746, 41.440564 ], [ 1.952744, 41.440577 ], [ 1.952744, 41.440597 ], [ 1.952746, 41.440615 ], [ 1.952747, 41.440626 ], [ 1.952751, 41.440646 ], [ 1.952755, 41.440658 ], [ 1.952758, 41.440669 ], [ 1.952765, 41.440684 ], [ 1.952777, 41.440711 ], [ 1.952783, 41.440727 ], [ 1.951897, 41.441027 ], [ 1.950624, 41.441260 ], [ 1.950346, 41.441278 ], [ 1.950158, 41.441265 ], [ 1.949505, 41.441121 ], [ 1.949609, 41.441398 ], [ 1.949624, 41.441541 ], [ 1.949604, 41.441670 ], [ 1.949253, 41.442227 ], [ 1.949134, 41.442319 ], [ 1.948570, 41.442668 ], [ 1.947520, 41.443851 ], [ 1.946111, 41.446174 ], [ 1.946261, 41.446241 ], [ 1.948320, 41.448249 ], [ 1.950194, 41.450120 ], [ 1.951278, 41.451462 ], [ 1.952563, 41.454905 ], [ 1.952378, 41.455597 ], [ 1.950291, 41.458338 ], [ 1.949681, 41.459105 ], [ 1.947310, 41.461004 ], [ 1.948375, 41.461994 ], [ 1.948621, 41.462071 ], [ 1.948879, 41.462138 ], [ 1.949337, 41.462218 ], [ 1.949719, 41.462287 ], [ 1.950156, 41.462369 ], [ 1.950499, 41.462448 ], [ 1.951955, 41.463217 ], [ 1.952014, 41.463249 ], [ 1.952180, 41.463373 ], [ 1.953107, 41.464115 ], [ 1.953660, 41.464697 ], [ 1.956498, 41.462866 ] ] ] ] } },
{ "type": "Feature", "properties": { "fid": 25, "id": 686, "CODIMUNI": "082009", "NOMMUNI": "Sant Boi de Llobregat", "NOMMUNIIND": "Sant Boi de Llobregat", "CAPMUNI": "Sant Boi de Llobregat", "CAPMUNIIND": "Sant Boi de Llobregat", "AREAM5000": 21.5289, "CODICOMAR": "11", "NOMCOMAR": "Baix Llobregat", "CAPCOMAR": "Sant Feliu de Llobregat", "CAPCOMIND": "Sant Feliu de Llobregat", "CODIVEGUE": "01", "NOMVEGUE": "Barcelona", "CAPVEGUE": "Barcelona", "CODIPROV": "08", "NOMPROV": "Barcelona", "CAPPROV": "Barcelona" }, "geometry": { "type": "MultiPolygon", "coordinates": [ [ [ [ 2.044598, 41.361478 ], [ 2.048169, 41.361640 ], [ 2.048232, 41.361500 ], [ 2.048272, 41.361390 ], [ 2.048289, 41.361298 ], [ 2.048290, 41.361206 ], [ 2.048284, 41.361136 ], [ 2.048235, 41.360931 ], [ 2.047838, 41.359957 ], [ 2.042947, 41.358627 ], [ 2.036403, 41.356053 ], [ 2.036406, 41.354185 ], [ 2.037177, 41.352571 ], [ 2.037622, 41.351870 ], [ 2.038356, 41.351101 ], [ 2.039089, 41.350473 ], [ 2.039939, 41.350022 ], [ 2.044806, 41.353761 ], [ 2.045401, 41.354082 ], [ 2.045453, 41.354100 ], [ 2.045507, 41.354098 ], [ 2.045898, 41.354042 ], [ 2.046094, 41.352842 ], [ 2.046131, 41.352264 ], [ 2.046052, 41.351679 ], [ 2.045664, 41.350565 ], [ 2.045337, 41.349840 ], [ 2.045348, 41.349559 ], [ 2.045445, 41.349360 ], [ 2.045572, 41.349180 ], [ 2.045769, 41.349000 ], [ 2.046123, 41.348715 ], [ 2.046461, 41.348478 ], [ 2.047284, 41.348057 ], [ 2.047691, 41.347896 ], [ 2.048089, 41.347794 ], [ 2.048596, 41.347698 ], [ 2.050172, 41.347510 ], [ 2.050740, 41.347627 ], [ 2.051365, 41.347747 ], [ 2.052162, 41.347883 ], [ 2.053160, 41.348018 ], [ 2.054472, 41.348181 ], [ 2.055883, 41.348247 ], [ 2.056932, 41.348237 ], [ 2.057965, 41.348165 ], [ 2.058928, 41.348047 ], [ 2.060040, 41.347869 ], [ 2.061145, 41.347660 ], [ 2.062397, 41.347292 ], [ 2.063633, 41.346873 ], [ 2.067460, 41.345219 ], [ 2.068771, 41.344648 ], [ 2.068713, 41.343898 ], [ 2.070096, 41.340780 ], [ 2.071875, 41.338911 ], [ 2.072428, 41.338960 ], [ 2.073228, 41.339211 ], [ 2.073192, 41.339270 ], [ 2.074169, 41.340785 ], [ 2.075781, 41.342242 ], [ 2.076180, 41.342299 ], [ 2.076593, 41.342357 ], [ 2.077504, 41.341086 ], [ 2.078140, 41.340192 ], [ 2.078494, 41.339686 ], [ 2.077498, 41.339245 ], [ 2.076975, 41.339016 ], [ 2.076432, 41.338779 ], [ 2.075680, 41.338360 ], [ 2.074983, 41.337885 ], [ 2.074200, 41.337249 ], [ 2.073564, 41.336685 ], [ 2.073259, 41.336412 ], [ 2.072014, 41.335083 ], [ 2.071627, 41.333682 ], [ 2.070887, 41.331255 ], [ 2.070271, 41.330933 ], [ 2.069512, 41.330513 ], [ 2.067256, 41.329118 ], [ 2.067393, 41.328958 ], [ 2.071448, 41.324958 ], [ 2.071617, 41.323111 ], [ 2.070507, 41.320619 ], [ 2.069433, 41.319115 ], [ 2.068393, 41.318698 ], [ 2.067363, 41.318244 ], [ 2.066899, 41.318032 ], [ 2.065710, 41.317480 ], [ 2.063290, 41.316297 ], [ 2.062953, 41.315620 ], [ 2.063705, 41.314718 ], [ 2.064820, 41.313039 ], [ 2.064944, 41.312823 ], [ 2.065076, 41.312588 ], [ 2.065635, 41.311580 ], [ 2.065747, 41.311345 ], [ 2.065857, 41.311030 ], [ 2.066788, 41.307986 ], [ 2.066968, 41.307361 ], [ 2.065320, 41.306701 ], [ 2.063879, 41.306540 ], [ 2.062609, 41.306382 ], [ 2.061849, 41.306254 ], [ 2.060444, 41.305959 ], [ 2.059600, 41.305780 ], [ 2.058751, 41.305588 ], [ 2.058836, 41.302820 ], [ 2.057834, 41.302604 ], [ 2.057356, 41.302495 ], [ 2.057664, 41.301768 ], [ 2.058184, 41.300593 ], [ 2.058448, 41.300010 ], [ 2.061581, 41.292667 ], [ 2.066037, 41.290386 ], [ 2.067558, 41.288303 ], [ 2.067862, 41.287505 ], [ 2.067442, 41.287494 ], [ 2.067162, 41.287492 ], [ 2.063410, 41.289326 ], [ 2.059013, 41.291505 ], [ 2.056585, 41.294698 ], [ 2.055906, 41.295741 ], [ 2.053935, 41.299027 ], [ 2.051215, 41.303543 ], [ 2.050664, 41.304360 ], [ 2.050058, 41.304606 ], [ 2.049352, 41.304946 ], [ 2.047945, 41.306572 ], [ 2.047461, 41.307178 ], [ 2.046901, 41.307889 ], [ 2.045833, 41.309311 ], [ 2.044270, 41.311228 ], [ 2.041816, 41.313796 ], [ 2.036977, 41.318467 ], [ 2.033107, 41.321628 ], [ 2.029780, 41.324423 ], [ 2.025816, 41.328118 ], [ 2.024192, 41.329558 ], [ 2.017076, 41.335851 ], [ 2.017025, 41.335933 ], [ 2.016779, 41.336168 ], [ 2.016493, 41.336405 ], [ 2.015555, 41.337151 ], [ 2.015166, 41.337395 ], [ 2.013209, 41.337591 ], [ 2.011724, 41.337734 ], [ 2.010887, 41.337740 ], [ 2.010581, 41.338246 ], [ 2.009885, 41.339386 ], [ 2.009800, 41.339518 ], [ 2.007182, 41.342515 ], [ 2.005905, 41.345010 ], [ 2.004131, 41.347848 ], [ 2.003573, 41.348105 ], [ 2.002771, 41.348842 ], [ 2.000091, 41.351458 ], [ 1.999481, 41.352087 ], [ 1.998786, 41.354816 ], [ 1.998486, 41.356249 ], [ 1.999990, 41.356306 ], [ 2.004828, 41.356666 ], [ 2.008262, 41.356940 ], [ 2.009819, 41.356711 ], [ 2.012728, 41.356147 ], [ 2.012917, 41.355948 ], [ 2.013066, 41.355811 ], [ 2.013169, 41.355756 ], [ 2.013471, 41.355592 ], [ 2.013567, 41.355541 ], [ 2.014308, 41.355191 ], [ 2.014797, 41.354963 ], [ 2.015289, 41.354810 ], [ 2.015650, 41.354697 ], [ 2.016049, 41.354584 ], [ 2.016080, 41.354578 ], [ 2.017131, 41.355063 ], [ 2.017211, 41.355100 ], [ 2.017277, 41.355193 ], [ 2.018664, 41.357787 ], [ 2.017742, 41.358746 ], [ 2.019386, 41.360221 ], [ 2.020181, 41.360044 ], [ 2.023173, 41.359372 ], [ 2.023176, 41.359036 ], [ 2.023046, 41.357865 ], [ 2.022946, 41.357367 ], [ 2.022904, 41.357204 ], [ 2.022869, 41.357118 ], [ 2.023272, 41.356877 ], [ 2.024800, 41.356815 ], [ 2.024931, 41.356832 ], [ 2.025042, 41.356865 ], [ 2.025174, 41.356916 ], [ 2.026025, 41.357290 ], [ 2.029057, 41.358691 ], [ 2.030931, 41.360107 ], [ 2.031064, 41.360289 ], [ 2.031235, 41.360493 ], [ 2.031703, 41.360946 ], [ 2.031851, 41.361071 ], [ 2.032029, 41.361170 ], [ 2.032117, 41.361218 ], [ 2.032204, 41.361248 ], [ 2.032707, 41.361307 ], [ 2.042701, 41.362165 ], [ 2.044598, 41.361478 ] ] ] ] } },
{ "type": "Feature", "properties": { "fid": 26, "id": 690, "CODIMUNI": "082042", "NOMMUNI": "Sant Climent de Llobregat", "NOMMUNIIND": "Sant Climent de Llobregat", "CAPMUNI": "Sant Climent de Llobregat", "CAPMUNIIND": "Sant Climent de Llobregat", "AREAM5000": 10.7745, "CODICOMAR": "11", "NOMCOMAR": "Baix Llobregat", "CAPCOMAR": "Sant Feliu de Llobregat", "CAPCOMIND": "Sant Feliu de Llobregat", "CODIVEGUE": "01", "NOMVEGUE": "Barcelona", "CAPVEGUE": "Barcelona", "CODIPROV": "08", "NOMPROV": "Barcelona", "CAPPROV": "Barcelona" }, "geometry": { "type": "MultiPolygon", "coordinates": [ [ [ [ 1.998486, 41.356249 ], [ 1.998786, 41.354816 ], [ 1.999481, 41.352087 ], [ 2.000091, 41.351458 ], [ 2.002771, 41.348842 ], [ 2.003573, 41.348105 ], [ 2.004131, 41.347848 ], [ 2.005905, 41.345010 ], [ 2.007182, 41.342515 ], [ 2.009800, 41.339518 ], [ 2.009885, 41.339386 ], [ 2.010581, 41.338246 ], [ 2.010887, 41.337740 ], [ 2.010791, 41.337718 ], [ 2.010581, 41.337632 ], [ 2.009946, 41.337199 ], [ 2.009668, 41.337003 ], [ 2.009484, 41.336810 ], [ 2.009318, 41.336504 ], [ 2.009247, 41.336277 ], [ 2.009183, 41.335989 ], [ 2.009094, 41.335521 ], [ 2.009123, 41.335339 ], [ 2.009202, 41.335017 ], [ 2.009272, 41.334522 ], [ 2.009287, 41.334091 ], [ 2.009277, 41.333886 ], [ 2.007520, 41.329390 ], [ 2.005123, 41.327674 ], [ 2.003060, 41.326306 ], [ 1.998929, 41.323752 ], [ 1.997930, 41.323276 ], [ 1.997820, 41.323233 ], [ 1.997542, 41.323141 ], [ 1.996761, 41.322941 ], [ 1.996450, 41.322903 ], [ 1.996285, 41.322910 ], [ 1.990931, 41.321736 ], [ 1.990531, 41.321593 ], [ 1.990244, 41.321476 ], [ 1.989435, 41.321128 ], [ 1.989175, 41.320994 ], [ 1.989162, 41.320980 ], [ 1.989118, 41.320884 ], [ 1.989122, 41.320765 ], [ 1.989179, 41.320559 ], [ 1.989285, 41.320336 ], [ 1.989549, 41.319907 ], [ 1.989857, 41.319500 ], [ 1.990101, 41.319270 ], [ 1.990233, 41.319141 ], [ 1.989018, 41.315920 ], [ 1.988236, 41.314013 ], [ 1.988168, 41.313669 ], [ 1.988148, 41.313619 ], [ 1.988070, 41.313575 ], [ 1.987919, 41.313543 ], [ 1.987752, 41.313537 ], [ 1.987504, 41.313569 ], [ 1.987230, 41.313643 ], [ 1.986890, 41.313759 ], [ 1.984027, 41.315127 ], [ 1.981925, 41.316615 ], [ 1.981317, 41.317397 ], [ 1.979845, 41.318137 ], [ 1.977115, 41.319122 ], [ 1.976793, 41.319230 ], [ 1.975805, 41.319396 ], [ 1.974662, 41.319544 ], [ 1.973406, 41.319658 ], [ 1.972178, 41.319770 ], [ 1.967331, 41.320597 ], [ 1.966990, 41.320662 ], [ 1.965676, 41.321019 ], [ 1.965633, 41.321033 ], [ 1.965616, 41.321039 ], [ 1.965553, 41.321062 ], [ 1.965246, 41.321179 ], [ 1.964594, 41.322541 ], [ 1.962438, 41.322275 ], [ 1.961190, 41.322024 ], [ 1.960401, 41.321535 ], [ 1.958808, 41.320912 ], [ 1.956351, 41.322337 ], [ 1.955606, 41.323236 ], [ 1.956896, 41.323769 ], [ 1.958370, 41.324402 ], [ 1.959402, 41.325001 ], [ 1.961755, 41.326845 ], [ 1.961821, 41.328207 ], [ 1.961633, 41.328440 ], [ 1.961609, 41.328468 ], [ 1.961585, 41.328491 ], [ 1.961556, 41.328511 ], [ 1.961502, 41.328538 ], [ 1.961469, 41.328551 ], [ 1.961448, 41.328557 ], [ 1.961243, 41.328600 ], [ 1.960661, 41.328721 ], [ 1.959141, 41.329242 ], [ 1.958675, 41.329495 ], [ 1.958659, 41.329504 ], [ 1.958643, 41.329516 ], [ 1.958628, 41.329534 ], [ 1.958624, 41.329539 ], [ 1.958611, 41.329571 ], [ 1.958610, 41.329586 ], [ 1.958609, 41.329629 ], [ 1.958610, 41.329647 ], [ 1.959438, 41.333302 ], [ 1.959960, 41.333653 ], [ 1.964834, 41.337051 ], [ 1.968164, 41.339568 ], [ 1.968858, 41.339986 ], [ 1.970107, 41.340627 ], [ 1.972750, 41.341425 ], [ 1.975360, 41.341374 ], [ 1.975745, 41.341369 ], [ 1.975844, 41.341378 ], [ 1.976754, 41.341574 ], [ 1.977252, 41.341877 ], [ 1.977540, 41.342191 ], [ 1.977978, 41.342611 ], [ 1.977996, 41.342626 ], [ 1.978142, 41.342746 ], [ 1.978241, 41.342789 ], [ 1.981561, 41.343888 ], [ 1.983847, 41.344507 ], [ 1.985980, 41.344746 ], [ 1.986239, 41.344728 ], [ 1.986718, 41.344698 ], [ 1.986885, 41.344691 ], [ 1.987073, 41.344726 ], [ 1.987374, 41.344819 ], [ 1.987665, 41.344927 ], [ 1.987715, 41.344947 ], [ 1.987764, 41.344966 ], [ 1.987877, 41.345038 ], [ 1.988069, 41.345176 ], [ 1.989141, 41.346163 ], [ 1.990131, 41.347206 ], [ 1.990956, 41.348084 ], [ 1.991932, 41.350827 ], [ 1.993137, 41.353025 ], [ 1.994100, 41.354088 ], [ 1.995061, 41.355025 ], [ 1.995589, 41.355534 ], [ 1.995863, 41.355787 ], [ 1.995981, 41.355892 ], [ 1.996199, 41.356083 ], [ 1.996323, 41.356175 ], [ 1.996364, 41.356191 ], [ 1.996457, 41.356228 ], [ 1.996488, 41.356240 ], [ 1.996576, 41.356249 ], [ 1.997352, 41.356263 ], [ 1.998486, 41.356249 ] ] ] ] } },
{ "type": "Feature", "properties": { "fid": 27, "id": 692, "CODIMUNI": "082055", "NOMMUNI": "Sant Cugat del Vallès", "NOMMUNIIND": "Sant Cugat del Vallès", "CAPMUNI": "Sant Cugat del Vallès", "CAPMUNIIND": "Sant Cugat del Vallès", "AREAM5000": 48.2427, "CODICOMAR": "40", "NOMCOMAR": "Vallès Occidental", "CAPCOMAR": "Sabadell / Terrassa", "CAPCOMIND": "Sabadell / Terrassa", "CODIVEGUE": "01", "NOMVEGUE": "Barcelona", "CAPVEGUE": "Barcelona", "CODIPROV": "08", "NOMPROV": "Barcelona", "CAPPROV": "Barcelona" }, "geometry": { "type": "MultiPolygon", "coordinates": [ [ [ [ 2.064334, 41.519048 ], [ 2.064588, 41.514373 ], [ 2.064987, 41.512256 ], [ 2.066516, 41.509736 ], [ 2.070802, 41.507750 ], [ 2.073489, 41.507118 ], [ 2.075183, 41.506598 ], [ 2.075249, 41.506231 ], [ 2.075250, 41.505247 ], [ 2.075192, 41.502026 ], [ 2.075100, 41.500653 ], [ 2.074992, 41.499555 ], [ 2.074764, 41.498506 ], [ 2.074492, 41.497577 ], [ 2.078872, 41.494991 ], [ 2.082053, 41.488921 ], [ 2.090210, 41.483622 ], [ 2.095046, 41.480371 ], [ 2.100313, 41.475386 ], [ 2.102748, 41.473302 ], [ 2.105236, 41.470535 ], [ 2.106184, 41.468416 ], [ 2.106207, 41.468364 ], [ 2.106240, 41.468328 ], [ 2.106283, 41.468283 ], [ 2.106325, 41.468244 ], [ 2.106394, 41.468197 ], [ 2.106467, 41.468150 ], [ 2.106588, 41.468090 ], [ 2.107917, 41.467458 ], [ 2.108032, 41.467406 ], [ 2.108662, 41.467169 ], [ 2.112378, 41.465986 ], [ 2.113904, 41.465788 ], [ 2.117419, 41.466162 ], [ 2.117618, 41.466075 ], [ 2.117536, 41.465254 ], [ 2.117510, 41.465072 ], [ 2.117495, 41.465000 ], [ 2.117316, 41.464368 ], [ 2.117298, 41.464328 ], [ 2.117266, 41.464286 ], [ 2.117224, 41.464256 ], [ 2.116306, 41.463141 ], [ 2.115914, 41.460897 ], [ 2.116334, 41.459868 ], [ 2.117047, 41.459173 ], [ 2.118951, 41.456100 ], [ 2.119685, 41.454304 ], [ 2.119741, 41.452463 ], [ 2.119947, 41.450268 ], [ 2.119958, 41.450209 ], [ 2.119979, 41.450140 ], [ 2.120004, 41.450074 ], [ 2.120039, 41.450010 ], [ 2.120084, 41.449942 ], [ 2.120738, 41.449009 ], [ 2.120769, 41.448969 ], [ 2.120817, 41.448915 ], [ 2.120903, 41.448857 ], [ 2.127123, 41.444771 ], [ 2.129943, 41.443029 ], [ 2.129804, 41.442348 ], [ 2.129364, 41.439383 ], [ 2.128842, 41.435813 ], [ 2.128843, 41.435251 ], [ 2.128690, 41.434772 ], [ 2.128154, 41.433476 ], [ 2.126527, 41.431609 ], [ 2.124109, 41.429613 ], [ 2.121996, 41.426528 ], [ 2.121268, 41.425830 ], [ 2.119559, 41.425739 ], [ 2.118934, 41.425813 ], [ 2.116808, 41.426415 ], [ 2.115661, 41.426777 ], [ 2.115460, 41.426876 ], [ 2.115409, 41.426948 ], [ 2.115406, 41.427186 ], [ 2.115432, 41.427380 ], [ 2.115416, 41.427494 ], [ 2.115363, 41.427593 ], [ 2.115083, 41.427817 ], [ 2.114479, 41.428061 ], [ 2.113323, 41.428503 ], [ 2.112462, 41.428590 ], [ 2.109200, 41.428728 ], [ 2.105745, 41.428783 ], [ 2.102110, 41.428685 ], [ 2.098851, 41.431310 ], [ 2.097656, 41.432221 ], [ 2.096234, 41.433171 ], [ 2.096069, 41.433272 ], [ 2.094837, 41.432756 ], [ 2.094039, 41.432034 ], [ 2.093340, 41.430983 ], [ 2.092443, 41.429932 ], [ 2.092056, 41.429529 ], [ 2.091007, 41.429067 ], [ 2.090159, 41.428871 ], [ 2.088108, 41.428675 ], [ 2.086457, 41.428880 ], [ 2.086060, 41.428939 ], [ 2.085733, 41.429001 ], [ 2.085576, 41.429070 ], [ 2.084090, 41.429888 ], [ 2.081110, 41.431131 ], [ 2.080246, 41.431283 ], [ 2.075584, 41.432936 ], [ 2.073948, 41.435348 ], [ 2.073285, 41.436347 ], [ 2.073340, 41.436448 ], [ 2.073027, 41.436606 ], [ 2.072612, 41.436554 ], [ 2.071813, 41.436325 ], [ 2.071767, 41.436302 ], [ 2.071666, 41.436173 ], [ 2.071180, 41.435300 ], [ 2.071059, 41.435052 ], [ 2.070982, 41.434739 ], [ 2.070937, 41.434398 ], [ 2.070997, 41.434193 ], [ 2.071356, 41.433353 ], [ 2.071475, 41.433077 ], [ 2.073121, 41.430665 ], [ 2.073601, 41.430421 ], [ 2.075268, 41.429613 ], [ 2.076304, 41.429022 ], [ 2.076475, 41.428903 ], [ 2.076617, 41.428709 ], [ 2.075462, 41.428359 ], [ 2.074586, 41.428107 ], [ 2.073204, 41.427460 ], [ 2.072618, 41.425620 ], [ 2.072704, 41.425152 ], [ 2.073006, 41.424989 ], [ 2.073052, 41.424974 ], [ 2.073187, 41.424944 ], [ 2.074148, 41.424806 ], [ 2.074540, 41.424779 ], [ 2.074925, 41.424908 ], [ 2.075446, 41.424962 ], [ 2.076470, 41.425042 ], [ 2.076627, 41.425053 ], [ 2.077138, 41.425047 ], [ 2.078118, 41.424941 ], [ 2.080230, 41.424485 ], [ 2.080589, 41.424058 ], [ 2.080161, 41.423184 ], [ 2.080069, 41.423064 ], [ 2.079062, 41.422747 ], [ 2.078703, 41.422660 ], [ 2.078053, 41.422525 ], [ 2.077195, 41.422415 ], [ 2.076284, 41.421384 ], [ 2.076953, 41.419388 ], [ 2.077649, 41.418597 ], [ 2.077992, 41.418643 ], [ 2.078746, 41.417903 ], [ 2.079809, 41.416245 ], [ 2.079744, 41.415659 ], [ 2.079123, 41.414978 ], [ 2.079066, 41.414935 ], [ 2.078584, 41.414978 ], [ 2.077538, 41.415413 ], [ 2.073914, 41.417256 ], [ 2.071687, 41.418277 ], [ 2.070485, 41.418811 ], [ 2.070239, 41.420155 ], [ 2.069336, 41.425265 ], [ 2.067655, 41.425991 ], [ 2.067044, 41.426266 ], [ 2.067015, 41.426357 ], [ 2.066813, 41.427269 ], [ 2.066803, 41.427321 ], [ 2.066818, 41.427388 ], [ 2.067001, 41.427740 ], [ 2.067111, 41.427869 ], [ 2.067719, 41.428739 ], [ 2.067830, 41.429130 ], [ 2.067813, 41.429544 ], [ 2.066412, 41.429809 ], [ 2.065536, 41.429903 ], [ 2.063662, 41.431127 ], [ 2.062120, 41.433358 ], [ 2.060927, 41.433677 ], [ 2.060020, 41.433955 ], [ 2.059833, 41.434115 ], [ 2.059498, 41.434478 ], [ 2.059361, 41.434786 ], [ 2.059317, 41.435066 ], [ 2.059358, 41.435387 ], [ 2.059533, 41.436350 ], [ 2.060586, 41.437530 ], [ 2.062736, 41.439610 ], [ 2.064184, 41.442136 ], [ 2.063962, 41.443214 ], [ 2.063921, 41.443339 ], [ 2.063875, 41.443452 ], [ 2.063836, 41.443509 ], [ 2.063639, 41.443772 ], [ 2.061917, 41.444646 ], [ 2.060768, 41.444986 ], [ 2.056376, 41.445030 ], [ 2.052594, 41.444988 ], [ 2.049825, 41.444654 ], [ 2.048404, 41.444622 ], [ 2.045716, 41.444718 ], [ 2.042421, 41.444404 ], [ 2.041048, 41.444202 ], [ 2.040424, 41.443893 ], [ 2.040099, 41.443607 ], [ 2.039955, 41.443497 ], [ 2.039138, 41.442957 ], [ 2.038534, 41.442620 ], [ 2.038032, 41.442379 ], [ 2.037555, 41.442192 ], [ 2.034697, 41.441657 ], [ 2.034630, 41.441651 ], [ 2.034597, 41.441648 ], [ 2.032946, 41.441689 ], [ 2.032024, 41.442202 ], [ 2.031853, 41.442328 ], [ 2.031664, 41.442530 ], [ 2.031560, 41.442669 ], [ 2.031467, 41.442907 ], [ 2.031383, 41.443133 ], [ 2.031325, 41.443400 ], [ 2.031287, 41.443591 ], [ 2.031259, 41.443761 ], [ 2.031233, 41.443960 ], [ 2.031242, 41.444033 ], [ 2.029296, 41.446406 ], [ 2.027011, 41.446987 ], [ 2.024649, 41.449937 ], [ 2.024062, 41.451281 ], [ 2.024053, 41.456042 ], [ 2.024099, 41.456522 ], [ 2.024091, 41.456708 ], [ 2.023942, 41.456961 ], [ 2.023570, 41.457472 ], [ 2.023392, 41.457531 ], [ 2.020727, 41.458011 ], [ 2.015190, 41.458775 ], [ 2.012837, 41.458322 ], [ 2.010984, 41.457553 ], [ 2.010830, 41.457253 ], [ 2.010515, 41.456645 ], [ 1.999729, 41.460240 ], [ 2.002375, 41.461599 ], [ 2.002640, 41.461642 ], [ 2.002904, 41.461670 ], [ 2.002979, 41.461676 ], [ 2.003279, 41.461681 ], [ 2.006634, 41.461489 ], [ 2.007947, 41.461521 ], [ 2.009152, 41.461626 ], [ 2.010661, 41.461922 ], [ 2.010877, 41.461981 ], [ 2.012547, 41.462461 ], [ 2.013838, 41.463001 ], [ 2.014125, 41.463130 ], [ 2.014417, 41.463307 ], [ 2.014610, 41.463565 ], [ 2.014651, 41.463809 ], [ 2.014629, 41.464068 ], [ 2.014560, 41.464300 ], [ 2.014454, 41.464507 ], [ 2.014498, 41.465204 ], [ 2.014627, 41.465693 ], [ 2.014877, 41.466156 ], [ 2.015783, 41.467247 ], [ 2.016496, 41.467992 ], [ 2.017140, 41.468479 ], [ 2.017972, 41.468859 ], [ 2.019155, 41.469072 ], [ 2.020379, 41.469012 ], [ 2.021909, 41.468670 ], [ 2.024237, 41.468069 ], [ 2.024849, 41.467854 ], [ 2.026180, 41.467215 ], [ 2.027208, 41.466819 ], [ 2.027637, 41.466687 ], [ 2.027689, 41.466678 ], [ 2.027893, 41.466663 ], [ 2.028066, 41.466666 ], [ 2.028504, 41.466779 ], [ 2.028849, 41.466931 ], [ 2.033108, 41.469758 ], [ 2.034906, 41.471632 ], [ 2.037599, 41.475054 ], [ 2.038723, 41.477192 ], [ 2.038704, 41.477203 ], [ 2.038660, 41.477236 ], [ 2.038593, 41.477292 ], [ 2.038572, 41.477321 ], [ 2.038481, 41.477499 ], [ 2.038447, 41.478289 ], [ 2.039866, 41.480828 ], [ 2.039874, 41.480839 ], [ 2.039998, 41.480958 ], [ 2.040043, 41.480987 ], [ 2.040077, 41.481002 ], [ 2.040107, 41.481010 ], [ 2.040136, 41.481015 ], [ 2.040460, 41.481048 ], [ 2.040502, 41.481048 ], [ 2.040579, 41.481046 ], [ 2.040905, 41.481015 ], [ 2.043476, 41.485024 ], [ 2.046333, 41.485927 ], [ 2.047071, 41.485809 ], [ 2.047663, 41.485952 ], [ 2.048071, 41.486161 ], [ 2.048676, 41.486860 ], [ 2.049501, 41.488914 ], [ 2.049531, 41.489548 ], [ 2.049182, 41.490876 ], [ 2.049986, 41.494178 ], [ 2.050328, 41.495585 ], [ 2.050836, 41.496656 ], [ 2.052327, 41.499513 ], [ 2.052573, 41.500960 ], [ 2.052664, 41.501140 ], [ 2.053757, 41.502965 ], [ 2.054799, 41.502886 ], [ 2.055614, 41.502720 ], [ 2.055311, 41.505400 ], [ 2.054449, 41.509822 ], [ 2.050926, 41.512179 ], [ 2.052710, 41.513327 ], [ 2.055458, 41.515589 ], [ 2.057676, 41.518139 ], [ 2.057802, 41.518496 ], [ 2.058014, 41.518686 ], [ 2.060827, 41.519307 ], [ 2.063865, 41.519636 ], [ 2.064334, 41.519048 ] ] ] ] } },
{ "type": "Feature", "properties": { "fid": 28, "id": 700, "CODIMUNI": "082114", "NOMMUNI": "Sant Feliu de Llobregat", "NOMMUNIIND": "Sant Feliu de Llobregat", "CAPMUNI": "Sant Feliu de Llobregat", "CAPMUNIIND": "Sant Feliu de Llobregat", "AREAM5000": 11.9548, "CODICOMAR": "11", "NOMCOMAR": "Baix Llobregat", "CAPCOMAR": "Sant Feliu de Llobregat", "CAPCOMIND": "Sant Feliu de Llobregat", "CODIVEGUE": "01", "NOMVEGUE": "Barcelona", "CAPVEGUE": "Barcelona", "CODIPROV": "08", "NOMPROV": "Barcelona", "CAPPROV": "Barcelona" }, "geometry": { "type": "MultiPolygon", "coordinates": [ [ [ [ 2.071687, 41.418277 ], [ 2.073914, 41.417256 ], [ 2.077538, 41.415413 ], [ 2.078584, 41.414978 ], [ 2.077339, 41.414627 ], [ 2.076577, 41.413874 ], [ 2.073244, 41.411698 ], [ 2.072421, 41.411153 ], [ 2.072154, 41.410858 ], [ 2.071423, 41.409149 ], [ 2.069999, 41.407027 ], [ 2.070272, 41.406443 ], [ 2.070502, 41.406040 ], [ 2.072192, 41.403464 ], [ 2.072792, 41.403157 ], [ 2.074693, 41.402867 ], [ 2.074881, 41.402840 ], [ 2.076166, 41.403158 ], [ 2.077573, 41.402913 ], [ 2.077774, 41.402866 ], [ 2.077441, 41.401412 ], [ 2.077419, 41.401358 ], [ 2.077354, 41.401220 ], [ 2.077266, 41.401063 ], [ 2.076822, 41.400329 ], [ 2.076753, 41.400218 ], [ 2.076701, 41.400140 ], [ 2.076651, 41.400068 ], [ 2.076585, 41.399991 ], [ 2.076504, 41.399940 ], [ 2.076425, 41.399892 ], [ 2.076315, 41.399830 ], [ 2.074463, 41.398804 ], [ 2.070024, 41.397112 ], [ 2.069154, 41.396890 ], [ 2.068923, 41.396842 ], [ 2.068772, 41.396813 ], [ 2.065327, 41.396072 ], [ 2.061966, 41.393942 ], [ 2.059982, 41.391740 ], [ 2.058685, 41.389159 ], [ 2.058039, 41.387664 ], [ 2.057830, 41.385628 ], [ 2.057834, 41.385300 ], [ 2.059356, 41.382942 ], [ 2.057660, 41.382232 ], [ 2.057263, 41.382059 ], [ 2.057108, 41.381984 ], [ 2.056410, 41.381624 ], [ 2.056029, 41.381308 ], [ 2.056633, 41.380362 ], [ 2.056652, 41.380319 ], [ 2.056633, 41.380311 ], [ 2.056232, 41.380179 ], [ 2.055970, 41.380095 ], [ 2.055840, 41.380053 ], [ 2.055162, 41.379844 ], [ 2.055039, 41.379812 ], [ 2.054941, 41.379788 ], [ 2.054873, 41.379775 ], [ 2.054177, 41.379681 ], [ 2.052614, 41.379543 ], [ 2.051633, 41.379047 ], [ 2.051174, 41.378743 ], [ 2.050588, 41.378331 ], [ 2.049844, 41.377779 ], [ 2.049520, 41.377538 ], [ 2.049146, 41.377268 ], [ 2.048133, 41.376555 ], [ 2.047585, 41.376179 ], [ 2.046653, 41.375562 ], [ 2.046300, 41.375328 ], [ 2.046040, 41.375174 ], [ 2.045846, 41.375065 ], [ 2.043005, 41.373803 ], [ 2.037898, 41.371569 ], [ 2.036333, 41.370972 ], [ 2.035645, 41.370173 ], [ 2.035163, 41.370525 ], [ 2.034307, 41.371303 ], [ 2.033582, 41.372131 ], [ 2.032404, 41.373516 ], [ 2.031762, 41.374291 ], [ 2.030254, 41.376212 ], [ 2.029521, 41.377164 ], [ 2.028694, 41.378241 ], [ 2.028433, 41.378583 ], [ 2.028158, 41.378987 ], [ 2.027882, 41.379452 ], [ 2.027627, 41.379992 ], [ 2.027193, 41.381405 ], [ 2.026648, 41.383195 ], [ 2.026529, 41.383486 ], [ 2.026364, 41.383805 ], [ 2.026207, 41.384082 ], [ 2.026027, 41.384360 ], [ 2.025851, 41.384630 ], [ 2.024301, 41.386708 ], [ 2.022498, 41.388987 ], [ 2.021821, 41.389777 ], [ 2.022905, 41.390144 ], [ 2.024642, 41.391117 ], [ 2.026979, 41.392433 ], [ 2.028607, 41.393320 ], [ 2.032390, 41.395344 ], [ 2.033264, 41.395769 ], [ 2.034238, 41.396260 ], [ 2.034778, 41.396621 ], [ 2.035322, 41.397207 ], [ 2.034886, 41.397969 ], [ 2.034823, 41.398065 ], [ 2.034719, 41.398192 ], [ 2.033861, 41.398885 ], [ 2.032905, 41.399966 ], [ 2.036197, 41.402284 ], [ 2.039106, 41.404201 ], [ 2.039250, 41.404332 ], [ 2.039407, 41.404527 ], [ 2.040509, 41.406431 ], [ 2.042575, 41.408286 ], [ 2.043882, 41.408507 ], [ 2.044837, 41.408811 ], [ 2.045401, 41.409035 ], [ 2.047629, 41.410219 ], [ 2.048029, 41.411534 ], [ 2.047751, 41.411553 ], [ 2.047683, 41.411560 ], [ 2.047609, 41.411579 ], [ 2.047387, 41.411764 ], [ 2.047360, 41.411822 ], [ 2.048030, 41.413274 ], [ 2.048208, 41.413562 ], [ 2.048561, 41.413863 ], [ 2.048863, 41.414000 ], [ 2.048949, 41.414034 ], [ 2.051583, 41.414751 ], [ 2.051874, 41.414803 ], [ 2.052267, 41.414777 ], [ 2.052632, 41.414725 ], [ 2.053199, 41.414638 ], [ 2.053567, 41.414580 ], [ 2.053938, 41.414411 ], [ 2.054563, 41.414092 ], [ 2.054640, 41.413949 ], [ 2.055134, 41.412096 ], [ 2.056851, 41.410329 ], [ 2.057437, 41.410334 ], [ 2.058765, 41.410646 ], [ 2.058996, 41.410985 ], [ 2.061476, 41.412941 ], [ 2.063528, 41.413562 ], [ 2.064162, 41.414304 ], [ 2.064206, 41.414385 ], [ 2.064903, 41.416092 ], [ 2.064989, 41.416632 ], [ 2.066051, 41.418137 ], [ 2.067878, 41.418388 ], [ 2.070032, 41.418692 ], [ 2.070485, 41.418811 ], [ 2.071687, 41.418277 ] ] ] ] } },
{ "type": "Feature", "properties": { "fid": 29, "id": 719, "CODIMUNI": "082172", "NOMMUNI": "Sant Joan Despí", "NOMMUNIIND": "Sant Joan Despí", "CAPMUNI": "Sant Joan Despí", "CAPMUNIIND": "Sant Joan Despí", "AREAM5000": 6.2232, "CODICOMAR": "11", "NOMCOMAR": "Baix Llobregat", "CAPCOMAR": "Sant Feliu de Llobregat", "CAPCOMIND": "Sant Feliu de Llobregat", "CODIVEGUE": "01", "NOMVEGUE": "Barcelona", "CAPVEGUE": "Barcelona", "CODIPROV": "08", "NOMPROV": "Barcelona", "CAPPROV": "Barcelona" }, "geometry": { "type": "MultiPolygon", "coordinates": [ [ [ [ 2.052542, 41.379207 ], [ 2.052632, 41.378986 ], [ 2.052670, 41.378901 ], [ 2.052724, 41.378799 ], [ 2.052767, 41.378738 ], [ 2.052815, 41.378678 ], [ 2.052889, 41.378598 ], [ 2.052969, 41.378532 ], [ 2.053053, 41.378470 ], [ 2.053254, 41.378330 ], [ 2.053305, 41.378300 ], [ 2.053407, 41.378253 ], [ 2.053501, 41.378213 ], [ 2.053611, 41.378176 ], [ 2.053694, 41.378154 ], [ 2.058157, 41.377899 ], [ 2.059627, 41.379251 ], [ 2.064923, 41.379436 ], [ 2.065461, 41.379008 ], [ 2.066094, 41.378374 ], [ 2.066818, 41.377620 ], [ 2.068017, 41.376888 ], [ 2.071422, 41.375499 ], [ 2.072745, 41.375395 ], [ 2.075227, 41.373403 ], [ 2.079052, 41.369838 ], [ 2.079033, 41.369809 ], [ 2.077990, 41.369137 ], [ 2.077160, 41.368643 ], [ 2.075393, 41.367607 ], [ 2.072555, 41.365955 ], [ 2.066860, 41.363535 ], [ 2.063161, 41.363682 ], [ 2.062647, 41.364100 ], [ 2.062109, 41.364483 ], [ 2.061129, 41.364881 ], [ 2.058792, 41.363493 ], [ 2.059136, 41.363141 ], [ 2.058930, 41.359585 ], [ 2.054900, 41.356387 ], [ 2.057314, 41.354401 ], [ 2.054636, 41.351979 ], [ 2.054557, 41.351912 ], [ 2.054395, 41.351770 ], [ 2.053837, 41.351228 ], [ 2.050172, 41.347510 ], [ 2.048596, 41.347698 ], [ 2.048089, 41.347794 ], [ 2.047691, 41.347896 ], [ 2.047284, 41.348057 ], [ 2.046461, 41.348478 ], [ 2.046123, 41.348715 ], [ 2.045769, 41.349000 ], [ 2.045572, 41.349180 ], [ 2.045445, 41.349360 ], [ 2.045348, 41.349559 ], [ 2.045337, 41.349840 ], [ 2.045664, 41.350565 ], [ 2.046052, 41.351679 ], [ 2.046131, 41.352264 ], [ 2.046094, 41.352842 ], [ 2.045898, 41.354042 ], [ 2.045507, 41.354098 ], [ 2.045453, 41.354100 ], [ 2.045401, 41.354082 ], [ 2.044806, 41.353761 ], [ 2.039939, 41.350022 ], [ 2.039089, 41.350473 ], [ 2.038356, 41.351101 ], [ 2.037622, 41.351870 ], [ 2.037177, 41.352571 ], [ 2.036406, 41.354185 ], [ 2.036403, 41.356053 ], [ 2.042947, 41.358627 ], [ 2.047838, 41.359957 ], [ 2.048235, 41.360931 ], [ 2.048284, 41.361136 ], [ 2.048290, 41.361206 ], [ 2.048289, 41.361298 ], [ 2.048272, 41.361390 ], [ 2.048232, 41.361500 ], [ 2.048169, 41.361640 ], [ 2.047455, 41.362883 ], [ 2.047034, 41.363592 ], [ 2.046867, 41.363825 ], [ 2.046722, 41.364013 ], [ 2.044777, 41.365931 ], [ 2.044237, 41.366342 ], [ 2.044047, 41.366475 ], [ 2.043810, 41.366611 ], [ 2.043587, 41.366681 ], [ 2.040430, 41.367413 ], [ 2.038790, 41.367722 ], [ 2.038557, 41.367708 ], [ 2.038283, 41.367742 ], [ 2.037992, 41.367819 ], [ 2.037757, 41.367938 ], [ 2.037490, 41.368093 ], [ 2.037245, 41.368297 ], [ 2.035645, 41.370173 ], [ 2.036333, 41.370972 ], [ 2.037898, 41.371569 ], [ 2.043005, 41.373803 ], [ 2.045846, 41.375065 ], [ 2.046040, 41.375174 ], [ 2.046300, 41.375328 ], [ 2.046653, 41.375562 ], [ 2.047585, 41.376179 ], [ 2.048133, 41.376555 ], [ 2.049146, 41.377268 ], [ 2.049520, 41.377538 ], [ 2.049844, 41.377779 ], [ 2.050588, 41.378331 ], [ 2.051174, 41.378743 ], [ 2.051633, 41.379047 ], [ 2.052614, 41.379543 ], [ 2.052542, 41.379207 ] ] ] ] } },
{ "type": "Feature", "properties": { "fid": 30, "id": 726, "CODIMUNI": "082212", "NOMMUNI": "Sant Just Desvern", "NOMMUNIIND": "Sant Just Desvern", "CAPMUNI": "Sant Just Desvern", "CAPMUNIIND": "Sant Just Desvern", "AREAM5000": 7.7758, "CODICOMAR": "11", "NOMCOMAR": "Baix Llobregat", "CAPCOMAR": "Sant Feliu de Llobregat", "CAPCOMIND": "Sant Feliu de Llobregat", "CODIVEGUE": "01", "NOMVEGUE": "Barcelona", "CAPVEGUE": "Barcelona", "CODIPROV": "08", "NOMPROV": "Barcelona", "CAPPROV": "Barcelona" }, "geometry": { "type": "MultiPolygon", "coordinates": [ [ [ [ 2.087074, 41.409274 ], [ 2.087158, 41.409195 ], [ 2.087257, 41.409117 ], [ 2.087382, 41.409037 ], [ 2.087486, 41.408975 ], [ 2.087591, 41.408929 ], [ 2.088059, 41.408787 ], [ 2.088445, 41.408670 ], [ 2.088669, 41.408610 ], [ 2.089599, 41.408439 ], [ 2.090041, 41.408362 ], [ 2.090323, 41.408314 ], [ 2.094750, 41.407931 ], [ 2.096698, 41.408357 ], [ 2.096786, 41.408572 ], [ 2.096872, 41.408702 ], [ 2.096946, 41.408804 ], [ 2.097079, 41.408931 ], [ 2.097221, 41.409050 ], [ 2.097267, 41.409083 ], [ 2.097324, 41.409107 ], [ 2.097446, 41.409123 ], [ 2.097601, 41.409130 ], [ 2.097805, 41.409116 ], [ 2.097960, 41.409098 ], [ 2.098158, 41.409064 ], [ 2.098407, 41.409008 ], [ 2.098657, 41.408950 ], [ 2.099003, 41.408861 ], [ 2.100277, 41.408414 ], [ 2.100654, 41.408261 ], [ 2.101559, 41.407086 ], [ 2.103590, 41.404403 ], [ 2.103653, 41.404315 ], [ 2.103707, 41.404235 ], [ 2.103753, 41.404125 ], [ 2.103786, 41.404022 ], [ 2.103802, 41.403939 ], [ 2.103816, 41.403836 ], [ 2.103829, 41.403707 ], [ 2.103838, 41.403622 ], [ 2.103843, 41.403542 ], [ 2.103842, 41.403388 ], [ 2.103825, 41.403288 ], [ 2.103803, 41.403222 ], [ 2.103783, 41.403171 ], [ 2.102897, 41.400878 ], [ 2.102674, 41.400324 ], [ 2.102035, 41.399503 ], [ 2.101971, 41.399439 ], [ 2.101736, 41.399202 ], [ 2.101681, 41.399150 ], [ 2.099755, 41.396609 ], [ 2.097791, 41.393956 ], [ 2.097134, 41.394264 ], [ 2.096950, 41.394350 ], [ 2.096898, 41.394358 ], [ 2.096830, 41.394360 ], [ 2.096770, 41.394359 ], [ 2.094080, 41.393976 ], [ 2.093875, 41.393943 ], [ 2.093786, 41.393893 ], [ 2.093587, 41.393752 ], [ 2.093431, 41.393627 ], [ 2.092600, 41.392960 ], [ 2.092449, 41.392837 ], [ 2.092278, 41.392680 ], [ 2.092123, 41.392525 ], [ 2.088282, 41.389813 ], [ 2.088237, 41.389810 ], [ 2.087175, 41.389646 ], [ 2.086779, 41.389498 ], [ 2.086470, 41.389375 ], [ 2.085479, 41.388867 ], [ 2.085323, 41.388732 ], [ 2.084186, 41.387737 ], [ 2.083916, 41.386984 ], [ 2.083732, 41.385706 ], [ 2.081912, 41.382067 ], [ 2.080657, 41.379213 ], [ 2.078242, 41.376350 ], [ 2.075838, 41.374214 ], [ 2.075227, 41.373403 ], [ 2.072745, 41.375395 ], [ 2.071422, 41.375499 ], [ 2.068017, 41.376888 ], [ 2.066818, 41.377620 ], [ 2.066094, 41.378374 ], [ 2.065461, 41.379008 ], [ 2.064923, 41.379436 ], [ 2.059627, 41.379251 ], [ 2.058157, 41.377899 ], [ 2.053694, 41.378154 ], [ 2.053611, 41.378176 ], [ 2.053501, 41.378213 ], [ 2.053407, 41.378253 ], [ 2.053305, 41.378300 ], [ 2.053254, 41.378330 ], [ 2.053053, 41.378470 ], [ 2.052969, 41.378532 ], [ 2.052889, 41.378598 ], [ 2.052815, 41.378678 ], [ 2.052767, 41.378738 ], [ 2.052724, 41.378799 ], [ 2.052670, 41.378901 ], [ 2.052632, 41.378986 ], [ 2.052542, 41.379207 ], [ 2.052614, 41.379543 ], [ 2.054177, 41.379681 ], [ 2.054873, 41.379775 ], [ 2.054941, 41.379788 ], [ 2.055039, 41.379812 ], [ 2.055162, 41.379844 ], [ 2.055840, 41.380053 ], [ 2.055970, 41.380095 ], [ 2.056232, 41.380179 ], [ 2.056633, 41.380311 ], [ 2.056652, 41.380319 ], [ 2.056633, 41.380362 ], [ 2.056029, 41.381308 ], [ 2.056410, 41.381624 ], [ 2.057108, 41.381984 ], [ 2.057263, 41.382059 ], [ 2.057660, 41.382232 ], [ 2.059356, 41.382942 ], [ 2.057834, 41.385300 ], [ 2.057830, 41.385628 ], [ 2.058039, 41.387664 ], [ 2.058685, 41.389159 ], [ 2.059982, 41.391740 ], [ 2.061966, 41.393942 ], [ 2.065327, 41.396072 ], [ 2.068772, 41.396813 ], [ 2.068923, 41.396842 ], [ 2.069154, 41.396890 ], [ 2.070024, 41.397112 ], [ 2.074463, 41.398804 ], [ 2.076315, 41.399830 ], [ 2.076425, 41.399892 ], [ 2.076504, 41.399940 ], [ 2.076585, 41.399991 ], [ 2.076651, 41.400068 ], [ 2.076701, 41.400140 ], [ 2.076753, 41.400218 ], [ 2.076822, 41.400329 ], [ 2.077266, 41.401063 ], [ 2.077354, 41.401220 ], [ 2.077419, 41.401358 ], [ 2.077441, 41.401412 ], [ 2.077774, 41.402866 ], [ 2.077872, 41.402884 ], [ 2.077979, 41.402913 ], [ 2.078592, 41.403120 ], [ 2.078674, 41.403171 ], [ 2.078740, 41.403220 ], [ 2.079943, 41.404346 ], [ 2.080063, 41.404463 ], [ 2.080119, 41.404547 ], [ 2.080161, 41.404638 ], [ 2.080203, 41.404746 ], [ 2.084127, 41.409282 ], [ 2.087074, 41.409274 ] ] ] ] } },
{ "type": "Feature", "properties": { "fid": 31, "id": 762, "CODIMUNI": "082634", "NOMMUNI": "Sant Vicenç dels Horts", "NOMMUNIIND": "Sant Vicenç dels Horts", "CAPMUNI": "Sant Vicenç dels Horts", "CAPMUNIIND": "Sant Vicenç dels Horts", "AREAM5000": 9.2937, "CODICOMAR": "11", "NOMCOMAR": "Baix Llobregat", "CAPCOMAR": "Sant Feliu de Llobregat", "CAPCOMIND": "Sant Feliu de Llobregat", "CODIVEGUE": "01", "NOMVEGUE": "Barcelona", "CAPVEGUE": "Barcelona", "CODIPROV": "08", "NOMPROV": "Barcelona", "CAPPROV": "Barcelona" }, "geometry": { "type": "MultiPolygon", "coordinates": [ [ [ [ 2.010485, 41.410200 ], [ 2.010932, 41.409663 ], [ 2.013355, 41.406162 ], [ 2.014441, 41.404554 ], [ 2.014820, 41.403885 ], [ 2.015063, 41.403408 ], [ 2.015296, 41.402939 ], [ 2.016018, 41.401606 ], [ 2.016319, 41.401056 ], [ 2.017171, 41.399673 ], [ 2.018635, 41.397465 ], [ 2.019129, 41.396628 ], [ 2.019819, 41.395448 ], [ 2.021019, 41.393014 ], [ 2.021246, 41.392382 ], [ 2.021821, 41.389777 ], [ 2.022498, 41.388987 ], [ 2.024301, 41.386708 ], [ 2.025851, 41.384630 ], [ 2.026027, 41.384360 ], [ 2.026207, 41.384082 ], [ 2.026364, 41.383805 ], [ 2.026529, 41.383486 ], [ 2.026648, 41.383195 ], [ 2.023750, 41.382243 ], [ 2.023337, 41.382098 ], [ 2.020060, 41.380943 ], [ 2.014071, 41.379213 ], [ 2.013100, 41.379030 ], [ 2.012213, 41.378866 ], [ 2.012079, 41.378845 ], [ 2.011969, 41.378831 ], [ 2.011859, 41.378824 ], [ 2.011748, 41.378825 ], [ 2.009671, 41.378896 ], [ 2.009150, 41.378941 ], [ 2.008706, 41.379021 ], [ 2.008645, 41.379066 ], [ 2.008578, 41.379107 ], [ 2.008507, 41.379143 ], [ 2.008436, 41.379177 ], [ 2.008361, 41.379206 ], [ 2.008284, 41.379230 ], [ 2.008204, 41.379250 ], [ 2.008042, 41.379280 ], [ 2.007534, 41.379271 ], [ 2.006710, 41.379215 ], [ 2.005667, 41.378939 ], [ 2.005480, 41.378885 ], [ 2.004113, 41.378441 ], [ 2.002840, 41.377896 ], [ 2.002837, 41.377894 ], [ 2.001920, 41.377094 ], [ 2.001965, 41.376604 ], [ 2.001984, 41.376590 ], [ 2.002000, 41.376573 ], [ 2.002012, 41.376555 ], [ 2.002020, 41.376535 ], [ 2.002023, 41.376514 ], [ 2.002023, 41.376494 ], [ 2.002011, 41.376418 ], [ 1.999864, 41.371588 ], [ 1.998457, 41.372452 ], [ 1.995258, 41.375087 ], [ 1.995226, 41.375118 ], [ 1.994913, 41.375372 ], [ 1.994818, 41.375431 ], [ 1.994723, 41.375486 ], [ 1.994618, 41.375542 ], [ 1.994536, 41.375580 ], [ 1.991022, 41.375970 ], [ 1.990648, 41.375894 ], [ 1.990062, 41.376305 ], [ 1.989745, 41.376466 ], [ 1.989445, 41.376582 ], [ 1.989102, 41.376584 ], [ 1.988770, 41.376572 ], [ 1.988405, 41.376518 ], [ 1.988176, 41.376444 ], [ 1.987857, 41.376331 ], [ 1.986986, 41.375866 ], [ 1.984734, 41.376223 ], [ 1.980566, 41.377260 ], [ 1.980317, 41.377356 ], [ 1.980191, 41.377447 ], [ 1.979855, 41.377765 ], [ 1.979269, 41.380329 ], [ 1.981313, 41.382367 ], [ 1.982346, 41.385175 ], [ 1.982600, 41.385759 ], [ 1.983118, 41.386810 ], [ 1.983662, 41.387253 ], [ 1.985838, 41.390393 ], [ 1.987614, 41.392368 ], [ 1.989698, 41.394190 ], [ 1.989929, 41.394095 ], [ 1.990019, 41.394083 ], [ 1.990829, 41.394163 ], [ 1.991084, 41.394194 ], [ 1.991602, 41.394262 ], [ 1.991912, 41.394348 ], [ 1.992130, 41.394432 ], [ 1.994575, 41.395795 ], [ 1.995223, 41.397353 ], [ 1.995710, 41.400979 ], [ 1.995642, 41.401330 ], [ 1.995598, 41.401486 ], [ 1.995544, 41.401611 ], [ 1.995153, 41.402406 ], [ 1.993961, 41.403511 ], [ 1.992347, 41.403825 ], [ 1.991327, 41.404474 ], [ 1.990776, 41.404837 ], [ 1.990670, 41.404910 ], [ 1.990601, 41.405003 ], [ 1.990074, 41.405864 ], [ 1.989157, 41.407581 ], [ 1.988595, 41.408330 ], [ 1.990485, 41.408956 ], [ 1.991347, 41.408964 ], [ 1.992717, 41.408816 ], [ 1.994367, 41.408560 ], [ 1.995260, 41.408338 ], [ 1.996941, 41.407753 ], [ 1.998279, 41.407075 ], [ 1.999607, 41.406216 ], [ 2.000198, 41.406490 ], [ 2.000904, 41.406917 ], [ 2.002068, 41.408007 ], [ 2.002918, 41.408885 ], [ 2.003484, 41.409169 ], [ 2.009710, 41.410976 ], [ 2.010485, 41.410200 ] ] ] ] } },
{ "type": "Feature", "properties": { "fid": 32, "id": 765, "CODIMUNI": "082444", "NOMMUNI": "Santa Coloma de Cervelló", "NOMMUNIIND": "Santa Coloma de Cervelló", "CAPMUNI": "Santa Coloma de Cervelló", "CAPMUNIIND": "Santa Coloma de Cervelló", "AREAM5000": 7.4108, "CODICOMAR": "11", "NOMCOMAR": "Baix Llobregat", "CAPCOMAR": "Sant Feliu de Llobregat", "CAPCOMIND": "Sant Feliu de Llobregat", "CODIVEGUE": "01", "NOMVEGUE": "Barcelona", "CAPVEGUE": "Barcelona", "CODIPROV": "08", "NOMPROV": "Barcelona", "CAPPROV": "Barcelona" }, "geometry": { "type": "MultiPolygon", "coordinates": [ [ [ [ 2.027193, 41.381405 ], [ 2.027627, 41.379992 ], [ 2.027882, 41.379452 ], [ 2.028158, 41.378987 ], [ 2.028433, 41.378583 ], [ 2.028694, 41.378241 ], [ 2.029521, 41.377164 ], [ 2.030254, 41.376212 ], [ 2.031762, 41.374291 ], [ 2.032404, 41.373516 ], [ 2.033582, 41.372131 ], [ 2.034307, 41.371303 ], [ 2.035163, 41.370525 ], [ 2.035645, 41.370173 ], [ 2.037245, 41.368297 ], [ 2.037490, 41.368093 ], [ 2.037757, 41.367938 ], [ 2.037992, 41.367819 ], [ 2.038283, 41.367742 ], [ 2.038557, 41.367708 ], [ 2.038790, 41.367722 ], [ 2.040430, 41.367413 ], [ 2.043587, 41.366681 ], [ 2.043810, 41.366611 ], [ 2.044047, 41.366475 ], [ 2.044237, 41.366342 ], [ 2.044777, 41.365931 ], [ 2.046722, 41.364013 ], [ 2.046867, 41.363825 ], [ 2.047034, 41.363592 ], [ 2.047455, 41.362883 ], [ 2.048169, 41.361640 ], [ 2.044598, 41.361478 ], [ 2.042701, 41.362165 ], [ 2.032707, 41.361307 ], [ 2.032204, 41.361248 ], [ 2.032117, 41.361218 ], [ 2.032029, 41.361170 ], [ 2.031851, 41.361071 ], [ 2.031703, 41.360946 ], [ 2.031235, 41.360493 ], [ 2.031064, 41.360289 ], [ 2.030931, 41.360107 ], [ 2.029057, 41.358691 ], [ 2.026025, 41.357290 ], [ 2.025174, 41.356916 ], [ 2.025042, 41.356865 ], [ 2.024931, 41.356832 ], [ 2.024800, 41.356815 ], [ 2.023272, 41.356877 ], [ 2.022869, 41.357118 ], [ 2.022904, 41.357204 ], [ 2.022946, 41.357367 ], [ 2.023046, 41.357865 ], [ 2.023176, 41.359036 ], [ 2.023173, 41.359372 ], [ 2.020181, 41.360044 ], [ 2.019386, 41.360221 ], [ 2.017742, 41.358746 ], [ 2.018664, 41.357787 ], [ 2.017277, 41.355193 ], [ 2.017211, 41.355100 ], [ 2.017131, 41.355063 ], [ 2.016080, 41.354578 ], [ 2.016049, 41.354584 ], [ 2.015650, 41.354697 ], [ 2.015289, 41.354810 ], [ 2.014797, 41.354963 ], [ 2.014308, 41.355191 ], [ 2.013567, 41.355541 ], [ 2.013471, 41.355592 ], [ 2.013169, 41.355756 ], [ 2.013066, 41.355811 ], [ 2.012917, 41.355948 ], [ 2.012728, 41.356147 ], [ 2.009819, 41.356711 ], [ 2.008262, 41.356940 ], [ 2.004828, 41.356666 ], [ 1.999990, 41.356306 ], [ 1.998486, 41.356249 ], [ 1.998126, 41.356875 ], [ 1.998621, 41.361043 ], [ 1.998270, 41.361536 ], [ 1.998147, 41.361815 ], [ 1.998081, 41.362051 ], [ 1.998037, 41.362271 ], [ 1.998027, 41.362477 ], [ 1.998172, 41.363302 ], [ 1.998219, 41.363531 ], [ 1.998320, 41.363739 ], [ 1.998437, 41.363875 ], [ 1.998668, 41.364024 ], [ 1.998814, 41.364079 ], [ 1.998972, 41.364115 ], [ 1.999190, 41.364135 ], [ 1.999793, 41.364369 ], [ 2.000790, 41.364961 ], [ 2.001055, 41.365188 ], [ 2.001673, 41.365824 ], [ 2.003021, 41.368651 ], [ 2.003136, 41.368893 ], [ 2.003208, 41.369175 ], [ 2.002529, 41.369980 ], [ 2.002346, 41.370190 ], [ 2.001972, 41.370441 ], [ 1.999864, 41.371588 ], [ 2.002011, 41.376418 ], [ 2.002023, 41.376494 ], [ 2.002023, 41.376514 ], [ 2.002020, 41.376535 ], [ 2.002012, 41.376555 ], [ 2.002000, 41.376573 ], [ 2.001984, 41.376590 ], [ 2.001965, 41.376604 ], [ 2.001920, 41.377094 ], [ 2.002837, 41.377894 ], [ 2.002840, 41.377896 ], [ 2.004113, 41.378441 ], [ 2.005480, 41.378885 ], [ 2.005667, 41.378939 ], [ 2.006710, 41.379215 ], [ 2.007534, 41.379271 ], [ 2.008042, 41.379280 ], [ 2.008204, 41.379250 ], [ 2.008284, 41.379230 ], [ 2.008361, 41.379206 ], [ 2.008436, 41.379177 ], [ 2.008507, 41.379143 ], [ 2.008578, 41.379107 ], [ 2.008645, 41.379066 ], [ 2.008706, 41.379021 ], [ 2.009150, 41.378941 ], [ 2.009671, 41.378896 ], [ 2.011748, 41.378825 ], [ 2.011859, 41.378824 ], [ 2.011969, 41.378831 ], [ 2.012079, 41.378845 ], [ 2.012213, 41.378866 ], [ 2.013100, 41.379030 ], [ 2.014071, 41.379213 ], [ 2.020060, 41.380943 ], [ 2.023337, 41.382098 ], [ 2.023750, 41.382243 ], [ 2.026648, 41.383195 ], [ 2.027193, 41.381405 ] ] ] ] } },
{ "type": "Feature", "properties": { "fid": 33, "id": 767, "CODIMUNI": "082457", "NOMMUNI": "Santa Coloma de Gramenet", "NOMMUNIIND": "Santa Coloma de Gramenet", "CAPMUNI": "Santa Coloma de Gramenet", "CAPMUNIIND": "Santa Coloma de Gramenet", "AREAM5000": 7.0396, "CODICOMAR": "13", "NOMCOMAR": "Barcelonès", "CAPCOMAR": "Barcelona", "CAPCOMIND": "Barcelona", "CODIVEGUE": "01", "NOMVEGUE": "Barcelona", "CAPVEGUE": "Barcelona", "CODIPROV": "08", "NOMPROV": "Barcelona", "CAPPROV": "Barcelona" }, "geometry": { "type": "MultiPolygon", "coordinates": [ [ [ [ 2.199814, 41.473409 ], [ 2.199874, 41.473384 ], [ 2.204222, 41.471198 ], [ 2.204294, 41.471139 ], [ 2.204467, 41.471002 ], [ 2.204523, 41.470965 ], [ 2.204593, 41.470932 ], [ 2.204627, 41.470917 ], [ 2.205121, 41.470725 ], [ 2.205923, 41.470414 ], [ 2.205989, 41.470390 ], [ 2.206080, 41.470363 ], [ 2.206146, 41.470346 ], [ 2.206246, 41.470326 ], [ 2.206344, 41.470318 ], [ 2.206442, 41.470315 ], [ 2.206594, 41.470311 ], [ 2.207032, 41.470323 ], [ 2.207348, 41.470340 ], [ 2.208934, 41.470433 ], [ 2.209695, 41.470590 ], [ 2.210950, 41.471006 ], [ 2.211689, 41.470648 ], [ 2.221464, 41.465132 ], [ 2.220924, 41.464325 ], [ 2.220818, 41.461673 ], [ 2.220281, 41.460654 ], [ 2.218395, 41.459248 ], [ 2.216785, 41.457642 ], [ 2.222752, 41.449001 ], [ 2.219327, 41.445876 ], [ 2.215535, 41.442476 ], [ 2.213781, 41.440556 ], [ 2.213099, 41.439803 ], [ 2.212699, 41.437207 ], [ 2.212810, 41.436877 ], [ 2.214669, 41.434920 ], [ 2.210759, 41.433430 ], [ 2.210663, 41.433599 ], [ 2.210459, 41.433967 ], [ 2.210304, 41.434248 ], [ 2.210166, 41.434518 ], [ 2.210097, 41.434661 ], [ 2.209979, 41.434910 ], [ 2.209887, 41.435116 ], [ 2.209804, 41.435311 ], [ 2.209706, 41.435555 ], [ 2.209627, 41.435759 ], [ 2.209537, 41.436009 ], [ 2.209410, 41.436385 ], [ 2.208625, 41.439190 ], [ 2.208468, 41.439770 ], [ 2.208400, 41.439996 ], [ 2.208346, 41.440164 ], [ 2.208290, 41.440332 ], [ 2.208225, 41.440515 ], [ 2.208156, 41.440697 ], [ 2.208093, 41.440852 ], [ 2.207990, 41.441096 ], [ 2.207951, 41.441184 ], [ 2.207911, 41.441273 ], [ 2.207830, 41.441442 ], [ 2.207749, 41.441603 ], [ 2.207662, 41.441773 ], [ 2.207615, 41.441862 ], [ 2.207567, 41.441951 ], [ 2.207470, 41.442123 ], [ 2.207372, 41.442289 ], [ 2.207322, 41.442372 ], [ 2.207194, 41.442576 ], [ 2.207063, 41.442779 ], [ 2.206943, 41.442962 ], [ 2.206834, 41.443116 ], [ 2.206298, 41.443807 ], [ 2.206133, 41.444000 ], [ 2.205881, 41.444283 ], [ 2.205605, 41.444577 ], [ 2.205309, 41.444890 ], [ 2.203863, 41.446416 ], [ 2.203210, 41.447103 ], [ 2.201942, 41.448391 ], [ 2.201829, 41.448504 ], [ 2.200701, 41.449620 ], [ 2.200177, 41.450136 ], [ 2.199572, 41.450724 ], [ 2.199181, 41.451067 ], [ 2.198476, 41.451669 ], [ 2.198106, 41.451980 ], [ 2.197712, 41.452275 ], [ 2.196993, 41.452785 ], [ 2.195277, 41.453989 ], [ 2.194506, 41.454535 ], [ 2.192328, 41.456104 ], [ 2.191705, 41.456554 ], [ 2.191311, 41.456851 ], [ 2.190955, 41.457139 ], [ 2.190616, 41.457433 ], [ 2.190148, 41.457874 ], [ 2.189786, 41.458218 ], [ 2.189365, 41.458638 ], [ 2.189014, 41.459038 ], [ 2.188834, 41.459266 ], [ 2.188608, 41.459583 ], [ 2.188459, 41.459817 ], [ 2.188328, 41.460045 ], [ 2.188198, 41.460292 ], [ 2.188056, 41.460598 ], [ 2.187961, 41.460832 ], [ 2.187873, 41.461079 ], [ 2.187797, 41.461309 ], [ 2.187716, 41.461617 ], [ 2.187681, 41.461801 ], [ 2.187639, 41.462130 ], [ 2.187453, 41.463795 ], [ 2.187181, 41.466286 ], [ 2.187111, 41.467106 ], [ 2.187059, 41.467716 ], [ 2.188930, 41.470844 ], [ 2.193148, 41.471907 ], [ 2.199461, 41.473384 ], [ 2.199652, 41.473409 ], [ 2.199695, 41.473413 ], [ 2.199754, 41.473419 ], [ 2.199814, 41.473409 ] ] ] ] } },
{ "type": "Feature", "properties": { "fid": 34, "id": 833, "CODIMUNI": "082824", "NOMMUNI": "Tiana", "NOMMUNIIND": "Tiana", "CAPMUNI": "Tiana", "CAPMUNIIND": "Tiana", "AREAM5000": 7.8991, "CODICOMAR": "21", "NOMCOMAR": "Maresme", "CAPCOMAR": "Mataró", "CAPCOMIND": "Mataró", "CODIVEGUE": "01", "NOMVEGUE": "Barcelona", "CAPVEGUE": "Barcelona", "CODIPROV": "08", "NOMPROV": "Barcelona", "CAPPROV": "Barcelona" }, "geometry": { "type": "MultiPolygon", "coordinates": [ [ [ [ 2.267394, 41.504552 ], [ 2.267603, 41.504477 ], [ 2.267740, 41.504410 ], [ 2.267784, 41.504374 ], [ 2.267820, 41.504336 ], [ 2.267856, 41.504297 ], [ 2.267882, 41.504251 ], [ 2.267909, 41.504087 ], [ 2.267979, 41.503279 ], [ 2.267934, 41.502827 ], [ 2.267884, 41.502469 ], [ 2.269294, 41.500715 ], [ 2.271225, 41.499407 ], [ 2.272798, 41.498780 ], [ 2.274491, 41.498225 ], [ 2.276120, 41.497645 ], [ 2.276725, 41.497336 ], [ 2.280552, 41.494431 ], [ 2.281551, 41.492413 ], [ 2.283029, 41.490280 ], [ 2.285139, 41.488560 ], [ 2.288264, 41.485583 ], [ 2.289477, 41.484475 ], [ 2.290419, 41.483699 ], [ 2.291872, 41.482506 ], [ 2.290286, 41.480754 ], [ 2.290129, 41.480604 ], [ 2.289883, 41.480397 ], [ 2.289857, 41.480376 ], [ 2.289782, 41.480320 ], [ 2.289704, 41.480264 ], [ 2.289549, 41.480158 ], [ 2.289464, 41.480103 ], [ 2.287576, 41.478913 ], [ 2.287270, 41.478722 ], [ 2.286988, 41.478558 ], [ 2.286536, 41.478301 ], [ 2.285574, 41.477769 ], [ 2.285483, 41.477720 ], [ 2.285375, 41.477665 ], [ 2.285318, 41.477638 ], [ 2.285300, 41.477629 ], [ 2.283916, 41.477019 ], [ 2.280210, 41.475586 ], [ 2.277898, 41.475909 ], [ 2.276193, 41.475055 ], [ 2.276323, 41.473742 ], [ 2.275914, 41.473416 ], [ 2.274159, 41.472055 ], [ 2.274140, 41.472042 ], [ 2.274126, 41.472032 ], [ 2.273934, 41.471906 ], [ 2.272862, 41.471204 ], [ 2.272167, 41.471350 ], [ 2.271872, 41.471419 ], [ 2.271781, 41.471441 ], [ 2.271648, 41.471473 ], [ 2.269205, 41.471624 ], [ 2.265139, 41.471495 ], [ 2.261375, 41.470675 ], [ 2.260825, 41.470763 ], [ 2.248459, 41.484655 ], [ 2.247565, 41.487109 ], [ 2.247053, 41.488586 ], [ 2.247213, 41.488732 ], [ 2.247693, 41.489072 ], [ 2.251137, 41.491313 ], [ 2.252299, 41.491964 ], [ 2.252637, 41.492119 ], [ 2.253013, 41.492218 ], [ 2.253541, 41.492144 ], [ 2.253877, 41.491988 ], [ 2.253939, 41.491953 ], [ 2.254129, 41.492069 ], [ 2.254322, 41.492227 ], [ 2.254400, 41.492299 ], [ 2.254708, 41.492596 ], [ 2.254887, 41.492777 ], [ 2.255027, 41.492926 ], [ 2.255146, 41.493059 ], [ 2.255201, 41.493140 ], [ 2.255346, 41.493355 ], [ 2.255511, 41.495971 ], [ 2.255693, 41.496020 ], [ 2.257082, 41.496233 ], [ 2.259388, 41.497646 ], [ 2.263087, 41.501917 ], [ 2.263033, 41.503502 ], [ 2.263280, 41.503970 ], [ 2.266797, 41.504765 ], [ 2.267394, 41.504552 ] ] ] ] } },
{ "type": "Feature", "properties": { "fid": 35, "id": 852, "CODIMUNI": "082896", "NOMMUNI": "Torrelles de Llobregat", "NOMMUNIIND": "Torrelles de Llobregat", "CAPMUNI": "Torrelles de Llobregat", "CAPMUNIIND": "Torrelles de Llobregat", "AREAM5000": 13.5409, "CODICOMAR": "11", "NOMCOMAR": "Baix Llobregat", "CAPCOMAR": "Sant Feliu de Llobregat", "CAPCOMIND": "Sant Feliu de Llobregat", "CODIVEGUE": "01", "NOMVEGUE": "Barcelona", "CAPVEGUE": "Barcelona", "CODIPROV": "08", "NOMPROV": "Barcelona", "CAPPROV": "Barcelona" }, "geometry": { "type": "MultiPolygon", "coordinates": [ [ [ [ 1.994536, 41.375580 ], [ 1.994618, 41.375542 ], [ 1.994723, 41.375486 ], [ 1.994818, 41.375431 ], [ 1.994913, 41.375372 ], [ 1.995226, 41.375118 ], [ 1.995258, 41.375087 ], [ 1.998457, 41.372452 ], [ 1.999864, 41.371588 ], [ 2.001972, 41.370441 ], [ 2.002346, 41.370190 ], [ 2.002529, 41.369980 ], [ 2.003208, 41.369175 ], [ 2.003136, 41.368893 ], [ 2.003021, 41.368651 ], [ 2.001673, 41.365824 ], [ 2.001055, 41.365188 ], [ 2.000790, 41.364961 ], [ 1.999793, 41.364369 ], [ 1.999190, 41.364135 ], [ 1.998972, 41.364115 ], [ 1.998814, 41.364079 ], [ 1.998668, 41.364024 ], [ 1.998437, 41.363875 ], [ 1.998320, 41.363739 ], [ 1.998219, 41.363531 ], [ 1.998172, 41.363302 ], [ 1.998027, 41.362477 ], [ 1.998037, 41.362271 ], [ 1.998081, 41.362051 ], [ 1.998147, 41.361815 ], [ 1.998270, 41.361536 ], [ 1.998621, 41.361043 ], [ 1.998126, 41.356875 ], [ 1.998486, 41.356249 ], [ 1.997352, 41.356263 ], [ 1.996576, 41.356249 ], [ 1.996488, 41.356240 ], [ 1.996457, 41.356228 ], [ 1.996364, 41.356191 ], [ 1.996323, 41.356175 ], [ 1.996199, 41.356083 ], [ 1.995981, 41.355892 ], [ 1.995863, 41.355787 ], [ 1.995589, 41.355534 ], [ 1.995061, 41.355025 ], [ 1.994100, 41.354088 ], [ 1.993137, 41.353025 ], [ 1.991932, 41.350827 ], [ 1.990956, 41.348084 ], [ 1.990131, 41.347206 ], [ 1.989141, 41.346163 ], [ 1.988069, 41.345176 ], [ 1.987877, 41.345038 ], [ 1.987764, 41.344966 ], [ 1.987715, 41.344947 ], [ 1.987665, 41.344927 ], [ 1.987374, 41.344819 ], [ 1.987073, 41.344726 ], [ 1.986885, 41.344691 ], [ 1.986718, 41.344698 ], [ 1.986239, 41.344728 ], [ 1.985980, 41.344746 ], [ 1.983847, 41.344507 ], [ 1.981561, 41.343888 ], [ 1.978241, 41.342789 ], [ 1.978142, 41.342746 ], [ 1.977996, 41.342626 ], [ 1.977978, 41.342611 ], [ 1.977540, 41.342191 ], [ 1.977252, 41.341877 ], [ 1.976754, 41.341574 ], [ 1.975844, 41.341378 ], [ 1.975745, 41.341369 ], [ 1.975360, 41.341374 ], [ 1.972750, 41.341425 ], [ 1.970107, 41.340627 ], [ 1.968858, 41.339986 ], [ 1.968164, 41.339568 ], [ 1.964834, 41.337051 ], [ 1.959960, 41.333653 ], [ 1.959438, 41.333302 ], [ 1.949803, 41.335287 ], [ 1.945896, 41.336661 ], [ 1.944612, 41.338872 ], [ 1.944884, 41.339794 ], [ 1.945333, 41.341450 ], [ 1.945348, 41.342125 ], [ 1.944849, 41.343355 ], [ 1.944425, 41.344546 ], [ 1.944555, 41.349814 ], [ 1.944682, 41.349845 ], [ 1.944757, 41.349863 ], [ 1.944820, 41.349878 ], [ 1.945275, 41.350028 ], [ 1.945626, 41.350179 ], [ 1.946014, 41.350396 ], [ 1.946364, 41.350622 ], [ 1.946485, 41.350828 ], [ 1.946997, 41.352150 ], [ 1.947031, 41.352262 ], [ 1.947035, 41.352435 ], [ 1.947027, 41.352672 ], [ 1.947024, 41.352739 ], [ 1.946996, 41.352896 ], [ 1.946939, 41.353021 ], [ 1.946875, 41.353134 ], [ 1.946776, 41.353211 ], [ 1.946677, 41.353254 ], [ 1.946285, 41.353328 ], [ 1.946089, 41.353402 ], [ 1.945859, 41.353527 ], [ 1.945679, 41.353627 ], [ 1.945552, 41.353773 ], [ 1.945488, 41.353900 ], [ 1.945436, 41.354033 ], [ 1.945404, 41.354133 ], [ 1.945219, 41.354775 ], [ 1.945228, 41.355007 ], [ 1.945289, 41.355319 ], [ 1.945407, 41.355635 ], [ 1.948502, 41.361480 ], [ 1.951876, 41.365195 ], [ 1.951997, 41.365397 ], [ 1.952190, 41.365710 ], [ 1.952398, 41.365997 ], [ 1.952616, 41.366286 ], [ 1.953496, 41.367444 ], [ 1.953556, 41.367521 ], [ 1.953631, 41.367583 ], [ 1.953698, 41.367629 ], [ 1.953817, 41.367686 ], [ 1.954102, 41.367797 ], [ 1.954201, 41.367723 ], [ 1.954821, 41.367400 ], [ 1.957008, 41.367028 ], [ 1.962453, 41.365678 ], [ 1.963668, 41.365349 ], [ 1.964519, 41.365000 ], [ 1.966114, 41.365246 ], [ 1.967984, 41.365639 ], [ 1.970242, 41.366331 ], [ 1.974100, 41.367244 ], [ 1.974263, 41.367281 ], [ 1.974474, 41.367287 ], [ 1.975065, 41.367214 ], [ 1.977832, 41.367533 ], [ 1.979581, 41.368498 ], [ 1.980979, 41.369403 ], [ 1.982638, 41.371877 ], [ 1.985382, 41.372420 ], [ 1.985623, 41.372434 ], [ 1.986533, 41.372641 ], [ 1.986895, 41.372852 ], [ 1.987146, 41.373025 ], [ 1.988483, 41.373962 ], [ 1.989704, 41.374992 ], [ 1.990648, 41.375894 ], [ 1.991022, 41.375970 ], [ 1.994536, 41.375580 ] ] ] ] } },
{ "type": "Feature", "properties": { "fid": 36, "id": 905, "CODIMUNI": "083015", "NOMMUNI": "Viladecans", "NOMMUNIIND": "Viladecans", "CAPMUNI": "Viladecans", "CAPMUNIIND": "Viladecans", "AREAM5000": 20.3479, "CODICOMAR": "11", "NOMCOMAR": "Baix Llobregat", "CAPCOMAR": "Sant Feliu de Llobregat", "CAPCOMIND": "Sant Feliu de Llobregat", "CODIVEGUE": "01", "NOMVEGUE": "Barcelona", "CAPVEGUE": "Barcelona", "CODIPROV": "08", "NOMPROV": "Barcelona", "CAPPROV": "Barcelona" }, "geometry": { "type": "MultiPolygon", "coordinates": [ [ [ [ 2.011724, 41.337734 ], [ 2.013209, 41.337591 ], [ 2.015166, 41.337395 ], [ 2.015555, 41.337151 ], [ 2.016493, 41.336405 ], [ 2.016779, 41.336168 ], [ 2.017025, 41.335933 ], [ 2.017076, 41.335851 ], [ 2.024192, 41.329558 ], [ 2.025816, 41.328118 ], [ 2.029780, 41.324423 ], [ 2.033107, 41.321628 ], [ 2.036977, 41.318467 ], [ 2.041816, 41.313796 ], [ 2.044270, 41.311228 ], [ 2.045833, 41.309311 ], [ 2.046901, 41.307889 ], [ 2.047461, 41.307178 ], [ 2.047945, 41.306572 ], [ 2.049352, 41.304946 ], [ 2.050058, 41.304606 ], [ 2.050664, 41.304360 ], [ 2.051215, 41.303543 ], [ 2.053935, 41.299027 ], [ 2.055906, 41.295741 ], [ 2.056585, 41.294698 ], [ 2.059013, 41.291505 ], [ 2.063410, 41.289326 ], [ 2.067162, 41.287492 ], [ 2.070244, 41.285192 ], [ 2.070251, 41.283201 ], [ 2.070181, 41.282275 ], [ 2.074027, 41.277435 ], [ 2.074221, 41.277191 ], [ 2.074739, 41.276539 ], [ 2.074739, 41.276539 ], [ 2.074717, 41.276504 ], [ 2.074688, 41.276473 ], [ 2.074671, 41.276460 ], [ 2.074635, 41.276435 ], [ 2.074606, 41.276417 ], [ 2.074571, 41.276402 ], [ 2.074509, 41.276394 ], [ 2.074474, 41.276395 ], [ 2.074433, 41.276406 ], [ 2.074418, 41.276416 ], [ 2.074408, 41.276428 ], [ 2.074408, 41.276445 ], [ 2.074413, 41.276469 ], [ 2.074428, 41.276488 ], [ 2.073841, 41.276688 ], [ 2.073783, 41.276707 ], [ 2.073766, 41.276712 ], [ 2.073757, 41.276715 ], [ 2.073742, 41.276717 ], [ 2.073727, 41.276718 ], [ 2.073710, 41.276718 ], [ 2.073681, 41.276717 ], [ 2.073437, 41.276710 ], [ 2.073398, 41.276709 ], [ 2.073372, 41.276707 ], [ 2.073357, 41.276706 ], [ 2.073328, 41.276702 ], [ 2.073291, 41.276697 ], [ 2.073145, 41.276673 ], [ 2.073036, 41.276653 ], [ 2.072964, 41.276638 ], [ 2.072917, 41.276627 ], [ 2.072802, 41.276596 ], [ 2.072790, 41.276592 ], [ 2.071652, 41.276258 ], [ 2.071638, 41.276254 ], [ 2.070407, 41.275937 ], [ 2.070370, 41.275928 ], [ 2.068720, 41.275560 ], [ 2.067809, 41.275380 ], [ 2.067426, 41.275298 ], [ 2.067343, 41.275277 ], [ 2.067070, 41.275204 ], [ 2.066918, 41.275160 ], [ 2.066672, 41.275084 ], [ 2.066627, 41.275068 ], [ 2.066165, 41.274896 ], [ 2.065271, 41.274664 ], [ 2.063506, 41.274247 ], [ 2.062435, 41.274029 ], [ 2.061226, 41.273806 ], [ 2.060099, 41.273593 ], [ 2.059427, 41.273456 ], [ 2.058936, 41.273350 ], [ 2.058787, 41.273314 ], [ 2.058734, 41.273299 ], [ 2.058591, 41.273256 ], [ 2.056969, 41.272742 ], [ 2.056564, 41.272604 ], [ 2.056092, 41.272443 ], [ 2.056071, 41.272435 ], [ 2.055797, 41.272332 ], [ 2.055583, 41.272253 ], [ 2.055542, 41.272239 ], [ 2.055512, 41.272230 ], [ 2.055424, 41.272208 ], [ 2.055195, 41.272154 ], [ 2.055022, 41.272118 ], [ 2.054923, 41.272100 ], [ 2.054183, 41.272003 ], [ 2.052905, 41.271838 ], [ 2.052870, 41.271833 ], [ 2.052847, 41.271829 ], [ 2.052817, 41.271822 ], [ 2.052764, 41.271809 ], [ 2.052689, 41.271788 ], [ 2.052570, 41.271752 ], [ 2.052534, 41.271740 ], [ 2.052249, 41.271640 ], [ 2.052108, 41.271593 ], [ 2.052047, 41.271575 ], [ 2.050345, 41.271127 ], [ 2.048918, 41.270730 ], [ 2.048376, 41.270608 ], [ 2.047989, 41.270533 ], [ 2.045925, 41.270397 ], [ 2.045854, 41.270411 ], [ 2.045757, 41.270442 ], [ 2.045286, 41.271885 ], [ 2.044515, 41.272509 ], [ 2.044122, 41.272538 ], [ 2.043714, 41.272603 ], [ 2.043078, 41.272759 ], [ 2.042623, 41.272892 ], [ 2.041996, 41.273216 ], [ 2.039328, 41.275213 ], [ 2.038427, 41.276171 ], [ 2.038368, 41.276551 ], [ 2.038323, 41.276697 ], [ 2.037890, 41.277826 ], [ 2.037865, 41.277880 ], [ 2.036556, 41.279718 ], [ 2.035493, 41.280713 ], [ 2.033941, 41.281786 ], [ 2.032772, 41.282421 ], [ 2.031612, 41.282919 ], [ 2.030522, 41.283491 ], [ 2.029863, 41.283892 ], [ 2.029504, 41.284146 ], [ 2.029477, 41.284166 ], [ 2.026991, 41.286770 ], [ 2.026477, 41.287446 ], [ 2.023961, 41.291673 ], [ 2.023405, 41.293882 ], [ 2.025008, 41.294519 ], [ 2.024987, 41.294546 ], [ 2.023920, 41.295879 ], [ 2.022826, 41.297188 ], [ 2.022808, 41.297209 ], [ 2.022132, 41.297995 ], [ 2.021104, 41.299168 ], [ 2.020670, 41.299612 ], [ 2.020255, 41.299981 ], [ 2.018363, 41.301542 ], [ 2.017796, 41.302005 ], [ 2.016749, 41.302848 ], [ 2.016594, 41.302973 ], [ 2.016559, 41.303000 ], [ 2.016527, 41.303023 ], [ 2.012350, 41.305879 ], [ 2.008795, 41.306426 ], [ 2.005617, 41.308162 ], [ 2.005591, 41.308197 ], [ 2.005580, 41.308211 ], [ 2.005413, 41.308419 ], [ 2.005408, 41.308426 ], [ 2.005384, 41.308454 ], [ 2.004802, 41.309146 ], [ 2.003885, 41.310233 ], [ 2.003776, 41.310360 ], [ 2.003259, 41.310924 ], [ 2.003064, 41.311136 ], [ 2.003037, 41.311162 ], [ 2.003009, 41.311188 ], [ 2.002980, 41.311212 ], [ 2.002949, 41.311236 ], [ 2.002917, 41.311259 ], [ 2.002885, 41.311281 ], [ 2.002851, 41.311302 ], [ 2.002817, 41.311322 ], [ 2.002781, 41.311342 ], [ 2.002745, 41.311360 ], [ 2.002708, 41.311378 ], [ 2.002693, 41.311384 ], [ 2.002615, 41.311414 ], [ 2.002540, 41.311440 ], [ 2.002462, 41.311462 ], [ 2.002383, 41.311479 ], [ 2.002302, 41.311493 ], [ 2.002213, 41.311503 ], [ 2.002122, 41.311507 ], [ 2.002032, 41.311505 ], [ 2.001942, 41.311498 ], [ 2.001853, 41.311485 ], [ 2.000290, 41.311606 ], [ 1.994929, 41.312255 ], [ 1.992050, 41.312982 ], [ 1.989989, 41.313710 ], [ 1.988236, 41.314013 ], [ 1.989018, 41.315920 ], [ 1.990233, 41.319141 ], [ 1.990101, 41.319270 ], [ 1.989857, 41.319500 ], [ 1.989549, 41.319907 ], [ 1.989285, 41.320336 ], [ 1.989179, 41.320559 ], [ 1.989122, 41.320765 ], [ 1.989118, 41.320884 ], [ 1.989162, 41.320980 ], [ 1.989175, 41.320994 ], [ 1.989435, 41.321128 ], [ 1.990244, 41.321476 ], [ 1.990531, 41.321593 ], [ 1.990931, 41.321736 ], [ 1.996285, 41.322910 ], [ 1.996450, 41.322903 ], [ 1.996761, 41.322941 ], [ 1.997542, 41.323141 ], [ 1.997820, 41.323233 ], [ 1.997930, 41.323276 ], [ 1.998929, 41.323752 ], [ 2.003060, 41.326306 ], [ 2.005123, 41.327674 ], [ 2.007520, 41.329390 ], [ 2.009277, 41.333886 ], [ 2.009287, 41.334091 ], [ 2.009272, 41.334522 ], [ 2.009202, 41.335017 ], [ 2.009123, 41.335339 ], [ 2.009094, 41.335521 ], [ 2.009183, 41.335989 ], [ 2.009247, 41.336277 ], [ 2.009318, 41.336504 ], [ 2.009484, 41.336810 ], [ 2.009668, 41.337003 ], [ 2.009946, 41.337199 ], [ 2.010581, 41.337632 ], [ 2.010791, 41.337718 ], [ 2.010887, 41.337740 ], [ 2.011724, 41.337734 ] ] ] ] } }
]
}
