{"type":"FeatureCollection","features":[{"type":"Feature","properties":{"nom":"Centre Esportiu Municipal Bac de Roda","adreca":"Rambla de Guipúscoa, 23","barri":"Sant Martí de Provençals","districte":"Sant Martí","horari":[{"periode":"","dia":"De dilluns a divendres","hores":"de 06:30 h a 23:30 h"},{"periode":"","dia":"dissabtes","hores":"de 08:00 h a 21:00 h"},{"periode":"","dia":"diumenges i festius","hores":"de 09:00 h a 20:00 h"}],"web":"","email":"info@bacderodasport.com"},"geometry":{"type":"Point","coordinates":[2.1940695265677541,41.414350023455754]}},{"type":"Feature","properties":{"nom":"Jardins Pedro Muñoz Seca","adreca":"Arquitectura, 1","barri":"Montbau","districte":"Horta-Guinardó","horari":[],"web":"","email":""},"geometry":{"type":"Point","coordinates":[2.1407465073242178,41.427728364374765]}},{"type":"Feature","properties":{"nom":"Biblioteca El Camp de l\u0027Arpa - Caterina Albert","adreca":"Carrer de la Indústria, 295","barri":"el Camp de l\u0027Arpa del Clot","districte":"Sant Martí","horari":[{"periode":"Horari habitual al llarg de l\u0027any","dia":"Dilluns i dimecres","hores":"de 15.30 h a 20.00 h"},{"periode":"Horari habitual al llarg de l\u0027any","dia":"Dimarts, dijous i divendres excepte dimarts 23 de juny","hores":"de 09.30 h a 13.30 h i de 15.30 h a 20.00 h"},{"periode":"Horari habitual al llarg de l\u0027any","dia":"Dissabte","hores":"de 10.00 h a 14.00 h"},{"periode":"Estiu 2026Del 24 juny al 31 juliol","dia":"Dilluns i dimecres","hores":"de 15.30 h a 20.00 h"},{"periode":"Estiu 2026Del 24 juny al 31 juliol","dia":"Dimarts, dijous i divendres","hores":"de 09.30 h a 13.30 h i de 15.30 h a 20.00 h"},{"periode":"De l\u00271 agost al 31 agost","dia":"Tots el dies","hores":"Tancada"},{"periode":"De l\u00271 setembre al 24 setembre","dia":"Dilluns i dimecres","hores":"de 15.30 h a 20.00 h"},{"periode":"De l\u00271 setembre al 24 setembre","dia":"Dimarts, dijous i divendres","hores":"de 09.30 h a 13.30 h i de 15.30 h a 20.00 h"}],"web":"","email":"b.barcelona.ca@diba.cat"},"geometry":{"type":"Point","coordinates":[2.182298054802049,41.415797406903124]}},{"type":"Feature","properties":{"nom":"Piscines Cobertes","adreca":"Carrer de Sardenya, 549","barri":"el Camp d\u0027en Grassot i Gràcia Nova","districte":"Gràcia","horari":[{"periode":"","dia":"De dilluns a divendres","hores":"de 07.00 h a 23.00 h"},{"periode":"","dia":"Dissabte","hores":"de 08.00 h a 20.00 h"},{"periode":"","dia":"Diumenge","hores":"de 09.00 h a 20.00 h"},{"periode":"","dia":"Festius","hores":"de 09.00 h a 15.00 h"}],"web":"","email":"infosardenya@forus.es"},"geometry":{"type":"Point","coordinates":[2.1622308992048866,41.412186847979868]}},{"type":"Feature","properties":{"nom":"Llibreria Cooperativa Abacus *Illa Diagonal","adreca":"Avinguda Diagonal, 545","barri":"les Corts","districte":"Les Corts","horari":[{"periode":"","dia":"De dilluns a dissabte","hores":"de 09:30 h a 21:30 h"}],"web":"","email":"illa@abacus.coop"},"geometry":{"type":"Point","coordinates":[2.134919168957345,41.38979868797783]}},{"type":"Feature","properties":{"nom":"Copisteria Digicopy Verdaguer","adreca":"Carrer de Girona, 119","barri":"la Dreta de l\u0027Eixample","districte":"Eixample","horari":[],"web":"","email":"digicopysl@gmail.com"},"geometry":{"type":"Point","coordinates":[2.1679452790929963,41.397087664809995]}},{"type":"Feature","properties":{"nom":"Casal de Barri Torre Baró","adreca":"Avinguda d\u0027Escolapi Càncer, 5","barri":"Torre Baró","districte":"Nou Barris","horari":[{"periode":"De l\u00271 setembre al 31 juliol","dia":"De dilluns a divendres","hores":"de 09.00 h a 14.00 h i de 16.00 h a 21.00 h"},{"periode":"De l\u00271 agost al 31 agost","dia":"Tots els dies tancat","hores":"Tancat"}],"web":"","email":"torrebaro@cczonanord.net"},"geometry":{"type":"Point","coordinates":[2.1813516060924187,41.459855155436244]}},{"type":"Feature","properties":{"nom":"Casal de Barri La Cosa Nostra","adreca":"C Biure, 1","barri":"Can Peguera","districte":"Nou Barris","horari":[{"periode":"De l\u00271 setembre al 31 juliol","dia":"Dilluns, dimarts i dijous","hores":"de 16:30 h a 21:00 h"},{"periode":"De l\u00271 setembre al 31 juliol","dia":"Dimecres i divendres","hores":"de 10:00 h a 13:00 h i de 16:30 h a 21:00 h"},{"periode":"De l\u00271 agost al 31 agost","dia":"Tots els dies tancat","hores":"Tancat"}],"web":"","email":"cblacosanostra@gmail.com"},"geometry":{"type":"Point","coordinates":[2.1680512723005472,41.433731576683392]}},{"type":"Feature","properties":{"nom":"Piscina Coberta","adreca":"Passeig de Circumval·lació, 3","barri":"Sant Pere","districte":"01","horari":[{"periode":"","dia":"De dilluns a divendres","hores":"de 07:00 h a 23:00 h"},{"periode":"","dia":"Dissabte","hores":"de 08:00 h a 20:00 h"},{"periode":"","dia":"Diumenge i festius","hores":"de 08.00 h a 14.00 h"}],"web":"","email":""},"geometry":{"type":"Point","coordinates":[2.1866115700514008,41.385171187682445]}},{"type":"Feature","properties":{"nom":"Refugi Cilmàtic","adreca":"Plaça de Sarrià, 10","barri":"Sarrià","districte":"Sarrià-Sant Gervasi","horari":[{"periode":"","dia":"De dilluns a divendres","hores":"de 09.00 h a 20.00 h"},{"periode":"","dia":"Dissabte","hores":"d\u002711.00 h a 14.00 h"}],"web":"","email":"santvicenc@parroquiasarria.net"},"geometry":{"type":"Point","coordinates":[2.1214877060269433,41.399662946310215]}},{"type":"Feature","properties":{"nom":"Refugi Climàtic","adreca":"Carrer de Sant Miquel, 39","barri":"la Barceloneta","districte":"Ciutat Vella","horari":[{"periode":"","dia":"Cada dia","hores":"de 09.45 h a 13.00 h"}],"web":"","email":"santmiquel145@arqbcn.org"},"geometry":{"type":"Point","coordinates":[2.1883180110218321,41.379963776997158]}},{"type":"Feature","properties":{"nom":"Punt d\u0027Activitat de Creu Roja a Sants-Montjuïc","adreca":"Carrer de Francesc Boix i Campo, 6","barri":"la Marina de Port","districte":"Sants-Montjuïc","horari":[{"periode":"De l\u00271 setembre al 31 juliol","dia":"De dilluns a divendres","hores":"de 10.00 h a 14.00 h i de 15.30 h a 18.30 h"},{"periode":"De l\u00271 agost al 31 agost","dia":"De dilluns a divendres","hores":"de 08.00 h a 14.00 h"}],"web":"","email":""},"geometry":{"type":"Point","coordinates":[2.1354303913875237,41.360940765632094]}},{"type":"Feature","properties":{"nom":"Refugi Climàtic","adreca":"Carrer d\u0027Agustí i Milà, 72","barri":"Sant Andreu","districte":"Sant Andreu","horari":[{"periode":"","dia":"Cada dia","hores":"24 hores"}],"web":"","email":"asil@casaasil.cat"},"geometry":{"type":"Point","coordinates":[2.1860877463094881,41.438659125855082]}},{"type":"Feature","properties":{"nom":"Biblioteca El Poblenou - Manuel Arranz","adreca":"Carrer del Joncar, 35","barri":"el Poblenou","districte":"Sant Martí","horari":[{"periode":"Horari habitual al llarg de l\u0027any","dia":"Dilluns i divendres","hores":"de 15.30 h a 20.00 h"},{"periode":"Horari habitual al llarg de l\u0027any","dia":"Dimarts, dimecres i dijous excepte dimarts 23 de juny","hores":"de 09.30 h a 13.30 h i de 15.30 h a 20.00 h"},{"periode":"Horari habitual al llarg de l\u0027any","dia":"Dimarts 23 de juny","hores":"de 09.30 h a 13.30 h"},{"periode":"Horari habitual al llarg de l\u0027any","dia":"Dissabte","hores":"de 10.00 h a 14.00 h"},{"periode":"Estiu 2026Del 24 juny al 24 setembre","dia":"Dilluns i divendres","hores":"de 15.30 h a 20.00 h"},{"periode":"Estiu 2026Del 24 juny al 24 setembre","dia":"Dimarts, dimecres i dijous","hores":"de 09.30 h a 13.30 h i de 15.30 h a 20.00 h"}],"web":"","email":"b.barcelona.ma@diba.cat"},"geometry":{"type":"Point","coordinates":[2.2045428799607119,41.401404888467873]}},{"type":"Feature","properties":{"nom":"Refugi climàtic","adreca":"Plaça del Bonsuccés, 3","barri":"el Raval","districte":"Ciutat Vella","horari":[{"periode":"De l\u00271 setembre al 31 juliol","dia":"De dilluns a divendres","hores":"de 08.00 h a 19.30 h"}],"web":"http://ajuntament.barcelona.cat/ciutatvella","email":""},"geometry":{"type":"Point","coordinates":[2.1694092669132554,41.383905413518988]}},{"type":"Feature","properties":{"nom":"Biblioteca El Besòs i el Maresme - Ramon d’Alòs-Moner","adreca":"Rambla de Prim, 87","barri":"el Besòs i el Maresme","districte":"Sant Martí","horari":[{"periode":"Horari habitualal llarg de l\u0027any","dia":"Dilluns, dimecres, dijous i divendres","hores":"de 15.00 h a 20.00 h"},{"periode":"Horari habitualal llarg de l\u0027any","dia":"Dimarts excepte 23 juny","hores":"de 09.30 h a 13.30 h i de 15.00 h a 20.00 h"},{"periode":"Horari habitualal llarg de l\u0027any","dia":"Dimarts 23 de juny","hores":"de 09.30 h a 13.30 h"},{"periode":"Horari habitualal llarg de l\u0027any","dia":"Dissabte","hores":"de 10.00 h a 14.00 h"},{"periode":"Estiu 2026Del 24 juny al 31 juliol","dia":"Dilluns, dimecres, dijous i divendres","hores":"de 15.00 h a 20.00 h"},{"periode":"Estiu 2026Del 24 juny al 31 juliol","dia":"Dimarts","hores":"de 09.30 h a 13.30 h i de 15.00 h a 20.00 h"},{"periode":"De l\u00271 agost al 31 agost","dia":"De dilluns a divendres","hores":"de 09.00 h a 14.00 h"},{"periode":"De l\u00271 setembre al 24 setembre","dia":"Dilluns, dimecres, dijous i divendres","hores":"de 15.00 h a 20.00 h"},{"periode":"De l\u00271 setembre al 24 setembre","dia":"Dimarts","hores":"de 09.30 h a 13.30 h i de 15.00 h a 20.00 h"}],"web":"","email":"b.barcelona.ram@diba.cat"},"geometry":{"type":"Point","coordinates":[2.2115002298483879,41.416340608023333]}},{"type":"Feature","properties":{"nom":"Farmàcia Molina","adreca":"Carrer de Sant Adrià, 131","barri":"el Bon Pastor","districte":"Sant Andreu","horari":[],"web":"https://www.farmaguia.net/desktop/","email":""},"geometry":{"type":"Point","coordinates":[2.2055578693398603,41.436379953739809]}},{"type":"Feature","properties":{"nom":"Botiga Nivell Estudi De Cuines","adreca":"Travessera de Gràcia, 254","barri":"el Camp d\u0027en Grassot i Gràcia Nova","districte":"Gràcia","horari":[],"web":"","email":""},"geometry":{"type":"Point","coordinates":[2.1646950068321824,41.405521874926144]}},{"type":"Feature","properties":{"nom":"Refugi climàtic","adreca":"Plaça de Bonet i Muixí, 5","barri":"Sants","districte":"Sants-Montjuïc","horari":[{"periode":"De l\u00271 juny al 30 setembre","dia":"Dilluns, dimecres i divendres","hores":"de 09.00 h a 13.00 h i de 17.00 h a 20.00 h"},{"periode":"De l\u00271 juny al 30 setembre","dia":"Dimarts i dijous","hores":"de 18.00 h a 20.00 h"},{"periode":"De l\u00271 juny al 30 setembre","dia":"Dissabte","hores":"de 18.30 h a 20.00 h"},{"periode":"De l\u00271 juny al 30 setembre","dia":"Diumenge","hores":"d\u002711.30 h a 13.00 h"}],"web":"http://www.santjoseporiol.org","email":""},"geometry":{"type":"Point","coordinates":[2.1367520629021324,41.374639540035865]}},{"type":"Feature","properties":{"nom":"Refugi climàtic","adreca":"Carrer de Martí Molins, 41","barri":"la Sagrera","districte":"Sant Andreu","horari":[{"periode":"De l\u00271 juny al 30 setembre","dia":"De dilluns a dissabte","hores":"de 10.00 h a 13.00 h i de 18.00 h a 20.00 h"},{"periode":"De l\u00271 juny al 30 setembre","dia":"Diumenge","hores":"de 10.00 h a 13.00 h"}],"web":"http://www.santjoseporiol.org","email":""},"geometry":{"type":"Point","coordinates":[2.188192861522015,41.423925889680362]}},{"type":"Feature","properties":{"nom":"Refugi Climàtic Pati d\u0027Escola Bressol","adreca":"Passeig de Valldaura, 18","barri":"Horta","districte":"Horta-Guinardó","horari":[{"periode":"De l\u00271 juny al 12 setembre","dia":"Dissabte","hores":"de 10.30 h a 13.00 h"}],"web":"","email":"ebmvalldaura@bcn.cat"},"geometry":{"type":"Point","coordinates":[2.1562029733761814,41.437161220558714]}},{"type":"Feature","properties":{"nom":"Refugi climàtic","adreca":"Plaça d\u0027Anna Frank, 0","barri":"la Vila de Gràcia","districte":"Gràcia","horari":[{"periode":"De l\u00271 juny al 27 juliol","dia":"De dilluns a divendres","hores":"de 17.00 h a 21.00 h"},{"periode":"Del 29 juliol al 31 agost","dia":"Tots els dies tancat","hores":"Tancat"},{"periode":"De l\u00271 setembre al 30 setembre","dia":"De dilluns a divendres","hores":"de 17.00 h a 21.00 h"}],"web":"","email":""},"geometry":{"type":"Point","coordinates":[2.1544360316798459,41.402555535706043]}},{"type":"Feature","properties":{"nom":"Refugi Climàtic Pati d\u0027Escola Bressol","adreca":"Carrer del Concili de Trento, 249","barri":"la Verneda i la Pau","districte":"Sant Martí","horari":[{"periode":"De l\u00271 juny al 12 setembre","dia":"Dissabte","hores":"de 10.30 h a 13.00 h"}],"web":"","email":"ebmmargallo@bcn.cat"},"geometry":{"type":"Point","coordinates":[2.204323981784158,41.420193676155428]}},{"type":"Feature","properties":{"nom":"Refugi Climàtic","adreca":"Carrer de Sant Elies, 23","barri":"Sant Gervasi - Galvany","districte":"Sarrià-Sant Gervasi","horari":[{"periode":"","dia":"Cada dia","hores":"de 08.30 h a 21.00 h"}],"web":"","email":"parroquia@santaagnes.com"},"geometry":{"type":"Point","coordinates":[2.1443493442529542,41.401045599207983]}},{"type":"Feature","properties":{"nom":"Refugi Climàtic *Plaça de la Farga","adreca":"Plaça de la Farga","barri":"la Bordeta","districte":"Sants-Montjuïc","horari":[],"web":"","email":""},"geometry":{"type":"Point","coordinates":[2.1386796115745117,41.372480562958756]}},{"type":"Feature","properties":{"nom":"Jardi de les Tres Torres","adreca":"Ronda del General Mitre, 76","barri":"Sant Gervasi - Galvany","districte":"Sarrià-Sant Gervasi","horari":[],"web":"","email":""},"geometry":{"type":"Point","coordinates":[2.1337555801998596,41.398643412846361]}},{"type":"Feature","properties":{"nom":"Refugi Climàtic Pati d\u0027Escola","adreca":"Passeig de la Font d\u0027en Fargas, 65","barri":"la Font d\u0027en Fargues","districte":"Horta-Guinardó","horari":[{"periode":"De l\u00271 juny al 30 juny","dia":"Divendres5, 12 i 19 de juny","hores":"de 16.30 h a 19.30 h"},{"periode":"De l\u00271 juny al 30 juny","dia":"Diumenge7, 14 i 21 de juny","hores":"d\u002711.00 h a 14.00 h i de 16.00 h a 20.00 h"},{"periode":"De l\u00271 agost al 31 agost","dia":"Cada dia","hores":"de 18.00 h a 21.00 h"}],"web":"","email":"a8002721@xtec.cat"},"geometry":{"type":"Point","coordinates":[2.1652379951137788,41.422662942179016]}},{"type":"Feature","properties":{"nom":"Refugi Climàtic Pati d\u0027Escola Bressol","adreca":"C Muntadas, 1","barri":"Sants","districte":"Sants-Montjuïc","horari":[{"periode":"De l\u00271 juny al 31 juliol","dia":"Dissabte","hores":"de 10.30 h a 13.00 h"}],"web":"","email":"ebmpau@bcn.cat"},"geometry":{"type":"Point","coordinates":[2.1407478666950324,41.377490329618915]}},{"type":"Feature","properties":{"nom":"Refugi Climàtic Pati d\u0027Escola Bressol","adreca":"Carrer de Joaquim Valls, 10","barri":"la Prosperitat","districte":"Nou Barris","horari":[{"periode":"De juny fins al 12 de setembre","dia":"Dissabte","hores":"de 10.30 h a 13.00 h"}],"web":"","email":"ebmralet@bcn.cat"},"geometry":{"type":"Point","coordinates":[2.1829332651530327,41.442555073166815]}},{"type":"Feature","properties":{"nom":"Refugi Climàtic Pati d\u0027Escola","adreca":"Carrer del Vesuvi, 35","barri":"la Prosperitat","districte":"Nou Barris","horari":[{"periode":"De l\u00271 juny al 20 juny","dia":"Dissabte","hores":"d\u002711.00 h a 14.00 h"},{"periode":"Del 25 juny al 31 juliol","dia":"Cada dia","hores":"de 18.00 h a 21.00 h"}],"web":"","email":"a8039471@xtec.cat"},"geometry":{"type":"Point","coordinates":[2.1857245692364806,41.445868894480135]}},{"type":"Feature","properties":{"nom":"Refugi Climàtic Pati d\u0027Escola","adreca":"Passatge d\u0027Antonio Ruiz Villalba, 6","barri":"la Marina de Port","districte":"Sants-Montjuïc","horari":[{"periode":"Juny","dia":"Dissabte6, 13 i 20 de juny","hores":"de 16.30 h a 19.30 h"},{"periode":"Juny","dia":"Diumenge7, 14 i 21 juny","hores":"d\u002711.00 h a 14.00 h"},{"periode":"Juny","dia":"Del 25 juny al 30 de juny","hores":"de 18.00 h a 21.00 h"},{"periode":"Juliol","dia":"Cada dia","hores":"de 18.00 h a 21.00 h"}],"web":"","email":"ceipseat@xtec.cat"},"geometry":{"type":"Point","coordinates":[2.1384266320287693,41.360049427673772]}},{"type":"Feature","properties":{"nom":"Refugi Climàtic Pati d\u0027Escola","adreca":"Carrer de Sardenya, 29","barri":"la Vila Olímpica del Poblenou","districte":"Sant Martí","horari":[{"periode":"Juny","dia":"Dissabte6, 13 i 20 de juny","hores":"d\u002711.00 h a 14.00 h"},{"periode":"Juny","dia":"Del 25 juny al 30 de juny","hores":"de 18.00 h a 21.00 h"},{"periode":"Juliol","dia":"Cada dia","hores":"de 18.00 h a 21.00 h"}],"web":"https://agora.xtec.cat/ceipantonibrusi/","email":""},"geometry":{"type":"Point","coordinates":[2.1899880492947745,41.390656902223348]}},{"type":"Feature","properties":{"nom":"Refugi Climàtic Pati d\u0027Escola","adreca":"Carrer Nou de Sant Francesc, 11","barri":"el Barri Gòtic","districte":"Ciutat Vella","horari":[{"periode":"Juny","dia":"Divendres5, 12 i 19 de juny","hores":"de 16.00 h a 19.00 h"},{"periode":"Juny","dia":"25 juny, 26 juny, 29 juny i 30 juny","hores":"de 16.30 h a 19.30 h"},{"periode":"Juny","dia":"Dissabte i diumenge27 i 28 de juny","hores":"d\u002711.00 h a 14.00 h"},{"periode":"Juliol","dia":"De dilluns a divendres","hores":"de 16.30 h a 19.30 h"},{"periode":"Juliol","dia":"Dissabte i diumenge","hores":"d\u002711.00 h a 14.00 h"}],"web":"http://escoladrassanes.cat/","email":""},"geometry":{"type":"Point","coordinates":[2.1772849957403677,41.379108240629229]}},{"type":"Feature","properties":{"nom":"Supermercat Consum *av. República Argentina","adreca":"Avinguda de la República Argentina, 267","barri":"el Putxet i el Farró","districte":"Sarrià-Sant Gervasi","horari":[],"web":"https://www.consum.es/va/","email":""},"geometry":{"type":"Point","coordinates":[2.1387178986419189,41.413287633411493]}},{"type":"Feature","properties":{"nom":"Refugi Climàtic","adreca":"Carrer de Verdi, 189","barri":"la Vila de Gràcia","districte":"Gràcia","horari":[],"web":"","email":""},"geometry":{"type":"Point","coordinates":[2.1525456960814227,41.408181209581151]}},{"type":"Feature","properties":{"nom":"Mercat Barceloneta","adreca":"Plaça del Poeta Boscà, 1","barri":"la Barceloneta","districte":"Ciutat Vella","horari":[{"periode":"","dia":"De dilluns a dissabte","hores":"de 08:00 h a 15:00 h"}],"web":"https://www.mercatsaunclic.barcelona/ca-ES/mercatbarceloneta/comercios","email":""},"geometry":{"type":"Point","coordinates":[2.18928120267198,41.380246168008171]}},{"type":"Feature","properties":{"nom":"Mercat Ninot","adreca":"Carrer de Mallorca, 133","barri":"l\u0027Antiga Esquerra de l\u0027Eixample","districte":"Eixample","horari":[{"periode":"","dia":"De dilluns a dijous, 20 desembre, 2 gener i 3 gener","hores":"de 08.00 h a 20.00 h"},{"periode":"","dia":"Divendres i dissabte excepte 20 desembre, 2 gener i 3 gener","hores":"de 08.00 h a 17.00 h"}],"web":"http://www.mercatdelninot.com","email":""},"geometry":{"type":"Point","coordinates":[2.1544122344047523,41.387857165676969]}},{"type":"Feature","properties":{"nom":"Casal de Gent Gran Bon Pastor","adreca":"Carrer d\u0027Alfarràs, 28","barri":"el Bon Pastor","districte":"Sant Andreu","horari":[{"periode":"De setembre a juliol","dia":"De dilluns a divendres","hores":"de 09.30 h a 13.00 h i de 16.00 h a 19.30 h"},{"periode":"De setembre a juliol","dia":"Dissabte i diumenge","hores":"de 10:00 h a 13:00 h i de 16:00 h a 19:30 h"},{"periode":"Agost","dia":"De dilluns a divendres","hores":"de 16.00 h a 20.00 h"},{"periode":"Agost","dia":"Dissabte","hores":"de 10.00 h a 13.15 h"},{"periode":"Agost","dia":"Diumenge","hores":"de 16.00 h a 20.00 h"}],"web":"","email":"cggbonpastor@gmail.com"},"geometry":{"type":"Point","coordinates":[2.2049715983930556,41.438009307686691]}},{"type":"Feature","properties":{"nom":"Casal de Gent Gran La Palmera","adreca":"Carrer d\u0027Olesa, 41","barri":"la Sagrera","districte":"Sant Andreu","horari":[{"periode":"De setembre a juliol","dia":"De dilluns a divendres","hores":"de 09.30 h a 13.00 h i de 16.00 h a 19.30 h"},{"periode":"De setembre a juliol","dia":"Dissabte i diumenge","hores":"de 10.00 h a 13.00 h i de 16.00 h a 19.30 h"},{"periode":"Agost","dia":"De dilluns a divendres","hores":"de 16.00 h a 20.00 h"},{"periode":"Agost","dia":"Dissabte","hores":"de 16.30 h a 19.45 h"},{"periode":"Agost","dia":"Diumenge","hores":"de 16.00 h a 20.00 h"}],"web":"","email":"gestiopalmera@bcn.cat"},"geometry":{"type":"Point","coordinates":[2.1850169617793664,41.422739842995554]}},{"type":"Feature","properties":{"nom":"Casal Cívic i Comunitari Barcelona - Bac de Roda","adreca":"C Bac de Roda, 190","barri":"Sant Martí de Provençals","districte":"Sant Martí","horari":[{"periode":"de l\u00271 de setembre al 31 de juliol","dia":"De dilluns a dissabte","hores":"de 10.00 h a 13.30 h i de 15.00 h a 21.00 h"},{"periode":"de l\u00271 d\u0027agost al 31 d\u0027agost","dia":"Tots els dies","hores":"Tancat"}],"web":"","email":"barcelonabacderoda.casal@gencat.cat"},"geometry":{"type":"Point","coordinates":[2.1958838867590136,41.414434230336326]}},{"type":"Feature","properties":{"nom":"Piscina Coberta","adreca":"Carrer de Sant Iscle, 50","barri":"el Turó de la Peira","districte":"Nou Barris","horari":[{"periode":"","dia":"De dilluns a divendres","hores":"de 07.00 h a 22.30 h"},{"periode":"","dia":"Dissabte","hores":"de 09.00 h a 21.00 h"},{"periode":"","dia":"Diumenge","hores":"de 09.00 h a 14.30 h"}],"web":"","email":"cemturo@igebcn.cat"},"geometry":{"type":"Point","coordinates":[2.1722009594555862,41.432886411602908]}},{"type":"Feature","properties":{"nom":"Centre Cívic Cotxeres de Sants","adreca":"Carrer de Sants, 79","barri":"Sants","districte":"Sants-Montjuïc","horari":[{"periode":"De l\u00271 setembre al 31 juliol","dia":"De dilluns a divendres excepte dijous 2 d\u0027abril","hores":"de 09.00 h a 14.30 h i de 15.30 h a 21.30 h"},{"periode":"De l\u00271 setembre al 31 juliol","dia":"Dijous 2 d\u0027abril","hores":"de 09.00 h a 14.30 h"},{"periode":"De l\u00271 setembre al 31 juliol","dia":"Dissabte Tancat 4 d\u0027abril","hores":"de 09.30 h a 14.30 h i de 16.30 h a 21.30 h"},{"periode":"Estiu 2025De l\u00271 agost al 17 agost","dia":"Tots els dies tancat","hores":"Tancat"},{"periode":"Del 18 agost al 29 agost","dia":"De dilluns a dissabte","hores":"de 09.00 h a 21.30 h"}],"web":"","email":"cotxeres-casinet@secretariat.cat"},"geometry":{"type":"Point","coordinates":[2.1368976935555848,41.37529848802474]}},{"type":"Feature","properties":{"nom":"Refugi climàtic","adreca":"Plaça de Valentí Almirall, 1","barri":"el Clot","districte":"Sant Martí","horari":[{"periode":"","dia":"De dilluns a divendres","hores":"de 08.30 h a 14.30 h"}],"web":"http://ajuntament.barcelona.cat/santmarti","email":""},"geometry":{"type":"Point","coordinates":[2.1919945636542062,41.40893542278706]}},{"type":"Feature","properties":{"nom":"Biblioteca La Maternitat i Sant Ramon – Miquel Llongueras","adreca":"Travessera de les Corts, 58","barri":"la Maternitat i Sant Ramon","districte":"Les Corts","horari":[{"periode":"Horari habitualal llarg de l\u0027any","dia":"Dilluns i dimecres","hores":"de 15.30 h a 20.00 h"},{"periode":"Horari habitualal llarg de l\u0027any","dia":"Dimarts i divendres excepte dimarts 23 de juny","hores":"de 09.30 h a 13.30 h i de 15.30 h a 20.00 h"},{"periode":"Horari habitualal llarg de l\u0027any","dia":"Dimarts 23 de juny","hores":"de 09.30 h a 13.30 h"},{"periode":"Horari habitualal llarg de l\u0027any","dia":"Dijous","hores":"de 09.30 h a 20.00 h"},{"periode":"Horari habitualal llarg de l\u0027any","dia":"Dissabte","hores":"de 10.00 h a 14.00 h"},{"periode":"Estiu 2026Del 24 juny al 31 juliol","dia":"Dilluns i dimecres","hores":"de 15.30 h a 20.00 h"},{"periode":"Estiu 2026Del 24 juny al 31 juliol","dia":"Dimarts i divendres","hores":"de 09.30 h a 13.30 h i de 15.30 h a 20.00 h"},{"periode":"Estiu 2026Del 24 juny al 31 juliol","dia":"Dijous","hores":"de 09.30 h a 20.00 h"},{"periode":"De l\u00271 agost al 31 agost","dia":"Tots els dies","hores":"Tancada"},{"periode":"De l\u00271 setembre al 24 setembre","dia":"Dilluns i dimecres","hores":"de 15.30 h a 20.00 h"},{"periode":"De l\u00271 setembre al 24 setembre","dia":"Dimarts i divendres","hores":"de 09.30 h a 13.30 h i de 15.30 h a 20.00 h"},{"periode":"De l\u00271 setembre al 24 setembre","dia":"Dijous","hores":"de 09.30 h a 20.00 h"}],"web":"","email":"b.barcelona.ml@diba.cat"},"geometry":{"type":"Point","coordinates":[2.1218422207694956,41.378006248699947]}},{"type":"Feature","properties":{"nom":"Centre Esportiu Municipal Sagrada Família","adreca":"Carrer de Cartagena, 231","barri":"la Sagrada Família","districte":"Eixample","horari":[{"periode":"De l\u00271 setembre al 30 juny","dia":"De dilluns a divendres","hores":"de 07.00 h a 23.00 h"},{"periode":"De l\u00271 setembre al 30 juny","dia":"Dissabte","hores":"de 08.30 h a 20.30 h"},{"periode":"De l\u00271 setembre al 30 juny","dia":"Diumenge i festius","hores":"de 09.00 h a 15.30 h"},{"periode":"De l\u00271 juliol al 31 juliol","dia":"De dilluns a divendres","hores":"de 07.00 h a 23.00 h"},{"periode":"De l\u00271 juliol al 31 juliol","dia":"Dissabte","hores":"de 08.30 h a 15.00 h ide 17.00 h a 20.30 h"},{"periode":"De l\u00271 juliol al 31 juliol","dia":"Diumenge i festius","hores":"de 09.00 h a 15.30 h"},{"periode":"De l\u00271 agost al 31 agost","dia":"De dilluns a divendres","hores":"de 07.00 h a 23.00 h"},{"periode":"De l\u00271 agost al 31 agost","dia":"Dissabte","hores":"de 09.00 h a 15.00 h"}],"web":"","email":"cartagena@claror.cat"},"geometry":{"type":"Point","coordinates":[2.1793173120081009,41.407258494669684]}},{"type":"Feature","properties":{"nom":"Centre Esportiu Municipal Olímpics Vall Hebron","adreca":"Passeig de la Vall d\u0027Hebron, 166","barri":"la Vall d\u0027Hebron","districte":"Horta-Guinardó","horari":[{"periode":"","dia":"De dilluns a divendres","hores":"de 07.00 h a 22.30 h"},{"periode":"","dia":"dissabtes","hores":"de 09:00 h a 20:00 h"},{"periode":"","dia":"diumenges","hores":"de 09:00 h a 15:00 h"}],"web":"","email":"olimpics@egora.cat"},"geometry":{"type":"Point","coordinates":[2.1443788203815011,41.428069387410396]}},{"type":"Feature","properties":{"nom":"Refugi climàtic","adreca":"Plaça de Comas, 18","barri":"les Corts","districte":"Les Corts","horari":[{"periode":"De l\u00271 setembre a l\u00271 agost","dia":"De dilluns a divendres","hores":"de 07.30 h a 21.00 h"},{"periode":"Del 2 agost al 22 agost","dia":"","hores":"de 07.30 h a 18.00 h"},{"periode":"Del 23 agost al 31 agost","dia":"","hores":"de 07.30 h a 21.00 h"}],"web":"http://ajuntament.barcelona.cat/lescorts","email":""},"geometry":{"type":"Point","coordinates":[2.1297719892643849,41.38564399418199]}},{"type":"Feature","properties":{"nom":"Biblioteca Sant Pau - Santa Creu","adreca":"Carrer del Carme, 47","barri":"el Raval","districte":"Ciutat Vella","horari":[{"periode":"Horari habitualal llarg de l\u0027any","dia":"Dilluns, dimecres i divendres","hores":"de 15.00 h a 20.00 h"},{"periode":"Horari habitualal llarg de l\u0027any","dia":"Dimarts i Dijous excepte dimarts 23 de juny","hores":"de 09.30 h a 13.30 h i de 15.00 h a 20.00 h"},{"periode":"Horari habitualal llarg de l\u0027any","dia":"Dimarts 23 de juny","hores":"de 09.30 h a 13.30 h"},{"periode":"Horari habitualal llarg de l\u0027any","dia":"Dissabte","hores":"de 10.00 h a 14.00 h"},{"periode":"Estiu 2026Del 24 juny al 24 setembre","dia":"Dilluns, dimecres i divendres","hores":"de 15.00 h a 20.00 h"},{"periode":"Estiu 2026Del 24 juny al 24 setembre","dia":"Dimarts i dijous","hores":"de 09.30 h a 13.30 h i de 15.00 h a 20.00 h"}],"web":"","email":"b.barcelona.spsc@diba.cat"},"geometry":{"type":"Point","coordinates":[2.168975056388426,41.381524154845472]}},{"type":"Feature","properties":{"nom":"Farmàcia Borràs","adreca":"Passeig de Valldaura, 247","barri":"la Prosperitat","districte":"Nou Barris","horari":[],"web":"https://www.farmaguia.net/desktop/","email":""},"geometry":{"type":"Point","coordinates":[2.1799359733337313,41.4392329590609]}},{"type":"Feature","properties":{"nom":"Centre Esportiu Municipal Vintró - Joan Alentorn","adreca":"Carrer del Consell de Cent, 623","barri":"el Clot","districte":"Sant Martí","horari":[{"periode":"De setembre a juliol","dia":"De dilluns a divendres","hores":"de 07:00 h a 23:00 h"},{"periode":"De setembre a juliol","dia":"dissabtes","hores":"de 08:00 h a 20:00 h"},{"periode":"De setembre a juliol","dia":"diumenges i festius","hores":"de 09:00 h a 15:00 h"},{"periode":"Agost","dia":"De dilluns a divendres","hores":"de 07.00 h a 22.30 h"},{"periode":"Agost","dia":"Dissabte i diumenge","hores":"de 09.00 h a 15.00 h"}],"web":"","email":"vintro@asme.cat"},"geometry":{"type":"Point","coordinates":[2.1862748182374809,41.406657337510914]}},{"type":"Feature","properties":{"nom":"Centre Esportiu Municipal Parc de la Ciutadella","adreca":"Passeig de Circumval·lació, 1","barri":"Sant Pere","districte":"01","horari":[{"periode":"","dia":"De dilluns a divendres","hores":"de 07:00 h a 23:00 h"},{"periode":"","dia":"Dissabte","hores":"de 08:00 h a 20:00 h"},{"periode":"","dia":"Diumenge i festius","hores":"de 08.00 h a 15.00 h"}],"web":"","email":"info-ciutadella@okeymas.es"},"geometry":{"type":"Point","coordinates":[2.1864100992429276,41.385527325769807]}},{"type":"Feature","properties":{"nom":"Parc de la Guineueta","adreca":"Plaça de la República, 9","barri":"la Guineueta","districte":"Nou Barris","horari":[{"periode":"","dia":"Cada dia","hores":"de 10:00 h a 23:00 h"}],"web":"https://link.bcn.cat/cPdlG","email":""},"geometry":{"type":"Point","coordinates":[2.1744888744706907,41.43904973751512]}},{"type":"Feature","properties":{"nom":"Centre Cívic El Carmel","adreca":"Carrer del Santuari, 27","barri":"el Carmel","districte":"Horta-Guinardó","horari":[{"periode":"De l\u00271 setembre al 28 juliol","dia":"Dilluns, dimecres, dijous i divendres","hores":"de 09.00 h a 21.30 h"},{"periode":"De l\u00271 setembre al 28 juliol","dia":"Dimarts","hores":"de 09.00 h a 14.00 h i de 16.00 h a 21.30 h"},{"periode":"De l\u00271 setembre al 28 juliol","dia":"Dissabte","hores":"de 10.00 h a 14.00 h"},{"periode":"Estiu 2026Del 29 juliol al 31 agost","dia":"Tots els dies tancat","hores":"Tancat"}],"web":"","email":"cccarmel@bcn.cat"},"geometry":{"type":"Point","coordinates":[2.1511765613690907,41.420267518831182]}},{"type":"Feature","properties":{"nom":"Casal de Gent Gran Josep Tarradellas","adreca":"Plaça de les Caramelles, 3","barri":"el Raval","districte":"Ciutat Vella","horari":[{"periode":"","dia":"Cada dia","hores":"de 10.00 h a 12.30 h i de 15.00 h a 19.00 h"}],"web":"","email":"tarradellas@esport3.org"},"geometry":{"type":"Point","coordinates":[2.1671640168165718,41.381972232236251]}},{"type":"Feature","properties":{"nom":"El Manantial de la Salut *Xuclà","adreca":"Carrer d\u0027en Xuclà, 23","barri":"el Raval","districte":"Ciutat Vella","horari":[{"periode":"","dia":"De dilluns a divendres","hores":"de 09.00 h a 20.30 h"},{"periode":"","dia":"Dissabte","hores":"de 09.00 h a 14.00 h"}],"web":"https://www.manantial-salud.com","email":""},"geometry":{"type":"Point","coordinates":[2.1695491167488941,41.38368702001916]}},{"type":"Feature","properties":{"nom":"Casal de Gent Gran Cotxeres de Sants","adreca":"Pas de Fructuós Gelabert, 6","barri":"Sants","districte":"Sants-Montjuïc","horari":[{"periode":"Del 3 setembre al 31 juliol","dia":"De dilluns a divendres","hores":"de 10:00 h a 13:00 h i de 16:00 h a 19:30 h"},{"periode":"Del 3 setembre al 31 juliol","dia":"Dissabte","hores":"de 16:30 h a 19:30 h"},{"periode":"De l\u00271 agost al 2 setembre","dia":"De dilluns a divendres","hores":"de 16.30 h a 19.30 h"}],"web":"","email":"cotxeres@esport3.org"},"geometry":{"type":"Point","coordinates":[2.1364210532604382,41.374837343314823]}},{"type":"Feature","properties":{"nom":"Centro Galego de Barcelona","adreca":"C Rambla, 35","barri":"el Raval","districte":"Ciutat Vella","horari":[{"periode":"De l\u00271 juny al 31 juliol","dia":"Dimecres, dijous, divendres, dissabte i diumenge","hores":"de 15.30 h a 21.30 h"},{"periode":"De l\u00271 agost al 3 setembre","dia":"Tots els dies tancat","hores":"Tancat"},{"periode":"Del 4 setembre al 31 maig","dia":"Dilluns","hores":"de 18.00 h a 20.00 h"},{"periode":"Del 4 setembre al 31 maig","dia":"Dimecres, dijous, divendres, dissabte i diumenge","hores":"de 15.30 h a 21.30 h"}],"web":"https://www.facebook.com/centrogalegobarcelona/","email":""},"geometry":{"type":"Point","coordinates":[2.17478087321263,41.3791716461909]}},{"type":"Feature","properties":{"nom":"Piscines Cobertes","adreca":"Carrer d\u0027Ana María Matute Ausejo, 25","barri":"la Salut","districte":"Gràcia","horari":[{"periode":"de l\u00271 d\u0027octubre al 31 de maig","dia":"De dilluns a divendres","hores":"de 07:00 h a 23:00 h"},{"periode":"de l\u00271 d\u0027octubre al 31 de maig","dia":"dissabtes","hores":"de 07:00 h a 21:30 h"},{"periode":"de l\u00271 d\u0027octubre al 31 de maig","dia":"diumenges i festius","hores":"de 07:00 h a 15:00 h"},{"periode":"de l\u00271 de juny al 30 de setembre","dia":"De dilluns a divendres","hores":"de 07:00 h a 23:00 h"},{"periode":"de l\u00271 de juny al 30 de setembre","dia":"dissabtes","hores":"de 07:00 h a 21:30 h"},{"periode":"de l\u00271 de juny al 30 de setembre","dia":"diumenges i festius","hores":"de 07:00 h a 16:00 h"}],"web":"","email":"cnc@cncatalunya.cat"},"geometry":{"type":"Point","coordinates":[2.1581609771295351,41.415354385363358]}},{"type":"Feature","properties":{"nom":"Biblioteca Joan Miró","adreca":"Carrer de Vilamarí, 61","barri":"la Nova Esquerra de l\u0027Eixample","districte":"Eixample","horari":[{"periode":"Horari habitualal llarg de l\u0027any","dia":"Dilluns i Divendres","hores":"de 15.30 h a 20.00 h"},{"periode":"Horari habitualal llarg de l\u0027any","dia":"Dimarts, dimecres i dijousexcepte dimarts 23 de juny","hores":"de 09.30 h a 13.30 h i de 15.30 h a 20.00 h"},{"periode":"Horari habitualal llarg de l\u0027any","dia":"Dimarts 23 de juny","hores":"de 09.30 h a 13.30 h"},{"periode":"Horari habitualal llarg de l\u0027any","dia":"Dissabte","hores":"de 10.00 h a 14.00 h"},{"periode":"Estiu 2026Del 25 juny al 31 juliol","dia":"Dilluns i Divendres","hores":"de 15.30 h a 20.00 h"},{"periode":"Estiu 2026Del 25 juny al 31 juliol","dia":"Dimarts, dimecres i dijous","hores":"de 09.30 h a 13.30 h i de 15.30 h a 20.00 h"},{"periode":"De l\u00271 agost al 31 agost","dia":"Tots els dies","hores":"Tancada"},{"periode":"De l\u00271 setembre al 24 setembre","dia":"Dilluns i Divendres","hores":"de 15.30 h a 20.00 h"},{"periode":"De l\u00271 setembre al 24 setembre","dia":"Dimarts, dimecres i dijous","hores":"de 09.30 h a 13.30 h i de 15.30 h a 20.00 h"}],"web":"","email":"b.barcelona.jm@diba.cat"},"geometry":{"type":"Point","coordinates":[2.1492483600013053,41.37884820283017]}},{"type":"Feature","properties":{"nom":"Turó Park - Parc del Poeta Eduard Marquina","adreca":"Avinguda de Pau Casals, 19","barri":"Sant Gervasi - Galvany","districte":"Sarrià-Sant Gervasi","horari":[{"periode":"Horari d\u0027hivernde l\u00271 de novembre al 31 de març","dia":"Cada dia","hores":"de 08.00 h a 19.00 h"},{"periode":"Horari d\u0027estiude l\u00271 d\u0027abril al 31 d\u0027octubre","dia":"","hores":"de 08.00 h a 21.00 h"}],"web":"https://link.bcn.cat/cETP","email":""},"geometry":{"type":"Point","coordinates":[2.1419158924657906,41.394105236231823]}},{"type":"Feature","properties":{"nom":"Farmàcia Valero Barlabé","adreca":"Doctor Pi i Molist, 1","barri":"el Turó de la Peira","districte":"Nou Barris","horari":[{"periode":"","dia":"De dilluns a divendres","hores":"de 08.00 h a 22.00 h"},{"periode":"","dia":"Dissabte i diumenge","hores":"de 09.00 h a 22.00 h"}],"web":"","email":"farmaciavirreiamat@gmail.com"},"geometry":{"type":"Point","coordinates":[2.1745505742681752,41.430587701959787]}},{"type":"Feature","properties":{"nom":"Espai amb Jocs d\u0027Aigua","adreca":"Carrer de Constança, 18","barri":"les Corts","districte":"Les Corts","horari":[{"periode":"Del 29 maig al 30 setembre","dia":"Tots els dies","hores":"de 10.00 h a 20.00 h"}],"web":"","email":""},"geometry":{"type":"Point","coordinates":[2.1365174682159362,41.389680778058533]}},{"type":"Feature","properties":{"nom":"Equipament Municipal de Plaça Sarrià *Refugi Climàtic","adreca":"Plaça de Sarrià, 1","barri":"Sarrià","districte":"Sarrià-Sant Gervasi","horari":[{"periode":"De l\u00271 agost al 31 agost","dia":"De dilluns a divendres","hores":"de 07.00 h a 19.00 h"}],"web":"http://ajuntament.barcelona.cat/sarria-santgervasi","email":""},"geometry":{"type":"Point","coordinates":[2.1221208395578719,41.400011080793647]}},{"type":"Feature","properties":{"nom":"Espai Maria Lluïsa Serralta *Tancat","adreca":"Carrer d\u0027Alonso Cano, 1","barri":"Verdun","districte":"Nou Barris","horari":[{"periode":"","dia":"Dilluns","hores":"de 09.00 h a 14.00 h"},{"periode":"","dia":"Dimarts, dimecres, dijous i divendres","hores":"de 09.00 h a 14.00 h i de 16.00 h a 21.00 h"},{"periode":"","dia":"Dissabte","hores":"de 09.00 h a 14.00 h"}],"web":"","email":""},"geometry":{"type":"Point","coordinates":[2.1730892236070307,41.441629240243074]}},{"type":"Feature","properties":{"nom":"Casal Cívic i Comunitari Barcelona - Verdum","adreca":"Carrer de Luz Casanova, 8","barri":"Verdun","districte":"Nou Barris","horari":[{"periode":"de l\u00271 de setembre al 31 de juliol","dia":"De dilluns a divendres","hores":"de 09.00 h a 21.30 h"},{"periode":"de l\u00271 d\u0027agost al 31 d\u0027agost","dia":"Tots els dies","hores":"Tancat"}],"web":"","email":"cc.verdum@gencat.cat"},"geometry":{"type":"Point","coordinates":[2.1754977351474514,41.444199421680842]}},{"type":"Feature","properties":{"nom":"Farmàcia Oriol Carreras","adreca":"Carrer de Llull, 187","barri":"el Poblenou","districte":"Sant Martí","horari":[{"periode":"","dia":"Cada dia","hores":"de 09:00 h a 22:00 h"}],"web":"https://www.farmaguia.net/desktop/","email":""},"geometry":{"type":"Point","coordinates":[2.2023179751199118,41.401273991640181]}},{"type":"Feature","properties":{"nom":"Espai de Gent Gran  El Polvorí","adreca":"Carrer del Guadalquivir, 2","barri":"la Marina de Port","districte":"Sants-Montjuïc","horari":[{"periode":"Del 3 setembre al 31 juliol","dia":"De dilluns a divendres","hores":"de 10:00 h a 13:00 h i de 16:00 h a 19:30 h"},{"periode":"De l\u00271 agost al 2 setembre","dia":"Tots els dies","hores":"Tancat"}],"web":"","email":"polvori@esport3.org"},"geometry":{"type":"Point","coordinates":[2.1411653630200176,41.363621917250072]}},{"type":"Feature","properties":{"nom":"Casal de Gent Gran de Sant Ildefons","adreca":"Carrer de Marià Cubí, 111","barri":"Sant Gervasi - Galvany","districte":"Sarrià-Sant Gervasi","horari":[{"periode":"De setembre a juliol","dia":"De dilluns a divendres","hores":"de 09.30 h a 13.30 h i de 16.30 h a 19.30 h"},{"periode":"Agost","dia":"Tots els dies tancat","hores":"Tancat"}],"web":"","email":"info@ggsantildefons.cat"},"geometry":{"type":"Point","coordinates":[2.1474633524533422,41.396906361030553]}},{"type":"Feature","properties":{"nom":"Gelateria Casa Sanzano","adreca":"Carrer de Lepant, 276","barri":"la Sagrada Família","districte":"Eixample","horari":[{"periode":"","dia":"Cada dia","hores":"de 13.00 h a 23.00 h"}],"web":"","email":"info@casasanzano.com"},"geometry":{"type":"Point","coordinates":[2.1770193282520416,41.404325078556553]}},{"type":"Feature","properties":{"nom":"Llibreria Cafè Byron","adreca":"Carrer de Casanova, 32","barri":"Sant Antoni","districte":"Eixample","horari":[{"periode":"","dia":"De dimarts a dissabte","hores":"de 10.00 h a 14.00 h i de 16.30 h a 20.30 h"}],"web":"","email":"info@llibreriabyron.com"},"geometry":{"type":"Point","coordinates":[2.1616028109073935,41.383449119887274]}},{"type":"Feature","properties":{"nom":"Clínica Dental Grup Dental Santponç","adreca":"Carrer del Doctor Santponç, 28","barri":"Sant Andreu","districte":"Sant Andreu","horari":[{"periode":"","dia":"De dilluns a dijous","hores":"de 09.00 h a 13.00 h i de 15.30 h a 19.30 h"},{"periode":"","dia":"Divendres","hores":"de 09.00 h a 13.00 h"}],"web":"","email":""},"geometry":{"type":"Point","coordinates":[2.1907917601473725,41.431531610078331]}},{"type":"Feature","properties":{"nom":"La Botiga de la Pepi","adreca":"Carrer del Mercat, 4","barri":"Sant Andreu","districte":"Sant Andreu","horari":[{"periode":"","dia":"De dilluns a divendres","hores":"de 10.00 h a 13.30 h i de 17.00 h a 20.30 h"},{"periode":"","dia":"Dissabte","hores":"de 10.00 h a 13.30 h"}],"web":"","email":""},"geometry":{"type":"Point","coordinates":[2.1892528038552714,41.434732127279254]}},{"type":"Feature","properties":{"nom":"La Boutique del Peluquero","adreca":"Carrer Gran de Sant Andreu, 237","barri":"Sant Andreu","districte":"Sant Andreu","horari":[{"periode":"","dia":"De dilluns a divendres","hores":"de 09.00 h a 14.00 h i de 16.30 h a 20.30 h"},{"periode":"","dia":"Dissabte","hores":"de 10.00 h a 14.00 h"}],"web":"","email":""},"geometry":{"type":"Point","coordinates":[2.189495876195537,41.434871536843616]}},{"type":"Feature","properties":{"nom":"Jardins Interior d\u0027Illa de Tres Tombs","adreca":"Carrer de Manso, 24","barri":"Sant Antoni","districte":"Eixample","horari":[{"periode":"Horari d’hivern:de l\u00271 de novembre al 31 de març","dia":"Cada dia","hores":"de 08.30 h a 19.00 h"},{"periode":"Horari d’estiu:de l\u00271 d\u0027abril al 31 d\u0027octubre","dia":"","hores":"de 08.30 h a 21.00 h"}],"web":"","email":""},"geometry":{"type":"Point","coordinates":[2.1603511701180982,41.37637095451236]}},{"type":"Feature","properties":{"nom":"Parc del Mirador del Migdia","adreca":"Passeig del Migdia, 156","barri":"el Poble-sec","districte":"Sants-Montjuïc","horari":[],"web":"https://link.bcn.cat/cPdMdM","email":""},"geometry":{"type":"Point","coordinates":[2.1528437325588139,41.359762298488135]}},{"type":"Feature","properties":{"nom":"Casal de Gent Gran Can Novell","adreca":"Carrer de Caballero, 29","barri":"les Corts","districte":"Les Corts","horari":[{"periode":"De setembre a juny","dia":"De dilluns a divendres","hores":"de 09.30 h a 13.00 h i de 16.00 h a 19.30 h"},{"periode":"De setembre a juny","dia":"Dissabte i diumenge","hores":"de 17.30 h a 20.30 h"},{"periode":"Juliol","dia":"De dilluns a divendres","hores":"de 09.30 h a 13.00 h i de 16.00 h a 19.30 h"},{"periode":"Agost","dia":"Tots els dies","hores":"Tancat"}],"web":"","email":"gentgranlescorts@bcn.cat"},"geometry":{"type":"Point","coordinates":[2.1339080954786303,41.382242750421447]}},{"type":"Feature","properties":{"nom":"Biblioteca La Trinitat Vella – José Barbero","adreca":"Carrer de Galícia, 16","barri":"la Trinitat Vella","districte":"Sant Andreu","horari":[{"periode":"Horari habitualal llarg de l\u0027any","dia":"Dilluns i divendres","hores":"de 15.30 h a 20.00 h"},{"periode":"Horari habitualal llarg de l\u0027any","dia":"Dimarts, dimecres i dijous excepte dimarts 23 de juny","hores":"de 09.30 h a 13.30 h i de 15.30 h a 20.00 h"},{"periode":"Horari habitualal llarg de l\u0027any","dia":"Dimarts 23 de juny","hores":"de 09.30 h a 13.30 h"},{"periode":"Horari habitualal llarg de l\u0027any","dia":"Dissabte","hores":"de 10.00 h a 14.00 h"},{"periode":"Estiu 2026Del 24 juny al 31 juliol","dia":"Dilluns i divendres","hores":"de 15.30 h a 20.00 h"},{"periode":"Estiu 2026Del 24 juny al 31 juliol","dia":"Dimarts, dimecres i dijous","hores":"de 09.30 h a 13.30 h i de 15.30 h a 20.00 h"},{"periode":"De l\u00271 agost al 31 agost","dia":"Tots els dies","hores":"Tancada"},{"periode":"De l\u00271 setembre al 24 setembre","dia":"Dilluns i divendres","hores":"de 15.30 h a 20.00 h"},{"periode":"De l\u00271 setembre al 24 setembre","dia":"Dimarts, dimecres i dijous","hores":"de 09.30 h a 13.30 h i de 15.30 h a 20.00 h"}],"web":"","email":"b.barcelona.tv@diba.cat"},"geometry":{"type":"Point","coordinates":[2.1907655514008186,41.449313987004047]}},{"type":"Feature","properties":{"nom":"Saló del Tinell","adreca":"Plaça del Rei, 9","barri":"el Barri Gòtic","districte":"Ciutat Vella","horari":[{"periode":"","dia":"Dimarts, dimecres, dijous, divendres i dissabte","hores":"de 10.00 h a 19.00 h"},{"periode":"","dia":"Diumenge excepte 1 gener, 1 maig, 24 juny i 25 desembre","hores":"de 10.00 h a 20.00 h"}],"web":"","email":"museuhistoria@bcn.cat"},"geometry":{"type":"Point","coordinates":[2.1772601428647365,41.3842954888128]}},{"type":"Feature","properties":{"nom":"Casal  Mas Guinardó","adreca":"Plaça de Salvador Riera, 2","barri":"el Guinardó","districte":"Horta-Guinardó","horari":[{"periode":"De l\u00271 setembre al 31 juliol","dia":"De dilluns a divendres excepte 30 juliol i 31 juliol","hores":"de 09.30 h a 21.30 h"},{"periode":"De l\u00271 setembre al 31 juliol","dia":"Dissabte excepte 11 juliol, 18 juliol i 25 juliol","hores":"de 10.00 h a 15.00 h"},{"periode":"De l\u00271 agost al 31 agost","dia":"Tots els dies tancat","hores":"Tancat"}],"web":"","email":"cemasguinardo@qsl.cat"},"geometry":{"type":"Point","coordinates":[2.1744079393214104,41.418169158350047]}},{"type":"Feature","properties":{"nom":"Espai  amb Jocs d\u0027Aigua a la Plaça de Joan Pelegrí","adreca":"Plaça de Joan Pelegrí, 1","barri":"Hostafrancs","districte":"Sants-Montjuïc","horari":[{"periode":"De juny a setembre","dia":"Tots els dies","hores":"de 10.00 h a 20.00 h"}],"web":"","email":""},"geometry":{"type":"Point","coordinates":[2.1426101393082546,41.376068190164467]}},{"type":"Feature","properties":{"nom":"Espai amb Jocs d\u0027Aigua a l\u0027Avinguda Mistral","adreca":"Avinguda de Mistral, 41","barri":"Sant Antoni","districte":"Eixample","horari":[{"periode":"De juny a setembre","dia":"Tots els dies","hores":"de 10.00 h a 20.00 h"}],"web":"","email":""},"geometry":{"type":"Point","coordinates":[2.156488805529893,41.376456032417217]}},{"type":"Feature","properties":{"nom":"Espai amb Jocs d\u0027Aigua *Pendent d\u0027obertura","adreca":"Carrer de Ràfols, 10","barri":"Sarrià","districte":"Sarrià-Sant Gervasi","horari":[],"web":"","email":""},"geometry":{"type":"Point","coordinates":[2.1166534878383509,41.401666873802185]}},{"type":"Feature","properties":{"nom":"Refugi Climàtic Hall","adreca":"Carrer de Montalegre, 5","barri":"el Raval","districte":"Ciutat Vella","horari":[{"periode":"De l\u00271 agost al 31 agost","dia":"De dimarts a diumenge","hores":"de 10.00 h a 20.00 h"}],"web":"","email":"info@cccb.org"},"geometry":{"type":"Point","coordinates":[2.1668129104163323,41.38391450226559]}},{"type":"Feature","properties":{"nom":"Gremi de Reformes d\u0027Interiors de Catalunya","adreca":"Passeig de Torras i Bages, 53","barri":"Sant Andreu","districte":"Sant Andreu","horari":[{"periode":"","dia":"De dilluns a dijous","hores":"de 09.00 h a 17.00 h"},{"periode":"","dia":"Divendres","hores":"de 09.00 h a 15.00 h"}],"web":"","email":"greincat@greincat.cat"},"geometry":{"type":"Point","coordinates":[2.1908473041180585,41.438975661293924]}},{"type":"Feature","properties":{"nom":"Oficina de Bonavista Apartments","adreca":"Carrer de Bonavista, 4","barri":"la Vila de Gràcia","districte":"Gràcia","horari":[],"web":"https://bonavista-apartments.com/ca","email":""},"geometry":{"type":"Point","coordinates":[2.1590431196628765,41.397791121064508]}},{"type":"Feature","properties":{"nom":"Centre d\u0027Atenció Primària Sardenya","adreca":"Carrer de Sardenya, 466","barri":"el Baix Guinardó","districte":"Horta-Guinardó","horari":[{"periode":"","dia":"De dilluns a divendres","hores":"de 08.00 h a 20.00 h"},{"periode":"","dia":"dissabtes","hores":"de 09:00 h a 14:00 h"}],"web":"","email":"ajuda@eapsardenya.cat"},"geometry":{"type":"Point","coordinates":[2.1655591586538532,41.409468797991039]}},{"type":"Feature","properties":{"nom":"Jardins Interior d\u0027Illa de Safo","adreca":"Avinguda de Roma, 20","barri":"la Nova Esquerra de l\u0027Eixample","districte":"Eixample","horari":[{"periode":"Horari d’hivern: de l\u00271 de novembre al 31 de març","dia":"Cada dia","hores":"de 08.00 h a 19.00 h"},{"periode":"Horari d’estiu:de l\u00271 d\u0027abril al 31 d\u0027octubre","dia":"","hores":"de 08.00 h a 21.00 h"}],"web":"","email":""},"geometry":{"type":"Point","coordinates":[2.1448367370116634,41.3809608611564]}},{"type":"Feature","properties":{"nom":"Biblioteca El Poble-sec – Francesc Boix","adreca":"Carrer de Blai, 34","barri":"el Poble-sec","districte":"Sants-Montjuïc","horari":[{"periode":"Horari habitualal llarg de l\u0027any","dia":"Dilluns i divendres","hores":"de 15.00 h a 20.00 h"},{"periode":"Horari habitualal llarg de l\u0027any","dia":"Dimarts i dijous excepte dimarts 23 juny","hores":"de 09.30 h a 13.30 h i de 15.00 h a 20.00 h"},{"periode":"Horari habitualal llarg de l\u0027any","dia":"Dimarts 23 de juny","hores":"de 09.30 h a 13.30 h"},{"periode":"Horari habitualal llarg de l\u0027any","dia":"Dimecres","hores":"de 09.30 h a 20.00 h"},{"periode":"Horari habitualal llarg de l\u0027any","dia":"Dissabte","hores":"de 10.00 h a 14.00 h"},{"periode":"Estiu 2026Del 24 juny al 31 juliol","dia":"Dilluns i divendres","hores":"de 15.00 h a 20.00 h"},{"periode":"Estiu 2026Del 24 juny al 31 juliol","dia":"Dimarts i dijous","hores":"de 09.30 h a 13.30 h i de 15.00 h a 20.00 h"},{"periode":"Estiu 2026Del 24 juny al 31 juliol","dia":"Dimecres","hores":"de 09.30 h a 20.00 h"},{"periode":"De l\u00271 agost al 31 agost","dia":"Tancada","hores":""},{"periode":"De l\u00271 setembre al 24 setembre","dia":"Dilluns i divendres","hores":"de 15.00 h a 20.00 h"},{"periode":"De l\u00271 setembre al 24 setembre","dia":"Dimarts i dijous","hores":"de 09.30 h a 13.30 h i de 15.00 h a 20.00 h"},{"periode":"De l\u00271 setembre al 24 setembre","dia":"Dimecres","hores":"de 09.30 h a 20.00 h"}],"web":"","email":"b.barcelona.ps@diba.cat"},"geometry":{"type":"Point","coordinates":[2.1640429039491607,41.373953365750182]}},{"type":"Feature","properties":{"nom":"Llibreria Claret","adreca":"Carrer de Sicília, 410","barri":"el Camp d\u0027en Grassot i Gràcia Nova","districte":"Gràcia","horari":[],"web":"","email":"llibreria@claret.cat"},"geometry":{"type":"Point","coordinates":[2.1669277314876934,41.406683742424626]}},{"type":"Feature","properties":{"nom":"Refugi climàtic","adreca":"Carrer del Foc, 97","barri":"la Marina de Port","districte":"Sants-Montjuïc","horari":[{"periode":"De l\u00271 juny al 31 juliol","dia":"Dilluns, dimecres i divendres","hores":"de 08.30 h a 19.30 h"},{"periode":"De l\u00271 juny al 31 juliol","dia":"Dimarts i dijous","hores":"de 08.30 h a 13.30 h i de 15.00 h a 19.30 h"},{"periode":"De l\u00271 juny al 31 juliol","dia":"Dissabte","hores":"de 09.00 h a 13.30 h"},{"periode":"De l\u00271 agost al 31 agost","dia":"De dilluns a divendres","hores":"de 08.30 h a 14.30 h"},{"periode":"De l\u00271 setembre al 30 setembre","dia":"Dilluns, Dimecres i Divendres","hores":"de 08.30 h a 19.30 h"},{"periode":"De l\u00271 setembre al 30 setembre","dia":"Dimarts i dijous","hores":"de 08.30 h a 13.30 h i de 15.00 h a 19.30 h"},{"periode":"De l\u00271 setembre al 30 setembre","dia":"Dissabte","hores":"de 09.30 h a 13.30 h"}],"web":"http://www.barcelona.cat/serveissocials","email":""},"geometry":{"type":"Point","coordinates":[2.1433099583423418,41.357956162489508]}},{"type":"Feature","properties":{"nom":"Museu Etnològic i de Cultures del Món *c.  Montcada","adreca":"Carrer de Montcada, 12","barri":"Sant Pere","districte":"01","horari":[{"periode":"De l\u00271 octubre al 30 abril","dia":"De dimarts a dissabte","hores":"de 10:00 h a 19:00 h"},{"periode":"De l\u00271 octubre al 30 abril","dia":"Diumenge i festius Tancat 25 desembre, 26 desembre, 1 gener i 6 gener","hores":"de 10:00 h a 20:00 h"},{"periode":"De l\u00271 maig al 30 setembre","dia":"De dimarts a diumenge i festiusTancat 1 de maig i 24 de juny","hores":""},{"periode":"De l\u00271 maig al 30 setembre","dia":"La Nit dels Museus 2026:16 de maig","hores":"de 19.00 h a 01.00 h"}],"web":"","email":"reservesmeb@bcn.cat"},"geometry":{"type":"Point","coordinates":[2.18092969589886,41.385064952873819]}},{"type":"Feature","properties":{"nom":"Llibreria Cooperativa Abacus *Fabra i Puig","adreca":"Passeig de Fabra i Puig, 196","barri":"Porta","districte":"Nou Barris","horari":[{"periode":"","dia":"De dilluns a divendres","hores":"de 09.30 h a 21.00 h"},{"periode":"","dia":"Dissabte","hores":"de 10.00 h a 21.00 h"}],"web":"","email":"fabraipuig@abacus.coop"},"geometry":{"type":"Point","coordinates":[2.1784681851395131,41.430385332859622]}},{"type":"Feature","properties":{"nom":"Pavellons Poliesportius Municipals Camp del Ferro","adreca":"Plaça d\u0027Albert Badia i Mur, 1","barri":"la Sagrera","districte":"Sant Andreu","horari":[{"periode":"Del 16 setembre al 30 juny","dia":"De dilluns a divendres","hores":"de 08.00 h a 14.00 h i de 15.00 h a 23.30 h"},{"periode":"Del 16 setembre al 30 juny","dia":"Dissabte i diumenge","hores":"de 08.30 h a 22.00 h"},{"periode":"De l\u00271 juliol al 31 juliol","dia":"De dilluns a divendres","hores":"de 08.00 h a 14.00 h i de 15.00 h a 23.30 h"},{"periode":"De l\u00271 agost al 15 agost","dia":"De dilluns a divendres","hores":"de 16.00 h a 20.00 h"},{"periode":"Del 16 agost al 31 agost","dia":"De dilluns a divendres","hores":"de 08.00 h a 20.00 h"},{"periode":"De l\u00271 setembre al 15 setembre","dia":"","hores":"de 08.00 h a 14.00 h i de 15.00 h a 23.30 h"}],"web":"","email":""},"geometry":{"type":"Point","coordinates":[2.1935644214906227,41.427868820111236]}},{"type":"Feature","properties":{"nom":"Refugi climàtic","adreca":"Carrer de la Diputació, 141","barri":"l\u0027Antiga Esquerra de l\u0027Eixample","districte":"Eixample","horari":[{"periode":"De l\u00271 juny al 30 setembre","dia":"De dilluns a dissabte","hores":"de 17.00 h a 20.45 h"},{"periode":"De l\u00271 juny al 30 setembre","dia":"Diumenge","hores":"de 17.30 h a 20.45 h"}],"web":"http://www.santjoseporiol.org","email":""},"geometry":{"type":"Point","coordinates":[2.1578297323525368,41.383618237917844]}},{"type":"Feature","properties":{"nom":"Refugi climàtic","adreca":"Carrer d\u0027Aragó, 299","barri":"la Dreta de l\u0027Eixample","districte":"Eixample","horari":[{"periode":"De l\u00271 juny al 30 setembre","dia":"Cada dia","hores":"de 07.30 h a 13.00 h i de 17.30 h a 20.30 h"}],"web":"http://www.santjoseporiol.org","email":""},"geometry":{"type":"Point","coordinates":[2.1677659907596261,41.394543371659353]}},{"type":"Feature","properties":{"nom":"Refugi Climàtic Pati d\u0027Escola Bressol","adreca":"Carrer dels Àngels, 7","barri":"el Raval","districte":"Ciutat Vella","horari":[{"periode":"De l\u00271 juny al 12 setembre","dia":"Dissabte","hores":"de 10.30 h a 13.00 h"}],"web":"","email":"ebmcanigo@bcn.cat"},"geometry":{"type":"Point","coordinates":[2.1677922200972839,41.382627987600735]}},{"type":"Feature","properties":{"nom":"Refugi Climàtic Pati d\u0027Escola Bressol","adreca":"Carrer de la Noguera Pallaresa, 32","barri":"la Bordeta","districte":"Sants-Montjuïc","horari":[{"periode":"De l\u00271 juny al 12 setembre","dia":"Dissabte","hores":"de 10.30 h a 13.00 h"}],"web":"","email":"ebmlesquirol@bcn.cat"},"geometry":{"type":"Point","coordinates":[2.1393597520434562,41.372137142800845]}},{"type":"Feature","properties":{"nom":"Espai amb Jocs d\u0027Aigua dels Entorns Casa de l\u0027Aigua Trinitat Vella","adreca":"Carretera de Ribes, 103","barri":"la Trinitat Vella","districte":"Sant Andreu","horari":[{"periode":"Del 29 maig al 30 setembre","dia":"Tots els dies","hores":"de 10.00 h a 20.00 h"}],"web":"","email":""},"geometry":{"type":"Point","coordinates":[2.189647361177093,41.454748987373918]}},{"type":"Feature","properties":{"nom":"Biblioteca Sarrià – J. V. Foix","adreca":"Plaça de Sarrià, 1","barri":"Sarrià","districte":"Sarrià-Sant Gervasi","horari":[{"periode":"Horari habitualal llarg de l\u0027any","dia":"Dilluns i Dijous","hores":"de 15.30 h a 20.00 h"},{"periode":"Horari habitualal llarg de l\u0027any","dia":"Dimarts i Dimecres excepte dimarts 23 de juny","hores":"de 09.30 h a 13.30 h i de 15.30 h a 20.00 h"},{"periode":"Horari habitualal llarg de l\u0027any","dia":"Dimarts 23 de juny","hores":"de 09.30 h a 13.30 h"},{"periode":"Horari habitualal llarg de l\u0027any","dia":"Divendres","hores":"de 09.30 h a 20.00 h"},{"periode":"Horari habitualal llarg de l\u0027any","dia":"Dissabte","hores":"de 10.00 h a 14.00 h"},{"periode":"Estiu 2026Del 24 juny al 24 setembre","dia":"Dilluns i Dijous","hores":"de 15.30 h a 20.00 h"},{"periode":"Estiu 2026Del 24 juny al 24 setembre","dia":"Dimarts i Dimecres","hores":"de 09.30 h a 13.30 h i de 15.30 h a 20.00 h"},{"periode":"Estiu 2026Del 24 juny al 24 setembre","dia":"Divendres","hores":"de 09.30 h a 20.00 h"}],"web":"","email":"b.barcelona.jvf@diba.cat"},"geometry":{"type":"Point","coordinates":[2.1221208395578719,41.400011080793647]}},{"type":"Feature","properties":{"nom":"Piscines Cobertes","adreca":"Carrer de Ramon Albó, 41","barri":"Vilapicina i la Torre Llobeta","districte":"Nou Barris","horari":[{"periode":"","dia":"De dilluns a divendres","hores":"de 07.00 h a 23.00 h"},{"periode":"","dia":"Dissabte","hores":"de 08.00 h a 20.00 h"},{"periode":"","dia":"Diumenge i festius","hores":"de 09.00 h a 14.00 h"}],"web":"https://www.duinclub.com/club/gimnasio-duin-cotxeres-borbo/","email":""},"geometry":{"type":"Point","coordinates":[2.17708962955002,41.426179891315428]}},{"type":"Feature","properties":{"nom":"Piscina Esportiva Coberta","adreca":"Plaça del Mar, 1","barri":"la Barceloneta","districte":"Ciutat Vella","horari":[{"periode":"De l\u00271 octubre al 30 abril","dia":"De dilluns a divendres","hores":"de 06.30 h a 23.00 h"},{"periode":"De l\u00271 octubre al 30 abril","dia":"Dissabte","hores":"de 07.00 h a 23.00 h"},{"periode":"De l\u00271 octubre al 30 abril","dia":"Diumenge i festius","hores":"de 08.00 h a 17.00 h"},{"periode":"De l\u00271 maig al 30 setembre","dia":"De dilluns a divendres","hores":"de 06.30 h a 23.00 h"},{"periode":"De l\u00271 maig al 30 setembre","dia":"Dissabte","hores":"de 07.00 h a 23.00 h"},{"periode":"De l\u00271 maig al 30 setembre","dia":"Diumenge i festius","hores":"de 08.00 h a 20.00 h"}],"web":"https://www.cnab.cat/","email":""},"geometry":{"type":"Point","coordinates":[2.1898545572534602,41.3754657408768]}},{"type":"Feature","properties":{"nom":"Clínica Sant Antoni","adreca":"C Sant Eloi, 6","barri":"la Marina de Port","districte":"Sants-Montjuïc","horari":[],"web":"","email":"info@csantantoni.com"},"geometry":{"type":"Point","coordinates":[2.1432939430344455,41.356077131946989]}},{"type":"Feature","properties":{"nom":"Casal Cívic i Comunitari Barcelona - Trinitat Vella","adreca":"Carrer de la Madriguera, 38","barri":"la Trinitat Vella","districte":"Sant Andreu","horari":[{"periode":"De l\u00271 setembre al 31 juliol","dia":"De dilluns a divendres","hores":"de 09:00 h a 21:00 h"},{"periode":"De l\u00271 setembre al 31 juliol","dia":"Dissabte","hores":"de 10:00 h a 21:00 h"},{"periode":"De l\u00271 agost al 31 agost","dia":"Tots els dies tancat","hores":"Tancat"}],"web":"","email":"cc.barcelonatrinitatvella@gencat.cat"},"geometry":{"type":"Point","coordinates":[2.1912396261816944,41.449727002851326]}},{"type":"Feature","properties":{"nom":"Biblioteca El Gòtic - Andreu Nin","adreca":"Carrer la Rambla, 30","barri":"el Barri Gòtic","districte":"Ciutat Vella","horari":[{"periode":"Horari habitualal llarg de l\u0027any","dia":"Dilluns i dijous","hores":"de 15.30 h a 20.00 h"},{"periode":"Horari habitualal llarg de l\u0027any","dia":"Dimarts, Dimecres i Divendresexcepte dimarts 23 de juny","hores":"de 09.30 h a 13.30 h i de 15.30 h a 20.00 h"},{"periode":"Horari habitualal llarg de l\u0027any","dia":"Dimarts 23 de juny","hores":"de 09.30 h a 13.30 h"},{"periode":"Horari habitualal llarg de l\u0027any","dia":"Dissabte","hores":"de 10.00 h a 14.00 h"},{"periode":"Estiu 2026Del 24 juny al 31 juliol","dia":"Dilluns i dijous","hores":"de 15.30 h a 20.00 h"},{"periode":"Estiu 2026Del 24 juny al 31 juliol","dia":"Dimarts, Dimecres i Divendres","hores":"de 09.30 h a 13.30 h i de 15.30 h a 20.00 h"},{"periode":"De l\u00271 agost al 31 agost","dia":"Tots els dies","hores":"Tancada"},{"periode":"De l\u00271 setembre al 24 setembre","dia":"Dilluns i dijous","hores":"de 15.30 h a 20.00 h"},{"periode":"De l\u00271 setembre al 24 setembre","dia":"Dimarts, Dimecres i Divendres","hores":"de 09.30 h a 13.30 h i de 15.30 h a 20.00 h"}],"web":"","email":"b.barcelona.an@diba.cat"},"geometry":{"type":"Point","coordinates":[2.1760645412704589,41.37848959636991]}},{"type":"Feature","properties":{"nom":"Peixateria El Rei del Peix","adreca":"Rambla de Fabra i Puig, 78","barri":"Sant Andreu","districte":"Sant Andreu","horari":[{"periode":"","dia":"Dimarts, dimecres, dijous i divendres","hores":"de 08.30 h a 20.30 h"},{"periode":"","dia":"Dissabte","hores":"de 08.30 h a 14.00 h"}],"web":"","email":""},"geometry":{"type":"Point","coordinates":[2.1860219574411572,41.430278433112036]}},{"type":"Feature","properties":{"nom":"Xarcuteria Gasch *Fabra i Puig","adreca":"Rambla de Fabra i Puig, 88","barri":"Sant Andreu","districte":"Sant Andreu","horari":[{"periode":"","dia":"De dilluns a divendres","hores":"de 09.00 h a 14.00 h i de 17.30 h a 20.30 h"},{"periode":"","dia":"Dissabte","hores":"de 09.00 h a 14.00 h"}],"web":"","email":"lagavexarcuters@gmail.com"},"geometry":{"type":"Point","coordinates":[2.1856733239249997,41.430282721446879]}},{"type":"Feature","properties":{"nom":"Cafeteria Several Café","adreca":"Carrer Gran de Sant Andreu, 165","barri":"Sant Andreu","districte":"Sant Andreu","horari":[{"periode":"","dia":"De dilluns a divendres","hores":"de 08.30 h a 20.00 h"},{"periode":"","dia":"Dissabte","hores":"de 09.00 h a 20.00 h"},{"periode":"","dia":"Diumenge","hores":"de 09.00 h a 13.00 h"}],"web":"","email":""},"geometry":{"type":"Point","coordinates":[2.1892283599721654,41.432523969097112]}},{"type":"Feature","properties":{"nom":"Formatgeria Ireneu","adreca":"Carrer Gran de Sant Andreu, 117","barri":"Sant Andreu","districte":"Sant Andreu","horari":[{"periode":"","dia":"De dilluns a dissabte","hores":"de 09.00 h a 14.00 h i de 17.00 h a 20.30 h"}],"web":"","email":"info@formatgeriaireneu.com"},"geometry":{"type":"Point","coordinates":[2.1893455711355734,41.4310491680113]}},{"type":"Feature","properties":{"nom":"Cafè - Llibreria Ulises","adreca":"Carrer del Pacífic, 34","barri":"la Sagrera","districte":"Sant Andreu","horari":[{"periode":"","dia":"De dilluns a dissabte","hores":"de 10.00 h a 14.00 h i de 16.00 h a 20.00 h"}],"web":"","email":"cafebreriaulises@gmail.com"},"geometry":{"type":"Point","coordinates":[2.1889707076262961,41.4261022722314]}},{"type":"Feature","properties":{"nom":"Botiga Abans Morta que Senzilla","adreca":"Carrer Gran de Sant Andreu, 259","barri":"Sant Andreu","districte":"Sant Andreu","horari":[{"periode":"","dia":"De dilluns a dissabte","hores":"de 10.00 h a 14.00 h i de 17.00 h a 20.30 h"}],"web":"https://www.instagram.com/abansmortaksenzillabotiga/?igsh=MW9mcmN4ODJ3eXJndw%3D%3D#","email":""},"geometry":{"type":"Point","coordinates":[2.1896185009565423,41.435503768379959]}},{"type":"Feature","properties":{"nom":"Merceria Perelló","adreca":"Carrer Gran de Sant Andreu, 261","barri":"Sant Andreu","districte":"Sant Andreu","horari":[{"periode":"","dia":"De dilluns a divendres","hores":"de 09.15 h a 13.15 h i de 17.00 h a 20.00 h"},{"periode":"","dia":"Dissabte","hores":"de 10.00 h a 13.00 h"}],"web":"https://www.merceriaperello.com/","email":""},"geometry":{"type":"Point","coordinates":[2.1896178331947835,41.435548791878048]}},{"type":"Feature","properties":{"nom":"Espai de Gent Gran Montserrat Olivella","adreca":"Carrer de Calàbria, 260","barri":"la Nova Esquerra de l\u0027Eixample","districte":"Eixample","horari":[{"periode":"De setembre a juliol","dia":"De dilluns a divendres excepte divendres 31 de juliol","hores":"de 09.15 h a 13.30 h i de 16.30 h a 19.30 h"},{"periode":"De setembre a juliol","dia":"Divendres 31 de juliol","hores":"de 09.15 h a 13.30 h"},{"periode":"Agost","dia":"Tots els dies","hores":"Tancat"}],"web":"","email":"espaimontserratolivella@gentgraneixample.cat"},"geometry":{"type":"Point","coordinates":[2.1455374507499005,41.386991846541214]}},{"type":"Feature","properties":{"nom":"Piscines Cobertes","adreca":"Carrer de Rosselló i Porcel, 7","barri":"Porta","districte":"Nou Barris","horari":[{"periode":"De l\u00271 setembre al 31 juliol","dia":"De dilluns a divendres","hores":"de 07:00 h a 22:45 h"},{"periode":"De l\u00271 setembre al 31 juliol","dia":"dissabtes","hores":"de 09:00 h a 20:45 h"},{"periode":"De l\u00271 setembre al 31 juliol","dia":"diumenges i festius","hores":"de 09:00 h a 13:45 h"},{"periode":"De l\u00271 agost al 31 agost","dia":"De dilluns a divendres","hores":"de 07:00 h a 22:45 h"},{"periode":"De l\u00271 agost al 31 agost","dia":"dissabtes i diumenges i festius","hores":"de 09:00 h a 13:45 h"}],"web":"","email":"atencioclients.candrago@eurofitness.com"},"geometry":{"type":"Point","coordinates":[2.1831235131796087,41.436570125051027]}},{"type":"Feature","properties":{"nom":"Piscines Cobertes","adreca":"Carrer d\u0027Olympe de Gouges, 2","barri":"Montbau","districte":"Horta-Guinardó","horari":[{"periode":"De setembre a juliol","dia":"De dilluns a divendres","hores":"de 07.00 h a 23.00 h"},{"periode":"De setembre a juliol","dia":"Dissabte","hores":"de 08.00 h a 20.00 h"},{"periode":"De setembre a juliol","dia":"Diumenge i festius","hores":"de 09.00 h a 13.00 h"},{"periode":"Agost","dia":"De dilluns a divendres","hores":"de 09.00 h a 20.00 h"},{"periode":"Agost","dia":"Dissabte","hores":"de 10.00 h a 14.00 h"}],"web":"","email":""},"geometry":{"type":"Point","coordinates":[2.1428565953667067,41.435912412192934]}},{"type":"Feature","properties":{"nom":"Herbolari Vnatura","adreca":"Passeig de Fabra i Puig, 201","barri":"Vilapicina i la Torre Llobeta","districte":"Nou Barris","horari":[{"periode":"","dia":"De dilluns a divendres","hores":"de 10.00 h a 14.00 h i de 17.00 h a 20.30 h"},{"periode":"","dia":"Dissabte","hores":"de 10.00 h a 14.00 h"}],"web":"","email":"vnatura2@gmail.com"},"geometry":{"type":"Point","coordinates":[2.1762410918471988,41.4301654248268]}},{"type":"Feature","properties":{"nom":"Botiga Bebe-Té","adreca":"Carrer del Parlament, 7","barri":"Sant Antoni","districte":"Eixample","horari":[{"periode":"","dia":"De dilluns a dissabte","hores":"d\u002711.00 h a 14.00 h i de 17.00 h a 20.00 h"}],"web":"","email":"bebete@bebe-te.com"},"geometry":{"type":"Point","coordinates":[2.1613300630541574,41.375688571706419]}},{"type":"Feature","properties":{"nom":"Casal de Gent Gran d\u0027Horta *Feliu i Codina","adreca":"Carrer de Feliu i Codina, 43","barri":"Horta","districte":"Horta-Guinardó","horari":[{"periode":"De setembre a juliol","dia":"De dilluns a divendres","hores":"de 09.00 h a 13.30 h i de 16.00 h a 20.00 h"},{"periode":"De setembre a juliol","dia":"Dissabte","hores":"de 16.00 h a 20.00 h"},{"periode":"Agost","dia":"De dilluns a dissabte","hores":"de 16.00 h a 20.00 h"}],"web":"","email":"cgghorta@bcn.cat"},"geometry":{"type":"Point","coordinates":[2.1616916331559097,41.434457575812424]}},{"type":"Feature","properties":{"nom":"Refugi Climàtic Pati d\u0027Escola Bressol","adreca":"Carrer dels Nou Barris, 12","barri":"les Roquetes","districte":"Nou Barris","horari":[{"periode":"De l\u00271 juny al 31 juliol","dia":"Dissabte","hores":"de 10.30 h a 13.00 h"},{"periode":"De l\u00271 agost al 31 agost","dia":"Tots els dies","hores":"Tancat"},{"periode":"De l\u00271 setembre al 12 setembre","dia":"Dissabte","hores":"de 10.30 h a 13.00 h"}],"web":"","email":""},"geometry":{"type":"Point","coordinates":[2.17848533652794,41.448212200980016]}},{"type":"Feature","properties":{"nom":"Ecos Grup Cooperatiu *Tancat per obres","adreca":"Carrer de Casp, 43","barri":"la Dreta de l\u0027Eixample","districte":"Eixample","horari":[{"periode":"De l\u00271 setembre al 31 juliol","dia":"De dilluns a divendres","hores":"de 08.00 h a 20.00 h"},{"periode":"De l\u00271 agost al 31 agost","dia":"","hores":"de 09.00 h a 15.00 h"}],"web":"","email":"gestio@grupecos.coop"},"geometry":{"type":"Point","coordinates":[2.1740526407985583,41.392010453872011]}},{"type":"Feature","properties":{"nom":"Biblioteca Vilapicina i la Torre Llobeta - Carmen Laforet","adreca":"Plaça de Carmen Laforet, 11","barri":"Vilapicina i la Torre Llobeta","districte":"Nou Barris","horari":[{"periode":"Horari habitualal llarg de l\u0027any","dia":"Dilluns i dijous","hores":"de 15.30 h a 20.00 h"},{"periode":"Horari habitualal llarg de l\u0027any","dia":"Dimarts, dimecres i divendres excepte dimarts 23 de juny","hores":"de 09.30 h a 13.30 h i de 15.30 h a 20.00 h"},{"periode":"Horari habitualal llarg de l\u0027any","dia":"Dimarts 23 de juny","hores":"de 09.30 h a 13.30 h"},{"periode":"Horari habitualal llarg de l\u0027any","dia":"Dissabte","hores":"de 10.00 h a 14.00 h"},{"periode":"Estiu 2026Del 24 juny al 31 juliol","dia":"Dilluns i dijous","hores":"de 15.30 h a 20.00 h"},{"periode":"Estiu 2026Del 24 juny al 31 juliol","dia":"Dimarts, dimecres i divendres","hores":"de 09.30 h a 13.30 h i de 15.30 h a 20.00 h"},{"periode":"De l\u00271 agost al 31 agost","dia":"Tots els dies","hores":"Tancada"},{"periode":"De l\u00271 setembre al 24 setembre","dia":"Dilluns i dijous","hores":"de 15.30 h a 20.00 h"},{"periode":"De l\u00271 setembre al 24 setembre","dia":"Dimarts, dimecres i divendres","hores":"de 09.30 h a 13.30 h i de 15.30 h a 20.00 h"}],"web":"","email":"b.barcelona.vtl@diba.cat"},"geometry":{"type":"Point","coordinates":[2.1764696039707148,41.426916111888211]}},{"type":"Feature","properties":{"nom":"Piscina Coberta","adreca":"Carrer dels Esports, 2","barri":"Sarrià","districte":"Sarrià-Sant Gervasi","horari":[{"periode":"De setembre a juny","dia":"De dilluns a divendres","hores":"de 06.45 h a 22.30 h"},{"periode":"De setembre a juny","dia":"Dissabte","hores":"de 08.00 h a 20.30 h"},{"periode":"De setembre a juny","dia":"Diumenge i festius","hores":"de 08.30 h a 15.30 h"},{"periode":"Juliol","dia":"De dilluns a divendres","hores":"de 06.45 h a 22.30 h"},{"periode":"Juliol","dia":"Dissabte","hores":"de 08.00 h a 20.30 h"},{"periode":"Juliol","dia":"Diumenge i festius","hores":"de 09.00 h a 15.30 h"},{"periode":"Agost","dia":"De dilluns a divendres","hores":"de 06.45 h a 21.00 h"},{"periode":"Agost","dia":"Dissabte","hores":"de 08.00 h a 20.30 h"},{"periode":"Agost","dia":"Diumenge i festius","hores":"de 09.00 h a 15.30 h"}],"web":"","email":"cancaralleu@cancaralleu.cat"},"geometry":{"type":"Point","coordinates":[2.1110929977178143,41.401560942215355]}},{"type":"Feature","properties":{"nom":"Parc de la Barceloneta","adreca":"Passeig Marítim de la Barceloneta - Oriol Bohigas, 15","barri":"la Barceloneta","districte":"Ciutat Vella","horari":[],"web":"https://link.bcn.cat/cPdlB","email":""},"geometry":{"type":"Point","coordinates":[2.1938384169184051,41.382055016872791]}},{"type":"Feature","properties":{"nom":"Piscina Clapoteig Coberta","adreca":"Pl Josep M. Huertas Claveria, 1","barri":"el Poblenou","districte":"Sant Martí","horari":[{"periode":"","dia":"De dilluns a divendres","hores":"de 06:00 h a 23:00 h"},{"periode":"","dia":"Dies no dprefinits","hores":"de 08.00 h a 15.00 h"},{"periode":"","dia":"Diumenge i festius","hores":"de 09.00 h a 15.00 h"}],"web":"","email":""},"geometry":{"type":"Point","coordinates":[2.20050971216533,41.403679758606962]}},{"type":"Feature","properties":{"nom":"Botiga Sien-Té","adreca":"Carrer de Rogent, 96","barri":"el Camp de l\u0027Arpa del Clot","districte":"Sant Martí","horari":[{"periode":"","dia":"De dilluns a dissabte","hores":"de 10.30 h a 14.00 h i de 17.00 h a 20.30 h"}],"web":"","email":"hola@siente.es"},"geometry":{"type":"Point","coordinates":[2.1827735777250425,41.410684528191354]}},{"type":"Feature","properties":{"nom":"Jardins del Doctor Pla i Armengol","adreca":"Av Mare de Déu de Montserrat, 132","barri":"el Guinardó","districte":"Horta-Guinardó","horari":[{"periode":"Horari d\u0027hivernde l\u00271 de novembre al 31 de març","dia":"Cada dia","hores":"de 07.30 h a 19.00 h"},{"periode":"Horari d\u0027estiude l\u00271 d\u0027abril al 31 d\u0027octubre","dia":"","hores":"de 07.30 h a 21.00 h"}],"web":"https://www.barcelona.cat/lamerce/sites/default/files/2025-09/M25_JARDINS_DEL_DOCTOR_PLA_ARMENGOL.pdf","email":""},"geometry":{"type":"Point","coordinates":[2.1699197153982093,41.416006230644655]}},{"type":"Feature","properties":{"nom":"Unió de Botiguers del Cor d\u0027Horta","adreca":"Carrer del Tajo, 71","barri":"Horta","districte":"Horta-Guinardó","horari":[{"periode":"De setembre a juliol","dia":"Dimarts i dijous","hores":"de 10.00 h a 14.00 h"}],"web":"","email":"contacte@corhorta.com"},"geometry":{"type":"Point","coordinates":[2.1601816447680871,41.429568998345623]}},{"type":"Feature","properties":{"nom":"Casal de Barri del Raval","adreca":"Carrer de la Reina Amàlia, 31","barri":"el Raval","districte":"Ciutat Vella","horari":[{"periode":"De l\u00271 setembre al 31 juliol","dia":"De dilluns a divendres","hores":"de 09.00 h a 21.30 h"},{"periode":"De l\u00271 setembre al 31 juliol","dia":"Dissabte","hores":"de 09.30 h a 14.00 h i de 16.00 h a 20.00 h"},{"periode":"De l\u00271 agost al 31 agost","dia":"Tots els dies tancat","hores":"Tancat"}],"web":"","email":"info@casaldelraval.cat"},"geometry":{"type":"Point","coordinates":[2.1672378540759167,41.376969254254014]}},{"type":"Feature","properties":{"nom":"Oficina Occident *Ruben Dario","adreca":"Carrer de Rubén Darío, 27","barri":"Sant Andreu","districte":"Sant Andreu","horari":[],"web":"https://www.occident.com/","email":""},"geometry":{"type":"Point","coordinates":[2.1883077369376691,41.434113461361243]}},{"type":"Feature","properties":{"nom":"Botiga Equip","adreca":"Riera de Sant Andreu, 1","barri":"Sant Andreu","districte":"Sant Andreu","horari":[],"web":"","email":""},"geometry":{"type":"Point","coordinates":[2.1891514370099645,41.4338395948665]}},{"type":"Feature","properties":{"nom":"Carns i embotits \"Ca la Nuri\"\"","adreca":"Plaça de les Palmeres, 11","barri":"Sant Andreu","districte":"Sant Andreu","horari":[{"periode":"","dia":"De dilluns a divendres","hores":"de 08.00 h a 14.30 h i de 17.00 h a 20.00 h"},{"periode":"","dia":"Dissabte","hores":"de 08.00 h a 14.30 h"}],"web":"","email":""},"geometry":{"type":"Point","coordinates":[2.1857590040373562,41.432922491806494]}},{"type":"Feature","properties":{"nom":"Biblioteca El Clot - Josep Benet","adreca":"Plaça de les Glòries Catalanes, 37","barri":"el Parc i la Llacuna del Poblenou","districte":"Sant Martí","horari":[{"periode":"Horari habitualal llarg de l\u0027any","dia":"Dilluns i dijous","hores":"de 15.30 h a 20.00 h"},{"periode":"Horari habitualal llarg de l\u0027any","dia":"Dimarts, dimecres i divendresexcepte 23 de juny","hores":"de 09.30 h a 13.30 h i de 15.30 h a 20.00 h"},{"periode":"Horari habitualal llarg de l\u0027any","dia":"Dimarts 23 de juny","hores":"de 09.30 h a 13.30 h"},{"periode":"Horari habitualal llarg de l\u0027any","dia":"Dissabte","hores":"de 10.00 h a 14.00 h"},{"periode":"Estiu 2026Del 24 juny al 31 juliol","dia":"Dilluns i dijous","hores":"de 15.30 h a 20.00 h"},{"periode":"Estiu 2026Del 24 juny al 31 juliol","dia":"Dimarts, dimecres i divendres","hores":"de 09.30 h a 13.30 h i de 15.30 h a 20.00 h"},{"periode":"De l\u00271 agost al 31 agost","dia":"Tots els dies","hores":"Tancada"},{"periode":"De l\u00271 setembre al 24 setembre","dia":"Dilluns i dijous","hores":"de 15.30 h a 20.00 h"},{"periode":"De l\u00271 setembre al 24 setembre","dia":"Dimarts, dimecres i divendres","hores":"de 09.30 h a 13.30 h i de 15.30 h a 20.00 h"}],"web":"","email":"b.barcelona.jb@diba.cat"},"geometry":{"type":"Point","coordinates":[2.1880498461023428,41.402601111692825]}},{"type":"Feature","properties":{"nom":"Parc del Centre del Poblenou","adreca":"Av Diagonal, 130","barri":"Provençals del Poblenou","districte":"Sant Martí","horari":[{"periode":"Horari d’hivern: de l\u00271 de novembre al 31 de març","dia":"Cada dia","hores":"de 08.30 h a 19.00 h"},{"periode":"Horari d’estiu: de l\u00271 d\u0027abril al 31 d\u0027octubre","dia":"","hores":"de 08.30 h a 21.00 h"}],"web":"https://link.bcn.cat/cPdCdP","email":""},"geometry":{"type":"Point","coordinates":[2.1997573736435094,41.406793566950448]}},{"type":"Feature","properties":{"nom":"Espai amb Jocs d\u0027Aigua","adreca":"Avinguda de l\u0027Estatut de Catalunya, 2","barri":"Horta","districte":"Horta-Guinardó","horari":[{"periode":"Del 29 maig al 30 setembre","dia":"Tots els dies","hores":"de 10.00 h a 20.00 h"}],"web":"","email":""},"geometry":{"type":"Point","coordinates":[2.1553938622996438,41.430998935162158]}},{"type":"Feature","properties":{"nom":"Espai  amb Jocs d\u0027Aigua a Vallcarca","adreca":"Carrer de Ballester, 83","barri":"Vallcarca i els Penitents","districte":"Gràcia","horari":[{"periode":"De juny a setembre","dia":"Tots els dies","hores":"de 10.00 h a 20.00 h"}],"web":"","email":""},"geometry":{"type":"Point","coordinates":[2.1480142444716539,41.408882239077656]}},{"type":"Feature","properties":{"nom":"Espai  amb Jocs d\u0027Aigua a la Plaça Lolita Torrentó","adreca":"Avinguda Meridiana, 181","barri":"el Camp de l\u0027Arpa del Clot","districte":"Sant Martí","horari":[{"periode":"De juny a setembre","dia":"Tots els dies","hores":"de 10.00 h a 20.00 h"}],"web":"","email":""},"geometry":{"type":"Point","coordinates":[2.186575234391829,41.4131403890548]}},{"type":"Feature","properties":{"nom":"Refugi Climàtic Pati d\u0027Escola Bressol","adreca":"C Maignon, 2","barri":"Vallcarca i els Penitents","districte":"Gràcia","horari":[{"periode":"De l\u00271 juny al 31 juliol","dia":"Dissabte","hores":"de 10.30 h a 13.00 h"},{"periode":"De l\u00271 agost al 31 agost","dia":"Tots els dies","hores":"Tancat"},{"periode":"De l\u00271 setembre al 12 setembre","dia":"Dissabte","hores":"de 10.30 h a 13.00 h"}],"web":"","email":"ebmgracia@bcn.cat"},"geometry":{"type":"Point","coordinates":[2.1499322720519034,41.408224844782453]}},{"type":"Feature","properties":{"nom":"Biblioteca El Bon Pastor –  Josefina Castellví","adreca":"Carrer d\u0027Estadella, 64","barri":"el Bon Pastor","districte":"Sant Andreu","horari":[{"periode":"Horari habitualal llarg de l\u0027any","dia":"Dilluns i divendres","hores":"de 15.00 h a 20.00 h"},{"periode":"Horari habitualal llarg de l\u0027any","dia":"Dimarts i dijous excepte dimarts 23 de juny","hores":"de 09.30 h a 13.30 h i de 15.00 h a 20.00 h"},{"periode":"Horari habitualal llarg de l\u0027any","dia":"Dimarts 23 de juny","hores":"de 09.30 h a 13.30 h"},{"periode":"Horari habitualal llarg de l\u0027any","dia":"Dimecres","hores":"de 09.30 h a 20.00 h"},{"periode":"Horari habitualal llarg de l\u0027any","dia":"Dissabte","hores":"de 10.00 h a 14.00 h"},{"periode":"Estiu 2026Del 24 juny al 24 setembre","dia":"Dilluns i divendres","hores":"de 15.00 h a 20.00 h"},{"periode":"Estiu 2026Del 24 juny al 24 setembre","dia":"Dimarts i dijous","hores":"de 09.30 h a 13.30 h i de 15.00 h a 20.00 h"},{"periode":"Estiu 2026Del 24 juny al 24 setembre","dia":"Dimecres","hores":"de 09.30 h a 20.00 h"}],"web":"","email":"b.barcelona.bp@diba.cat"},"geometry":{"type":"Point","coordinates":[2.2046767086897292,41.435195225351791]}},{"type":"Feature","properties":{"nom":"Espai Social Torrent d\u0027en Mariner","adreca":"Passatge de Mariner, 13","barri":"el Camp d\u0027en Grassot i Gràcia Nova","districte":"Gràcia","horari":[{"periode":"","dia":"De dilluns a divendres","hores":"de 09.30 h a 13.00 h i de 16.30 h a 19.30 h"},{"periode":"","dia":"Dissabte","hores":"de 10.00 h a 14.00 h i de 16.00 h a 20.00 h"}],"web":"","email":"espai.canmariner@gmail.com"},"geometry":{"type":"Point","coordinates":[2.1700644144030758,41.403785978227084]}},{"type":"Feature","properties":{"nom":"Piscines Cobertes","adreca":"Carrer de Pallars, 484","barri":"el Besòs i el Maresme","districte":"Sant Martí","horari":[{"periode":"","dia":"De dilluns a divendres","hores":"de 07:00 h a 23:00 h"},{"periode":"","dia":"dissabtes","hores":"de 09:00 h a 20:00 h"},{"periode":"","dia":"diumenges i festius","hores":"de 09:00 h a 15:00 h"}],"web":"","email":""},"geometry":{"type":"Point","coordinates":[2.2139788925517574,41.413208873795121]}},{"type":"Feature","properties":{"nom":"Jardins de Piscines i Esports","adreca":"Carrer del Doctor Fleming, 8","barri":"Sant Gervasi - Galvany","districte":"Sarrià-Sant Gervasi","horari":[{"periode":"Horari d’hivern: de l\u00271 de novembre al 31 de març","dia":"Cada dia","hores":"de 10.00 h a 19.00 h"},{"periode":"Horari d’estiu: de l\u00271 d\u0027abril al 31 d\u0027octubre","dia":"","hores":"de 10.00 h a 21.00 h"}],"web":"https://link.bcn.cat/cJdPiE","email":""},"geometry":{"type":"Point","coordinates":[2.1356084071087156,41.393141341778893]}},{"type":"Feature","properties":{"nom":"Biblioteca Ignasi Iglésias - Can Fabra","adreca":"Carrer del Segre, 24","barri":"Sant Andreu","districte":"Sant Andreu","horari":[{"periode":"","dia":"Dilluns, dimecres, dijous i divendres","hores":"de 09.30 h a 20.30 h"},{"periode":"","dia":"Dimarts excepte 23 juny","hores":"de 09.30 h a 13.30 h i de 15.30 h a 20.30 h"},{"periode":"","dia":"Dimarts 23 de juny","hores":"de 09.30 h a 13.30 h"},{"periode":"","dia":"Dissabte","hores":"de 10.00 h a 14.00 h i de 16.00 h a 20.00 h"},{"periode":"","dia":"Diumenge","hores":"de 10.00 h a 14.00 h"}],"web":"https://www.instagram.com/bibcanfabra","email":""},"geometry":{"type":"Point","coordinates":[2.1908884815993588,41.434512460694357]}},{"type":"Feature","properties":{"nom":"KineSalut Barcelona","adreca":"Carrer de Pons i Gallarza, 20","barri":"Sant Andreu","districte":"Sant Andreu","horari":[],"web":"https://www.kinesalutbarcelona.com/","email":""},"geometry":{"type":"Point","coordinates":[2.188231571314974,41.435512635480691]}},{"type":"Feature","properties":{"nom":"La Masia de la Guineueta","adreca":"Plaça de Ca n\u0027Ensenya, 4","barri":"la Guineueta","districte":"Nou Barris","horari":[{"periode":"De setembre a juliol","dia":"De dilluns a divendres","hores":"de 09.00 h a 14.00 h i de 16.00 h a 21.30 h"},{"periode":"Agost","dia":"Tots els dies","hores":"Tancat"}],"web":"","email":"lamasiadelaguineueta@gmail.com"},"geometry":{"type":"Point","coordinates":[2.1692995352958517,41.437530438981838]}},{"type":"Feature","properties":{"nom":"Persones Grans de Ca l\u0027Isidret","adreca":"Carrer de Josep Pla, 174","barri":"Provençals del Poblenou","districte":"Sant Martí","horari":[{"periode":"de l\u00271 de setembre al 31 de juliol","dia":"De dilluns a divendres","hores":"de 09.30 h a 13.30 h i de 16.00 h a 19.00 h"},{"periode":"de l\u00271 d\u0027agost al 31 d\u0027agost","dia":"Tots els dies tancat","hores":"Tancat"}],"web":"","email":"casalgg.calisidret@bcn.cat"},"geometry":{"type":"Point","coordinates":[2.2068153447737964,41.415848037532804]}},{"type":"Feature","properties":{"nom":"Biblioteca La Sagrada Família – Josep Maria Ainaud de Lasarte","adreca":"Carrer de Provença, 480","barri":"la Sagrada Família","districte":"Eixample","horari":[{"periode":"","dia":"Dilluns, dimecres i dijous","hores":"de 09.30 h a 13.30 h i de 15.30 h a 20.30 h"},{"periode":"","dia":"Dimarts i divendresexcepte dimarts 23 juny","hores":"de 09.30 h a 20.30 h"},{"periode":"","dia":"Dimarts 23 de juny","hores":"de 09.30 h a 13.30 h"},{"periode":"","dia":"Dissabte","hores":"de 10.00 h a 14.00 h i de 16.00 h a 20.00 h"},{"periode":"","dia":"Diumenge","hores":"de 10.00 h a 14.00 h"}],"web":"","email":"b.barcelona.sf@diba.cat"},"geometry":{"type":"Point","coordinates":[2.1767746457391186,41.405415606760762]}},{"type":"Feature","properties":{"nom":"Farmàcia Torres *24 hores","adreca":"Carrer d\u0027Aribau, 62","barri":"l\u0027Antiga Esquerra de l\u0027Eixample","districte":"Eixample","horari":[{"periode":"","dia":"Cada dia","hores":"de 00:00 h a 24:00 h"}],"web":"https://www.farmaguia.net/desktop/","email":""},"geometry":{"type":"Point","coordinates":[2.1592010506531372,41.388671238688204]}},{"type":"Feature","properties":{"nom":"Centre Ton i Guida","adreca":"C Romaní, 6","barri":"les Roquetes","districte":"Nou Barris","horari":[{"periode":"De l\u00271 setembre al 31 juliol","dia":"de dilluns a divendres","hores":"de 10.00 h a 13.00 h i de 16.00 h a 21.00 h"},{"periode":"de l\u00271 d\u0027agost al 31 d\u0027agost","dia":"Tots els dies","hores":"Tancat"}],"web":"","email":"hola@toniguida.org"},"geometry":{"type":"Point","coordinates":[2.1751243525917228,41.446445186927811]}},{"type":"Feature","properties":{"nom":"Clínica Dental Sant Jordi","adreca":"Carrer de la Indústria, 298","barri":"el Camp de l\u0027Arpa del Clot","districte":"Sant Martí","horari":[{"periode":"","dia":"De dilluns a divendres","hores":"de 10.00 h a 14.00 h i de 15.00 h a 20.00 h"}],"web":"https://dental-santjordi.com/","email":""},"geometry":{"type":"Point","coordinates":[2.18135025979764,41.414822560700479]}},{"type":"Feature","properties":{"nom":"Espai Lúdic Ambiental per a Famílies LaLudo","adreca":"Pas Institut Escola, 1","barri":"Sant Pere","districte":"01","horari":[{"periode":"Del 15 setembre al 30 abril","dia":"De dilluns a dijous","hores":"de 10.00 h a 13.30 h i de 15.30 h a 17.30 h"},{"periode":"Del 15 setembre al 30 abril","dia":"Dissabte i diumenge excepte festius","hores":"de 10.00 h a 13.30 h"},{"periode":"De l\u00271 maig al 31 juliol","dia":"De dilluns a dijous","hores":"de 10.00 h a 13.30 h i de 16.30 h a 18.30 h"},{"periode":"De l\u00271 maig al 31 juliol","dia":"Dissabte i diumenge excepte festius","hores":"de 10.00 h a 13.30 h"},{"periode":"De l\u00271 agost al 31 agost","dia":"De dilluns a dijous","hores":"de 10.00 h a 13.30 h"},{"periode":"De l\u00271 agost al 31 agost","dia":"Dissabte i diumenge excepte festius","hores":"de 10.00 h a 13.30 h"},{"periode":"De l\u00271 setembre al 14 setembre","dia":"De dilluns a dijous","hores":"de 10.00 h a 13.30 h i de 16.30 h a 18.30 h"},{"periode":"De l\u00271 setembre al 14 setembre","dia":"Dissabte i diumenge excepte festius","hores":"de 10.00 h a 13.30 h"}],"web":"","email":"espailudicciutadella@bcn.cat"},"geometry":{"type":"Point","coordinates":[2.1868989293992369,41.387379458734593]}},{"type":"Feature","properties":{"nom":"Jardins de Tete Montoliu","adreca":"Carrer de Sepúlveda, 90","barri":"Sant Antoni","districte":"Eixample","horari":[{"periode":"Horari d\u0027hivernDe l\u00271 novembre al 31 març","dia":"Cada dia","hores":"de 09.00 h a 19.00 h"},{"periode":"Horari d\u0027estiude l\u00271 d\u0027abril al 31 d\u0027octubre","dia":"","hores":"de 09.00 h a 21.00 h"}],"web":"","email":""},"geometry":{"type":"Point","coordinates":[2.1571451648239623,41.379048475350373]}},{"type":"Feature","properties":{"nom":"Centre Esportiu Municipal Can Ricart","adreca":"Carrer de Sant Oleguer, 10","barri":"el Raval","districte":"Ciutat Vella","horari":[{"periode":"","dia":"De dilluns a divendres","hores":"de 07.00 h a 22.00 h"},{"periode":"","dia":"dissabtes","hores":"de 09:00 h a 20:00 h"},{"periode":"","dia":"diumenges i festius","hores":"de 09.00 h a 14.30 h"}],"web":"","email":"infocanricart@lleuresport.cat"},"geometry":{"type":"Point","coordinates":[2.17091786640299,41.377275448425927]}},{"type":"Feature","properties":{"nom":"Centre de Vida Comunitària de Trinitat Vella","adreca":"Carretera de Ribes, 59","barri":"la Trinitat Vella","districte":"Sant Andreu","horari":[{"periode":"","dia":"De dilluns a divendres","hores":"de 08.00 h a 20.30 h"},{"periode":"","dia":"Dissabte","hores":"de 09.00 h a 14.00 h i de 16.30 h a 21.00 h"}],"web":"","email":"cvidacomunitariatv@bcn.cat"},"geometry":{"type":"Point","coordinates":[2.1895859529779504,41.447743000502072]}},{"type":"Feature","properties":{"nom":"Pati de les Dones","adreca":"Carrer de Montalegre, 5","barri":"el Raval","districte":"Ciutat Vella","horari":[{"periode":"Refugi climàtic d\u0027estiu:Del 15 juny al 30 setembre","dia":"De dimarts a diumenge","hores":"de 09.00 h a 21.00 h"}],"web":"","email":"info@cccb.org"},"geometry":{"type":"Point","coordinates":[2.1668129104163323,41.38391450226559]}},{"type":"Feature","properties":{"nom":"Mercat Concepció","adreca":"Carrer d\u0027Aragó, 311","barri":"la Dreta de l\u0027Eixample","districte":"Eixample","horari":[{"periode":"","dia":"Dilluns i dissabte","hores":"de 08:00 h a 15:00 h"},{"periode":"","dia":"Dimarts, dimecres, dijous i divendres","hores":"de 08:00 h a 20:00 h"}],"web":"https://www.laconcepcio.cat","email":""},"geometry":{"type":"Point","coordinates":[2.1690716482718448,41.395568159477747]}},{"type":"Feature","properties":{"nom":"Mercat Sant Antoni","adreca":"Carrer del Comte d\u0027Urgell, 1","barri":"Sant Antoni","districte":"Eixample","horari":[{"periode":"","dia":"De dilluns a dissabtes","hores":"de 08:00 h a 20:30 h"},{"periode":"","dia":"21 desembre","hores":"de 09.00 h a 16.00 h"}],"web":"http://www.mercatdesantantoni.com","email":""},"geometry":{"type":"Point","coordinates":[2.1623937715991879,41.378972694539968]}},{"type":"Feature","properties":{"nom":"Centre de Cultura Contemporània de Barcelona","adreca":"Carrer de Montalegre, 5","barri":"el Raval","districte":"Ciutat Vella","horari":[{"periode":"De l\u00271 juny al 31 juliol","dia":"De dimarts a diumenge","hores":"d\u002711.00 h a 20.00 h"},{"periode":"De l\u00271 agost al 31 agost","dia":"Dimarts, dimecres, dijous i divendres","hores":"d\u002711.00 h a 20.00 h"},{"periode":"De l\u00271 agost al 31 agost","dia":"Dissabte i diumenge","hores":"de 09.00 h a 21.00 h"},{"periode":"De l\u00271 setembre al 30 setembre","dia":"Dimarts, dimecres, dijous, divendres, dissabte i diumenge","hores":"de 09.00 h a 21.00 h"}],"web":"","email":"info@cccb.org"},"geometry":{"type":"Point","coordinates":[2.1668129104163323,41.38391450226559]}},{"type":"Feature","properties":{"nom":"Bloc4BCN - Espai Cooperatiu","adreca":"Carrer de la Constitució, 19","barri":"la Bordeta","districte":"Sants-Montjuïc","horari":[{"periode":"","dia":"De dilluns a divendres","hores":"de 09.00 h a 18.00 h"}],"web":"","email":"info@bloc4.coop"},"geometry":{"type":"Point","coordinates":[2.1374452244473736,41.369601722499389]}},{"type":"Feature","properties":{"nom":"Biblioteca La Marina de Port – Francesc Candel","adreca":"Carrer de l\u0027Amnistia Internacional, 10","barri":"la Marina de Port","districte":"Sants-Montjuïc","horari":[{"periode":"Horari habitualal llarg de l\u0027any","dia":"Dilluns i dimecres","hores":"de 15.00 h a 20.00 h"},{"periode":"Horari habitualal llarg de l\u0027any","dia":"Dimarts i divendres excepte dimarts 23 de juny","hores":"de 09.30 h a 13.30 h i de 15.00 h a 20.00 h"},{"periode":"Horari habitualal llarg de l\u0027any","dia":"Dimarts 23 de juny","hores":"de 09.30 h a 13.30 h"},{"periode":"Horari habitualal llarg de l\u0027any","dia":"Dijous","hores":"de 09.30 h a 20.00 h"},{"periode":"Horari habitualal llarg de l\u0027any","dia":"Dissabte","hores":"de 10.00 h a 14.00 h"},{"periode":"Estiu 2026Del 24 juny al 31 juliol","dia":"Dilluns i dimecres","hores":"de 15.00 h a 20.00 h"},{"periode":"Estiu 2026Del 24 juny al 31 juliol","dia":"Dimarts i divendres","hores":"de 09.30 h a 13.30 h i de 15.00 h a 20.00 h"},{"periode":"Estiu 2026Del 24 juny al 31 juliol","dia":"Dijous","hores":"de 09.30 h a 20.00 h"},{"periode":"De l\u00271 agost al 31 agost","dia":"Tots els dies","hores":"Tancada"},{"periode":"De l\u00271 setembre al 24 setembre","dia":"Dilluns i dimecres","hores":"de 15.00 h a 20.00 h"},{"periode":"De l\u00271 setembre al 24 setembre","dia":"Dimarts i divendres","hores":"de 09.30 h a 13.30 h i de 15.00 h a 20.00 h"},{"periode":"De l\u00271 setembre al 24 setembre","dia":"Dijous","hores":"de 09.30 h a 20.00 h"}],"web":"","email":"b.barcelona.fc@diba.cat"},"geometry":{"type":"Point","coordinates":[2.1362949238017821,41.3618090328203]}},{"type":"Feature","properties":{"nom":"Torre Jussana - Centre de Serveis a les Associacions","adreca":"Av Cardenal Vidal Barraquer, 30","barri":"la Clota","districte":"Horta-Guinardó","horari":[{"periode":"De l\u00271 setembre al 31 juliol","dia":"De dilluns a dijous","hores":"de 10.00 h a 14.00 h i de 16.00 h a 20.00 h"},{"periode":"De l\u00271 setembre al 31 juliol","dia":"Divendres","hores":"de 10.00 h a 18.00 h"},{"periode":"De l\u00271 agost al 31 agost","dia":"Tots els dies tancat","hores":"Tancat"}],"web":"","email":"tjussana@bcn.cat"},"geometry":{"type":"Point","coordinates":[2.15131477992075,41.429691900275913]}},{"type":"Feature","properties":{"nom":"Refugi Climàtic Pati d\u0027Escola Bressol","adreca":"Carrer de Malats, 45","barri":"Sant Andreu","districte":"Sant Andreu","horari":[{"periode":"De l\u00271 juny al 31 juliol","dia":"Dissabte","hores":"de 10.30 h a 13.00 h"},{"periode":"De l\u00271 agost al 31 agost","dia":"Tots els dies","hores":"Tancat"},{"periode":"De l\u00271 setembre al 12 setembre","dia":"Dissabte","hores":"de 10.30 h a 13.00 h"}],"web":"","email":""},"geometry":{"type":"Point","coordinates":[2.1871910114838959,41.436352293884738]}},{"type":"Feature","properties":{"nom":"Casal de Gent Gran Joan Maragall","adreca":"C Bermejo, 1","barri":"el Besòs i el Maresme","districte":"Sant Martí","horari":[{"periode":"de l\u00271 de setembre al 31 de juliol","dia":"De dilluns a divendres","hores":"de 09.30 h a 13.30 h i de 16.00 h a 19.00 h"},{"periode":"de l\u00271 de setembre al 31 de juliol","dia":"Diumenge","hores":"de 09.30 h a 13.30 h"},{"periode":"de l\u00271 d\u0027agost al 31 d\u0027agost","dia":"De dilluns a divendres","hores":"de 16.00 h a 19.30 h"},{"periode":"de l\u00271 d\u0027agost al 31 d\u0027agost","dia":"Diumenge","hores":"de 09.30 h a 13.30 h"}],"web":"","email":"casalgg.joanmaragall@bcn.cat"},"geometry":{"type":"Point","coordinates":[2.2175383082564677,41.413443683700471]}},{"type":"Feature","properties":{"nom":"Centre Esportiu Municipal Cotxeres","adreca":"Plaça de Carmen Laforet, 7","barri":"Vilapicina i la Torre Llobeta","districte":"Nou Barris","horari":[{"periode":"","dia":"De dilluns a divendres","hores":"de 07.00 h a 23.00 h"},{"periode":"","dia":"Dissabte","hores":"de 09.00 h a 20.00 h"},{"periode":"","dia":"Diumenge i festius","hores":"de 09.00 h a 14.00 h"}],"web":"","email":"cotxeres@duinclub.com"},"geometry":{"type":"Point","coordinates":[2.17669887218884,41.426638520347218]}},{"type":"Feature","properties":{"nom":"CaixaForum Barcelona","adreca":"Avinguda de Francesc Ferrer i Guàrdia, 6","barri":"la Font de la Guatlla","districte":"Sants-Montjuïc","horari":[{"periode":"","dia":"Cada dia i festius excepte 24 desembre, 31 desembre, 1 gener, 5 generTancat 25 desembre, 1 gener i 6 gener","hores":"de 10:00 h a 20:00 h"},{"periode":"","dia":"24 desembre, 31 desembre i 5 gener","hores":"de 10:00 h a 18:00 h"},{"periode":"","dia":"Nit dels Museus 202616 de maig","hores":"de 19.00 h a 01.00 h"}],"web":"","email":"icaixaforumbcn@magmacultura.com"},"geometry":{"type":"Point","coordinates":[2.1495740199541986,41.371293464617487]}},{"type":"Feature","properties":{"nom":"Ateneu L\u0027Harmonia","adreca":"Carrer de Sant Adrià, 20","barri":"Sant Andreu","districte":"Sant Andreu","horari":[{"periode":"","dia":"De dilluns a dissabtes","hores":"de 10.00 h a 14.00 h i de 16.00 h a 21.00 h"}],"web":"","email":"informacio@ateneuharmonia.cat"},"geometry":{"type":"Point","coordinates":[2.1908326284827284,41.433793974354174]}},{"type":"Feature","properties":{"nom":"Parc de la Pegaso","adreca":"C Sagrera, 179","barri":"la Sagrera","districte":"Sant Andreu","horari":[{"periode":"Horari d’hivern: de l\u00271 de novembre al 31 de març","dia":"Cada dia","hores":"de 07.30 h a 19.00 h"},{"periode":"Horari d’estiu:de l\u00271 d\u0027abril al 31 d\u0027octubre","dia":"","hores":"de 07.30 h a 21.00 h"}],"web":"https://link.bcn.cat/cPdLP","email":""},"geometry":{"type":"Point","coordinates":[2.1907392864070592,41.426888048533769]}},{"type":"Feature","properties":{"nom":"Biblioteca Clarà","adreca":"Carrer del Doctor Carulla, 22","barri":"les Tres Torres","districte":"Sarrià-Sant Gervasi","horari":[{"periode":"Horari habitualal llarg de l\u0027any","dia":"Dilluns, dimarts i divendres excepte dimarts 23 de juny","hores":"de 15.00 h a 20.00 h"},{"periode":"Horari habitualal llarg de l\u0027any","dia":"Dimarts 23 de juny","hores":"de 09.30 h a 13.30 h"},{"periode":"Horari habitualal llarg de l\u0027any","dia":"Dimecres i dijous","hores":"de 09.30 h a 13.30 h i de 15.00 h a 20.00 h"},{"periode":"Horari habitualal llarg de l\u0027any","dia":"Dissabte","hores":"de 10:00 h a 14:00 h"},{"periode":"Estiu 2026Del 24 juny al 31 juliol","dia":"Dilluns, dimarts i divendres","hores":"de 15.00 h a 20.00 h"},{"periode":"Estiu 2026Del 24 juny al 31 juliol","dia":"Dimecres i dijous","hores":"de 09.30 h a 13.30 h i de 15.00 h a 20.00 h"},{"periode":"De l\u00271 agost al 31 agost","dia":"Tots els dies","hores":"Tancada"},{"periode":"De l\u00271 setembre al 24 setembre","dia":"Dilluns, dimarts i divendres","hores":"de 15.00 h a 20.00 h"},{"periode":"De l\u00271 setembre al 24 setembre","dia":"Dimecres i dijous","hores":"de 09.30 h a 13.30 h i de 15.00 h a 20.00 h"}],"web":"","email":"b.barcelona.cl@diba.cat"},"geometry":{"type":"Point","coordinates":[2.1294738021393327,41.399940448994478]}},{"type":"Feature","properties":{"nom":"Centre Esportiu Municipal Perill","adreca":"C Perill, 16","barri":"la Vila de Gràcia","districte":"Gràcia","horari":[{"periode":"","dia":"De dilluns a divendres","hores":"de 07:00 h a 23:00 h"},{"periode":"","dia":"dissabtes","hores":"de 08:00 h a 21:00 h"},{"periode":"","dia":"diumenges i festius","hores":"de 08:00 h a 15:00 h"}],"web":"","email":"perill@eurofitness.com"},"geometry":{"type":"Point","coordinates":[2.1615212113893216,41.399431811748059]}},{"type":"Feature","properties":{"nom":"Casal de Barri Verdun","adreca":"Carrer de Luz Casanova, 4","barri":"Verdun","districte":"Nou Barris","horari":[{"periode":"De l\u00271 setembre al 31 juliol","dia":"De dilluns a divendres","hores":"de 09.00 h a 14.00 h i de 16.00 h a 21.00 h"},{"periode":"De l\u00271 agost al 31 agost","dia":"De dilluns a divendres","hores":"de 09.30 h a 13.30 h"}],"web":"","email":"casaldebarriverdun@casaldebarriverdun.cat"},"geometry":{"type":"Point","coordinates":[2.1749796622272579,41.443845064693249]}},{"type":"Feature","properties":{"nom":"Centre Esportiu Municipal Putxet","adreca":"Carrer de Marmellà, 23","barri":"el Putxet i el Farró","districte":"Sarrià-Sant Gervasi","horari":[{"periode":"De l\u00271 octubre al 31 maig","dia":"De dilluns a divendres","hores":"de 07.00 h a 22.30 h"},{"periode":"De l\u00271 octubre al 31 maig","dia":"Dissabte","hores":"de 08.00 h a 20.00 h"},{"periode":"De l\u00271 octubre al 31 maig","dia":"Diumenge i festius","hores":"de 09.00 h a 14.30 h"},{"periode":"De l\u00271 juny al 31 juliol","dia":"De dilluns a divendres","hores":"de 10.00 h a 17.00 h"},{"periode":"De l\u00271 agost al 31 agost","dia":"Tots els dies","hores":"Tancat"},{"periode":"De l\u00271 setembre al 30 setembre","dia":"De dilluns a divendres","hores":"de 10.00 h a 17.00 h"}],"web":"","email":"info@putxetsport.cat"},"geometry":{"type":"Point","coordinates":[2.1413005635415434,41.409720923078524]}},{"type":"Feature","properties":{"nom":"Mercat Clot","adreca":"Plaça del Mercat, 26","barri":"el Clot","districte":"Sant Martí","horari":[{"periode":"De l\u00271 setembre al 31 juliol","dia":"Dilluns","hores":"de 08.00 h a 14.00 h"},{"periode":"De l\u00271 setembre al 31 juliol","dia":"Dimarts, dimecres i dijous","hores":"de 08.00 h a 14.00 h i de 17.00 h a 20.30 h"},{"periode":"De l\u00271 setembre al 31 juliol","dia":"Divendres","hores":"de 08.00 h a 20.00 h"},{"periode":"De l\u00271 setembre al 31 juliol","dia":"Dissabte","hores":"de 08.00 h a 15.00 h"},{"periode":"De l\u00271 agost al 31 agost","dia":"De dilluns a divendres","hores":"de 08.00 h a 14.00 h"},{"periode":"De l\u00271 agost al 31 agost","dia":"Dissabte","hores":"de 08.00 h a 15.00 h"}],"web":"http://www.barcelona.cat/mercats","email":""},"geometry":{"type":"Point","coordinates":[2.1886443723650215,41.407616942419317]}},{"type":"Feature","properties":{"nom":"Mercat Les Corts","adreca":"Travessera de les Corts, 215","barri":"les Corts","districte":"Les Corts","horari":[{"periode":"De l\u00271 setembre al 14 juliol","dia":"De dilluns a dijous","hores":"de 08:00 h a 14:00 h"},{"periode":"De l\u00271 setembre al 14 juliol","dia":"Divendres","hores":"de 08:00 h a 19:30 h"},{"periode":"De l\u00271 setembre al 14 juliol","dia":"dissabtes","hores":"de 08:00 h a 15:00 h"},{"periode":"Del 15 juliol al 31 agost","dia":"De dilluns a divendres","hores":"de 08.00 h a 14.00 h"},{"periode":"Del 15 juliol al 31 agost","dia":"Dissabte","hores":"de 08.00 h a 15.00 h"}],"web":"http://mercatdelescorts.cat","email":""},"geometry":{"type":"Point","coordinates":[2.1298048647400445,41.384078060630422]}},{"type":"Feature","properties":{"nom":"Piscina Recreativa Coberta","adreca":"Comte Borrell, 21","barri":"Sant Antoni","districte":"Eixample","horari":[{"periode":"","dia":"De dilluns a divendres","hores":"de 07.00 h a 22.00 h"},{"periode":"","dia":"Dissabte","hores":"de 08.00 h a 21.00 h"},{"periode":"","dia":"Diumenge","hores":"de 08.00 h a 15.00 h"},{"periode":"","dia":"festius","hores":"de 09:00 h a 14:00 h"}],"web":"http://www.aiguajoc.com","email":""},"geometry":{"type":"Point","coordinates":[2.1637625392356439,41.376403955256777]}},{"type":"Feature","properties":{"nom":"Mercat Sant Gervasi","adreca":"Plaça de Joaquim Folguera, 6","barri":"Sant Gervasi - la Bonanova","districte":"Sarrià-Sant Gervasi","horari":[{"periode":"Del 24 agost al 23 juny","dia":"Dilluns","hores":"de 08.00 h a 14.30 h"},{"periode":"Del 24 agost al 23 juny","dia":"Dimarts, dimecres, dijous i divendres","hores":"de 08.00 h a 21.00 h"},{"periode":"Del 24 agost al 23 juny","dia":"Dissabte","hores":"de 08.00 h a 15.00 h"},{"periode":"Del 24 juny al 23 agost","dia":"De dilluns a divendres excepte 26 juny, 3 juliol i 10 juliol","hores":"de 08.00 h a 14.30 h"},{"periode":"Del 24 juny al 23 agost","dia":"26 juny, 3 juliol i 10 juliol","hores":"de 08.00 h a 21.00 h"},{"periode":"Del 24 juny al 23 agost","dia":"Dissabte","hores":"de 08.00 h a 15.00 h"}],"web":"https://mercatsantgervasi.com/","email":""},"geometry":{"type":"Point","coordinates":[2.1385455717476312,41.405663353050592]}},{"type":"Feature","properties":{"nom":"Casal de Gent Gran del Poble-sec","adreca":"Plaça del Sortidor, 12","barri":"el Poble-sec","districte":"Sants-Montjuïc","horari":[{"periode":"Del 3 setembre al 31 juliol","dia":"De dilluns a divendres","hores":"de 10:00 h a 13:00 h i de 16:00 h a 19:30 h"},{"periode":"De l\u00271 agost al 2 setembre","dia":"Tots els dies","hores":"Tancat"}],"web":"","email":"infopoblesec@esport3.org"},"geometry":{"type":"Point","coordinates":[2.1625482157835441,41.37209842165101]}},{"type":"Feature","properties":{"nom":"Centre Cívic Casa Golferichs","adreca":"Gran Via de les Corts Catalanes, 491","barri":"la Nova Esquerra de l\u0027Eixample","districte":"Eixample","horari":[{"periode":"Del 21 setembre al 26 juny","dia":"De dilluns a divendres excepte dimarts 23 juny","hores":"de 10.00 h a 20.00 h"},{"periode":"Del 21 setembre al 26 juny","dia":"Dimarts 23 de juny","hores":"de 10.00 h a 15.00 h"},{"periode":"Del 21 setembre al 26 juny","dia":"Dissabte","hores":"de 10.00 h a 14.00 h"},{"periode":"Estiu 2026Del 27 juny al 30 juliol","dia":"De dilluns a divendres","hores":"de 10.00 h a 20.00 h"},{"periode":"Del 30 juliol al 30 agost","dia":"Tots els dies tancat","hores":"Tancat"},{"periode":"Del 31 agost al 20 setembre","dia":"De dilluns a divendres","hores":"de 10.00 h a 20.00 h"}],"web":"","email":"golferichs@golferichs.org"},"geometry":{"type":"Point","coordinates":[2.1564074948215346,41.3808491471351]}},{"type":"Feature","properties":{"nom":"Parc de Sant Martí","adreca":"C Menorca, 64","barri":"Sant Martí de Provençals","districte":"Sant Martí","horari":[],"web":"https://link.bcn.cat/cPdSM","email":""},"geometry":{"type":"Point","coordinates":[2.198051769477209,41.419896505846729]}},{"type":"Feature","properties":{"nom":"Centre Cívic del Bon Pastor","adreca":"Plaça de Robert Gerhard, 3","barri":"el Bon Pastor","districte":"Sant Andreu","horari":[{"periode":"","dia":"De dilluns a divendres","hores":"de 10:00 h a 14:30 h i de 16:00 h a 21:30 h"},{"periode":"","dia":"Dissabte","hores":"de 10:00 h a 14:00 h i de 16:00 h a 20:00 h"}],"web":"","email":"informacio@ccbonpastor.cat"},"geometry":{"type":"Point","coordinates":[2.2049292862975705,41.434812438103414]}},{"type":"Feature","properties":{"nom":"Centre Cívic Can Deu","adreca":"Plaça de la Concòrdia, 13","barri":"les Corts","districte":"Les Corts","horari":[{"periode":"De l\u00271 setembre al 31 juliol","dia":"Dilluns, dimarts i dimecres","hores":"de 09.00 h a 22.00 h"},{"periode":"De l\u00271 setembre al 31 juliol","dia":"Dijous","hores":"de 09.00 h a 23.00 h"},{"periode":"De l\u00271 setembre al 31 juliol","dia":"Divendres i dissabte","hores":"de 09.00 h a 00.00 h"},{"periode":"De l\u00271 setembre al 31 juliol","dia":"Diumenge","hores":"de 10.00 h a 14.00 h"},{"periode":"Estiu 2026De l\u00271 agost al 31 agost","dia":"Tots els dies","hores":"Tancat"}],"web":"","email":"info@cccandeu.cat"},"geometry":{"type":"Point","coordinates":[2.1325216465394625,41.386794007741514]}},{"type":"Feature","properties":{"nom":"Piscina Descoberta","adreca":"Via de Bàrcino, 72","barri":"la Trinitat Vella","districte":"Sant Andreu","horari":[{"periode":"Estiu 2026:Del 18 juny al 6 setembre","dia":"De dilluns a divendres","hores":"de 10.00 h a 19.30 h"},{"periode":"Estiu 2026:Del 18 juny al 6 setembre","dia":"Dissabte, diumenge i festius","hores":"d\u002711.00 h a 19.30 h"}],"web":"","email":""},"geometry":{"type":"Point","coordinates":[2.1939314862732813,41.452328954419137]}},{"type":"Feature","properties":{"nom":"Mercat Poblenou - Unió","adreca":"Pl Unió, 25","barri":"el Poblenou","districte":"Sant Martí","horari":[{"periode":"De l\u00271 setembre al 30 juny","dia":"De dilluns a dijous","hores":"de 08:30 h a 14:00 h"},{"periode":"De l\u00271 setembre al 30 juny","dia":"Divendres","hores":"de 08.30 h a 15.00 h i de 16.30 h a 20.30 h"},{"periode":"De l\u00271 setembre al 30 juny","dia":"Dissabte","hores":"de 08:30 h a 15:00 h"},{"periode":"De l\u00271 juliol al 31 juliol","dia":"Dilluns","hores":"de 08.30 h a 14.00 h"},{"periode":"De l\u00271 juliol al 31 juliol","dia":"Dimarts, dimecres, dijous i divendres","hores":"de 08.30 h a 14.00 h i de 17.00 h a 20.30 h"},{"periode":"De l\u00271 juliol al 31 juliol","dia":"Dissabte","hores":"de 08.30 h a 15.00 h"},{"periode":"De l\u00271 agost al 31 agost","dia":"De dilluns a dijous","hores":"de 08.30 h a 14.00 h"},{"periode":"De l\u00271 agost al 31 agost","dia":"Divendres","hores":"de 08.30 h a 14.00 h i de 17.00 h a 20.30 h"},{"periode":"De l\u00271 agost al 31 agost","dia":"Dissabte","hores":"de 08.30 h a 15.00 h"}],"web":"http://www.barcelona.cat/mercats","email":""},"geometry":{"type":"Point","coordinates":[2.2054291963991535,41.401021748482322]}},{"type":"Feature","properties":{"nom":"Park Güell","adreca":"Carrer d\u0027Olot, 2","barri":"la Salut","districte":"Gràcia","horari":[{"periode":"Del 29 març al 30 juny","dia":"Tots els dies","hores":"de 09.30 h a 19.30 h"},{"periode":"De l\u00271 juliol al 31 agost","dia":"","hores":"de 09.00 h a 19.30 h"},{"periode":"De l\u00271 setembre al 24 octubre","dia":"","hores":"de 09.30 h a 19.30 h"},{"periode":"Del 25 octubre al 6 febrer","dia":"","hores":"de 09:30 h a 17:30 h"},{"periode":"Del 7 febrer al 28 març","dia":"","hores":"de 09.30 h a 18.00 h"},{"periode":"Tot l\u0027any","dia":"","hores":"de 07.00 h a 09.30 h i de 18.30 h a 22.00 h"}],"web":"https://parkguell.barcelona/ca/planifica-la-teva-visita/passi-verd","email":"parkguell@bsmsa.cat"},"geometry":{"type":"Point","coordinates":[2.1523549505739523,41.41281810185847]}},{"type":"Feature","properties":{"nom":"Espai de Gent Gran Maria Aurèlia Capmany","adreca":"Carrer d\u0027Enric Granados, 47","barri":"l\u0027Antiga Esquerra de l\u0027Eixample","districte":"Eixample","horari":[{"periode":"De setembre a juliol","dia":"De dilluns a divendresexcepte divendres 31 de juliol","hores":"de 09.15 h a 13.30 h i de 16.30 h a 19.30 h"},{"periode":"De setembre a juliol","dia":"Divendres 31 de juliol","hores":"de 09.15 h a 13.30 h"},{"periode":"Agost","dia":"Tots els dies tancat","hores":"Tancat"}],"web":"","email":"mac@gentgraneixample.cat"},"geometry":{"type":"Point","coordinates":[2.158906971228832,41.390280161381845]}},{"type":"Feature","properties":{"nom":"Parc del Guinardó","adreca":"Garriga i Roca, 1","barri":"el Guinardó","districte":"Horta-Guinardó","horari":[],"web":"https://link.bcn.cat/cEPdG","email":""},"geometry":{"type":"Point","coordinates":[2.1696138971662942,41.419489436788517]}},{"type":"Feature","properties":{"nom":"Col·legi Oficial d\u0027Infermeres i Infermers de Barcelona","adreca":"Carrer de Pujades, 350","barri":"Diagonal Mar i el Front Marítim del Poblenou","districte":"Sant Martí","horari":[{"periode":"de l\u00271 de setembre al 14 de juliol","dia":"De dilluns a dijous","hores":"de 09:00 h a 20:00 h"},{"periode":"de l\u00271 de setembre al 14 de juliol","dia":"Divendres","hores":"de 08.00 h a 15.00 h"},{"periode":"del 15 de juliol al 31 d\u0027agost","dia":"De dilluns a divendres","hores":"de 08:00 h a 15:00 h"}],"web":"","email":"info@coib.cat"},"geometry":{"type":"Point","coordinates":[2.2090708476500316,41.4077702030692]}},{"type":"Feature","properties":{"nom":"Farmàcia Morera Inglés","adreca":"Passeig de Sant Joan, 3","barri":"la Dreta de l\u0027Eixample","districte":"Eixample","horari":[{"periode":"","dia":"Cada dia","hores":"de 09:00 h a 22:00 h"}],"web":"","email":"farmaciamorera@gmail.com"},"geometry":{"type":"Point","coordinates":[2.1791089058928805,41.391906023006278]}},{"type":"Feature","properties":{"nom":"Supermercat Consum *Entença","adreca":"Carrer d\u0027Entença, 28","barri":"Sant Antoni","districte":"Eixample","horari":[],"web":"https://www.consum.es/va/","email":""},"geometry":{"type":"Point","coordinates":[2.1545787665570804,41.376766285899194]}},{"type":"Feature","properties":{"nom":"Espai amb Jocs d\u0027Aigua a la Plaça de Harry Walker *Pendent obertura","adreca":"Plaça de les Treballadores i Treballadors Harry Walke, 1","barri":"la Prosperitat","districte":"Nou Barris","horari":[],"web":"","email":""},"geometry":{"type":"Point","coordinates":[2.1809936908230809,41.439889543463593]}},{"type":"Feature","properties":{"nom":"Supermercat Consum *av. Meridiana","adreca":"Avinguda Meridiana, 260","barri":"Navas","districte":"Sant Andreu","horari":[],"web":"https://www.consum.es/va/","email":""},"geometry":{"type":"Point","coordinates":[2.1872304587707325,41.419362273329909]}},{"type":"Feature","properties":{"nom":"Supermercat Consum *Borrell","adreca":"Carrer del Comte Borrell, 9","barri":"Sant Antoni","districte":"Eixample","horari":[],"web":"https://www.consum.es/va/","email":""},"geometry":{"type":"Point","coordinates":[2.1646793506441617,41.375669434213641]}},{"type":"Feature","properties":{"nom":"Supermercat Consum *Alcúdia","adreca":"Carrer d\u0027Alcúdia, 47","barri":"Porta","districte":"Nou Barris","horari":[],"web":"https://www.consum.es/va/","email":""},"geometry":{"type":"Point","coordinates":[2.174227419168306,41.43596512067]}},{"type":"Feature","properties":{"nom":"Supermercat Consum *Gran de Sant Andreu","adreca":"Carrer Gran de Sant Andreu, 356","barri":"Sant Andreu","districte":"Sant Andreu","horari":[],"web":"https://www.consum.es/va/","email":""},"geometry":{"type":"Point","coordinates":[2.1890151281553054,41.438236156777066]}},{"type":"Feature","properties":{"nom":"Llibreria Alibri","adreca":"Carrer de Balmes, 26","barri":"la Dreta de l\u0027Eixample","districte":"Eixample","horari":[{"periode":"","dia":"De dilluns a divendres","hores":"de 08.30 h a 21.00 h"},{"periode":"","dia":"Dissabte","hores":"de 09.00 h a 14.00 h"}],"web":"https://www.bookish.org/ca/libreria/alibri","email":""},"geometry":{"type":"Point","coordinates":[2.1647413066200132,41.387896599006083]}},{"type":"Feature","properties":{"nom":"Casal de Gent Gran Pati Llimona","adreca":"Carrer del Correu Vell, 5","barri":"el Barri Gòtic","districte":"Ciutat Vella","horari":[{"periode":"","dia":"De dilluns a diumenges","hores":"de 10.00 h a 19.00 h"}],"web":"","email":"pllimona@esport3.org"},"geometry":{"type":"Point","coordinates":[2.1797150985652536,41.381638446220123]}},{"type":"Feature","properties":{"nom":"Casal Cívic i Comunitari Barcelona - Sants","adreca":"C Violant Hongria Rna Aragó, 135","barri":"Sants","districte":"Sants-Montjuïc","horari":[{"periode":"De l\u00271 setembre al 31 juliol","dia":"De dilluns a divendres","hores":"de 09.00 h a 21.00 h"},{"periode":"De l\u00271 setembre al 31 juliol","dia":"Diumenge","hores":"de 10.00 h a 13.30 h i de 15.00 h a 21.00 h"},{"periode":"De l\u00271 agost al 31 agost","dia":"Tots els dies tancat","hores":"Tancat"}],"web":"","email":"barcelonasants.casal@gencat.cat"},"geometry":{"type":"Point","coordinates":[2.1335003201135647,41.380050412581127]}},{"type":"Feature","properties":{"nom":"Casal de Barri de Prosperitat","adreca":"Pl Àngel Pestaña, 1","barri":"la Prosperitat","districte":"Nou Barris","horari":[{"periode":"De l\u00271 setembre al 31 juliol","dia":"De dilluns a dijous","hores":"de 09:00 h a 14:00 h i de 17:00 h a 22:00 h"},{"periode":"De l\u00271 setembre al 31 juliol","dia":"Divendres i dissabte","hores":"de 09.00 h a 14.00 h i de 17.00 h a 00.00 h"},{"periode":"Estiu 2025De l\u00271 agost al 31 agost","dia":"Tots els dies tancat","hores":"Tancat"}],"web":"","email":"info@casalprospe.org"},"geometry":{"type":"Point","coordinates":[2.1799268133193048,41.441712795662824]}},{"type":"Feature","properties":{"nom":"Centre Esportiu Municipal Artesania","adreca":"Carrer de l\u0027Artesania, 63","barri":"Canyelles","districte":"Nou Barris","horari":[{"periode":"","dia":"De dilluns a divendres","hores":"de 07:00 h a 22:00 h"},{"periode":"","dia":"Dissabte i diumenge","hores":"de 09:00 h a 13:30 h"}],"web":"","email":"atencioclients.artesania@eurofitness.com"},"geometry":{"type":"Point","coordinates":[2.1712906441052957,41.443976329517817]}},{"type":"Feature","properties":{"nom":"Piscines Cobertes","adreca":"C Artesania, 63","barri":"Canyelles","districte":"Nou Barris","horari":[{"periode":"","dia":"de dilluns a divendres","hores":"de 07.00 h a 22.00 h"},{"periode":"","dia":"Dissabte i diumenge","hores":"de 09.00 h a 13.30 h"}],"web":"","email":""},"geometry":{"type":"Point","coordinates":[2.1712906441052957,41.443976329517817]}},{"type":"Feature","properties":{"nom":"Immobilària Comprarcasa Gand House","adreca":"Carrer de Marià Aguiló, 72","barri":"el Poblenou","districte":"Sant Martí","horari":[{"periode":"","dia":"De dilluns a dijous","hores":"de 10.00 h a 19.00 h"},{"periode":"","dia":"Divendres","hores":"de 10.00 h a 15.00 h"}],"web":"https://www.gandhouse.com/","email":""},"geometry":{"type":"Point","coordinates":[2.2022868930471806,41.401791846493211]}},{"type":"Feature","properties":{"nom":"Jardins del Turó del Putxet","adreca":"C Manacor, 9","barri":"el Putxet i el Farró","districte":"Sarrià-Sant Gervasi","horari":[{"periode":"Horari d\u0027hivernde l\u00271 de novembre al 31 de març","dia":"Cada dia","hores":"de 08.00 h a 19.00 h"},{"periode":"Horari d\u0027estiude l\u00271 d\u0027abril al 31 d\u0027octubre","dia":"","hores":"de 08.00 h a 21.00 h"}],"web":"https://link.bcn.cat/cEpdTdP","email":""},"geometry":{"type":"Point","coordinates":[2.1425177258809422,41.407747349305964]}},{"type":"Feature","properties":{"nom":"Parc de Monterols","adreca":"Carrer de Muntaner, 450","barri":"Sant Gervasi - Galvany","districte":"Sarrià-Sant Gervasi","horari":[{"periode":"","dia":"De dilluns a divendres","hores":"de 10.00 h a 23.00 h"},{"periode":"","dia":"Dissabte, diumenge i festius","hores":"de 09.00 h a 23.00 h"}],"web":"https://link.bcn.cat/cPdM2","email":""},"geometry":{"type":"Point","coordinates":[2.1397735122452017,41.401613054797835]}},{"type":"Feature","properties":{"nom":"Casal de Gent Gran del Taulat","adreca":"Carrer de Llull, 214","barri":"el Poblenou","districte":"Sant Martí","horari":[{"periode":"de l\u00271 de setembre al 31 de juliol","dia":"De dilluns a divendres","hores":"de 09.30 h a 13.30 h i de 16.00 h a 19.00 h"},{"periode":"de l\u00271 d\u0027agost al 31 d\u0027agost","dia":"Tots els dies tancat","hores":"Tancat"}],"web":"","email":"casalgg.taulatcansaladrigas@bcn.cat"},"geometry":{"type":"Point","coordinates":[2.2035177464180573,41.4018871248243]}},{"type":"Feature","properties":{"nom":"Biblioteca Fernando Arranz","adreca":"Pla de Palau, 18","barri":"la Barceloneta","districte":"Ciutat Vella","horari":[{"periode":"Horari al llarg del curs","dia":"De dilluns a dijous","hores":"de 09:00 h a 19:30 h"},{"periode":"Horari al llarg del curs","dia":"Divendres","hores":"de 09.00 h a 17.00 h"},{"periode":"De l\u00271 juliol al 31 juliol","dia":"De dilluns a divendres","hores":"de 09.00 h a 14.00 h"},{"periode":"De l\u00271 agost al 31 agost","dia":"Tots els dies","hores":"Tancada"},{"periode":"De l\u00271 setembre al 13 setembre","dia":"De dilluns a divendres","hores":"de 09.00 h a 14.00 h"}],"web":"","email":"biblioteca.fnb@upc.es"},"geometry":{"type":"Point","coordinates":[2.1845012816549092,41.38233359131663]}},{"type":"Feature","properties":{"nom":"Reclau Projecte i Obra SL","adreca":"Riera Blanca, 105","barri":"Sants - Badal","districte":"Sants-Montjuïc","horari":[{"periode":"","dia":"De dilluns a divendres","hores":"de 10.00 h a 14.00 h"}],"web":"","email":"info@reclau.com"},"geometry":{"type":"Point","coordinates":[2.1266959509956891,41.372176397376371]}},{"type":"Feature","properties":{"nom":"Centre Esportiu Municipal Can Caralleu","adreca":"Carrer dels Esports, 2","barri":"Sarrià","districte":"Sarrià-Sant Gervasi","horari":[{"periode":"De setembre a juny","dia":"De dilluns a divendres","hores":"de 06.45 h a 22.30 h"},{"periode":"De setembre a juny","dia":"Dissabte","hores":"de 08.00 h a 20.30 h"},{"periode":"De setembre a juny","dia":"Diumenge i festius","hores":"de 08.30 h a 15.30 h"},{"periode":"Juliol","dia":"De dilluns a divendres","hores":"de 06.45 h a 22.30 h"},{"periode":"Juliol","dia":"Dissabte","hores":"de 08.00 h a 20.30 h"},{"periode":"Juliol","dia":"Diumenge i festius","hores":"de 09.00 h a 15.30 h"},{"periode":"Agost","dia":"De dilluns a divendres","hores":"de 06.45 h a 21.00 h"},{"periode":"Agost","dia":"Dissabte","hores":"de 08.00 h a 20.30 h"},{"periode":"Agost","dia":"Diumenge i festius","hores":"de 09.00 h a 15.30 h"}],"web":"","email":"cancaralleu@cancaralleu.cat"},"geometry":{"type":"Point","coordinates":[2.1105047906383008,41.40098699374353]}},{"type":"Feature","properties":{"nom":"Espai  amb Jocs d\u0027Aigua als Jardins Justa Freire","adreca":"Carrer de Miquel Porter Moix, 22","barri":"la Marina del Prat Vermell","districte":"Sants-Montjuïc","horari":[{"periode":"De juny a setembre","dia":"Tots els dies","hores":"de 10.00 h a 20.00 h"}],"web":"","email":""},"geometry":{"type":"Point","coordinates":[2.1386256941905928,41.353500857636192]}},{"type":"Feature","properties":{"nom":"Espai  amb Jocs d\u0027Aigua","adreca":"Travessera de Gràcia, 381","barri":"el Baix Guinardó","districte":"Horta-Guinardó","horari":[{"periode":"De juny a setembre","dia":"Tots els dies","hores":"de 10.00 h a 20.00 h"}],"web":"","email":""},"geometry":{"type":"Point","coordinates":[2.1697088720810727,41.408913930160359]}},{"type":"Feature","properties":{"nom":"Espai amb Jocs d\u0027Aigua *Pendent obertura","adreca":"C Sots-tinent Navarro, 12","barri":"el Barri Gòtic","districte":"Ciutat Vella","horari":[],"web":"","email":""},"geometry":{"type":"Point","coordinates":[2.1794644300115311,41.383000557780584]}},{"type":"Feature","properties":{"nom":"Supermercat Consum *Av. Madrid 46","adreca":"Avinguda de Madrid, 46","barri":"Sants - Badal","districte":"Sants-Montjuïc","horari":[],"web":"https://www.consum.es/va/","email":""},"geometry":{"type":"Point","coordinates":[2.1256681126354016,41.37726979206078]}},{"type":"Feature","properties":{"nom":"Piscina Esportiva Coberta","adreca":"Avinguda de l\u0027Estadi, 30","barri":"el Poble-sec","districte":"Sants-Montjuïc","horari":[{"periode":"De l\u00271 octubre al 30 juny","dia":"De dilluns a divendres","hores":"de 06.45 h a 00.00 h"},{"periode":"De l\u00271 octubre al 30 juny","dia":"Dissabte","hores":"de 08.00 h a 21.00 h"},{"periode":"De l\u00271 octubre al 30 juny","dia":"Diumenge i festius","hores":"de 07.30 h a 16.00 h"},{"periode":"De l\u00271 juliol al 30 setembre","dia":"De dilluns a divendres","hores":"de 06.45 h a 00.00 h"},{"periode":"De l\u00271 juliol al 30 setembre","dia":"Dissabte","hores":"de 08.00 h a 21.00 h"},{"periode":"De l\u00271 juliol al 30 setembre","dia":"Diumenge i festius","hores":"de 07.30 h a 19.30 h"}],"web":"https://picornell.forus.es/ca/","email":""},"geometry":{"type":"Point","coordinates":[2.1506253005136693,41.36629012228984]}},{"type":"Feature","properties":{"nom":"Centre Cívic El Coll - La Bruguera","adreca":"Carrer de l\u0027Aldea, 15","barri":"el Coll","districte":"Gràcia","horari":[{"periode":"De l\u00271 setembre al 31 juliol","dia":"De dilluns a divendres","hores":"de 10:00 h a 14:00 h i de 16:00 h a 21:00 h"},{"periode":"De l\u00271 setembre al 31 juliol","dia":"Dissabte","hores":"de 10.00 h a 14.00 h i de 17.00 h a 21.00 h"},{"periode":"De l\u00271 setembre al 31 juliol","dia":"Diumenge","hores":"de 17.00 h a 21.00 h"},{"periode":"Estiu 2026:De l\u00271 agost al 31 agost","dia":"Tots els dies","hores":"Tancat"}],"web":"","email":"ccelcoll@ccelcoll.org"},"geometry":{"type":"Point","coordinates":[2.1499153208337418,41.418606504774111]}},{"type":"Feature","properties":{"nom":"Llanes Santa Eulàlia","adreca":"Carrer de Pere d\u0027Artés, 6","barri":"el Turó de la Peira","districte":"Nou Barris","horari":[{"periode":"","dia":"De dilluns a divendres","hores":"de 10.00 h a 13.30 h i de 17.00 h a 19.30 h"},{"periode":"","dia":"Dissabte","hores":"d\u002711.00 h a 13.00 h"}],"web":"","email":"lanassantaeulalia@gmail.com"},"geometry":{"type":"Point","coordinates":[2.1727447493542176,41.430650491028288]}},{"type":"Feature","properties":{"nom":"Filmoteca de Catalunya","adreca":"Plaça de Salvador Seguí, 1","barri":"el Raval","districte":"Ciutat Vella","horari":[],"web":"","email":"filmoteca.cultura@gencat.cat"},"geometry":{"type":"Point","coordinates":[2.171014700660908,41.378603873310311]}},{"type":"Feature","properties":{"nom":"Biblioteca","adreca":"Av Eduard Maristany, 16","barri":"el Besòs i el Maresme","districte":"Sant Martí","horari":[{"periode":"Horari al llarg de l\u0027any","dia":"De dilluns a divendres","hores":"de 08.30 h a 20.30 h"},{"periode":"Estiu 2026Del 26 juny al 31 juliol","dia":"De dilluns a divendres excepte 31 juliol","hores":"de 08.30 h a 14.00 h"},{"periode":"De l\u00271 agost al 31 agost","dia":"Tots els dies tancat","hores":"Tancada"},{"periode":"De l\u00271 setembre al 4 setembre","dia":"De dilluns a divendres","hores":"de 08.30 h a 14.00 h"}],"web":"","email":"biblioteca.eebe@upc.edu"},"geometry":{"type":"Point","coordinates":[2.2220511148010376,41.412651947747435]}},{"type":"Feature","properties":{"nom":"Refugi climàtic","adreca":"Carrer d\u0027Aragó, 311","barri":"la Dreta de l\u0027Eixample","districte":"Eixample","horari":[{"periode":"De l\u00271 setembre al 31 juliol","dia":"De dilluns a divendres","hores":"de 07.30 h a 18.00 h"},{"periode":"De l\u00271 agost al 31 agost","dia":"","hores":"de 07.30 h a 15.00 h"}],"web":"https://ajuntament.barcelona.cat/eixample/ca","email":""},"geometry":{"type":"Point","coordinates":[2.1686113429308378,41.395253292888881]}},{"type":"Feature","properties":{"nom":"Associació de Veïnes i Veïns del Clot-Camp de l\u0027Arpa de Barcelona","adreca":"C Sibelius, 3","barri":"el Camp de l\u0027Arpa del Clot","districte":"Sant Martí","horari":[{"periode":"De l\u00271 setembre al 31 juliol","dia":"Dilluns, dimarts i dimecres","hores":"de 18.00 h a 20.00 h"},{"periode":"De l\u00271 setembre al 31 juliol","dia":"Dijous","hores":"de 10.00 h a 12.00 h"}],"web":"","email":"avvclotcampdelarpa@gmail.com"},"geometry":{"type":"Point","coordinates":[2.1859753103735011,41.410325113574629]}},{"type":"Feature","properties":{"nom":"Espai  amb Jocs d\u0027Aigua a la Plaça del Canòdrom","adreca":"Plaça del Canòdrom, 1","barri":"el Congrés i els Indians","districte":"Sant Andreu","horari":[{"periode":"Del 29 maig al 30 setembre","dia":"Tots els dies","hores":"de 10.00 h a 20.00 h"}],"web":"","email":""},"geometry":{"type":"Point","coordinates":[2.1830922231956338,41.427197201792218]}},{"type":"Feature","properties":{"nom":"Refugi Climàtic Pati d\u0027Escola","adreca":"Avinguda Diagonal, 269","barri":"el Fort Pienc","districte":"Eixample","horari":[{"periode":"Juny","dia":"Dissabte6, 13 i 20 de juny","hores":"d\u002711.00 h a 14.00 h"},{"periode":"Juny","dia":"Diumenge7, 14 i 21 de juny","hores":"d\u002711.00 h a 14.00 h i de 16.30 h a 19.30 h"},{"periode":"Agost","dia":"Cada dia","hores":"de 18.00 h a 21.00 h"}],"web":"https://agora.xtec.cat/escolaramonllullbcn/","email":""},"geometry":{"type":"Point","coordinates":[2.1777902115692,41.400858698325827]}},{"type":"Feature","properties":{"nom":"Centre Cívic Trinitat Vella","adreca":"Carrer de la Foradada, 36","barri":"la Trinitat Vella","districte":"Sant Andreu","horari":[{"periode":"","dia":"De dilluns a divendres","hores":"de 09.30 h a 14.30 h i de 16.00 h a 21.30 h"},{"periode":"","dia":"Dissabte","hores":"de 10.00 h a 14.00 h i de 16.00 h a 20.00 h"}],"web":"","email":"cctrinitatvella@bcn.cat"},"geometry":{"type":"Point","coordinates":[2.1911881362595151,41.451617928602118]}},{"type":"Feature","properties":{"nom":"Espai de Refresc de la Plaça de les Caramelles","adreca":"Plaça de les Caramelles, 1","barri":"el Raval","districte":"Ciutat Vella","horari":[{"periode":"Del 29 maig al 30 setembre","dia":"Tots els dies","hores":"de 10.00 h a 20.00 h"}],"web":"","email":""},"geometry":{"type":"Point","coordinates":[2.1673349156201747,41.38175968835791]}},{"type":"Feature","properties":{"nom":"Espai amb Jocs d\u0027Aigua a la Font de la plaça Maresme","adreca":"Plaça del Maresme, 1","barri":"el Besòs i el Maresme","districte":"Sant Martí","horari":[{"periode":"Del 29 maig al 30 setembre","dia":"Tots els dies","hores":"de 10.00 h a 20.00 h"}],"web":"","email":""},"geometry":{"type":"Point","coordinates":[2.2162369809440987,41.412782448493658]}},{"type":"Feature","properties":{"nom":"Mercat Ciutat Meridiana","adreca":"Carrer de Costabona, 4","barri":"Ciutat Meridiana","districte":"Nou Barris","horari":[{"periode":"De l\u00271 setembre al 30 juny","dia":"Dilluns, dimarts, dimecres, dijous i dissabte","hores":"de 07.30 h a 14.00 h"},{"periode":"De l\u00271 setembre al 30 juny","dia":"Divendres","hores":"de 07.30 h a 20.00 h"},{"periode":"De l\u00271 juliol al 31 agost","dia":"De dilluns a dissabte","hores":"de 07.30 h a 14.00 h"}],"web":"http://www.barcelona.cat/mercats","email":""},"geometry":{"type":"Point","coordinates":[2.1777912073013432,41.461692386410419]}},{"type":"Feature","properties":{"nom":"VRoom Escape","adreca":"Carrer del Pacífic, 19","barri":"la Sagrera","districte":"Sant Andreu","horari":[{"periode":"","dia":"Dimecres, dijous i divendres","hores":"de 16.00 h a 21.00 h"},{"periode":"","dia":"Dissabte i diumenge","hores":"d\u002711.00 h a 21.00 h"}],"web":"","email":"info@vroomescape.com"},"geometry":{"type":"Point","coordinates":[2.1900218316991777,41.425792696070275]}},{"type":"Feature","properties":{"nom":"Centre Cívic Tomasa Cuevas - Les Corts","adreca":"Carrer de Dolors Masferrer i Bosch, 33","barri":"les Corts","districte":"Les Corts","horari":[{"periode":"De setembre a juliol","dia":"De dilluns a dissabte","hores":"de 09.00 h a 22.00 h"},{"periode":"De setembre a juliol","dia":"Diumenge","hores":"de 10.00 h a 14.00 h"},{"periode":"Agost","dia":"Tots els dies","hores":"Tancat"}],"web":"","email":"info.cctomasacuevas@progess.com"},"geometry":{"type":"Point","coordinates":[2.1281680265887797,41.384952050312648]}},{"type":"Feature","properties":{"nom":"Casal de Gent Gran de Sant Genís dels Agudells","adreca":"Carrer de Naïm, 10","barri":"Sant Genís dels Agudells","districte":"Horta-Guinardó","horari":[{"periode":"De setembre a juliol","dia":"De dilluns a divendres","hores":"de 10.00 h a 14.00 h i de 16.00 h a 20.00 h"},{"periode":"De setembre a juliol","dia":"Dissabte","hores":"de 16.30 h a 20.30 h"},{"periode":"Agost","dia":"De dilluns a dissabte","hores":"de 16.00 h a 20.00 h"}],"web":"","email":"cggsantgenis@bcn.cat"},"geometry":{"type":"Point","coordinates":[2.1380714403534431,41.425964671600767]}},{"type":"Feature","properties":{"nom":"Botiga Diambaar","adreca":"Carrer de Nadal, 40","barri":"Sant Andreu","districte":"Sant Andreu","horari":[{"periode":"","dia":"Dilluns, dimarts i dimecres","hores":"de 10.00 h a 17.00 h"},{"periode":"","dia":"Dijous i divendres","hores":"de 10.00 h a 19.00 h"}],"web":"","email":"hola@diambaar.com"},"geometry":{"type":"Point","coordinates":[2.1882286259633603,41.428953193941553]}},{"type":"Feature","properties":{"nom":"Biblioteca La Vila de Gràcia – Rosa M. Arquimbau","adreca":"Carrer del Torrent de l\u0027Olla, 104","barri":"la Vila de Gràcia","districte":"Gràcia","horari":[{"periode":"Horari habitual al llarg de l\u0027any","dia":"Dilluns i dijous","hores":"de 15.00 h a 20.00 h"},{"periode":"Horari habitual al llarg de l\u0027any","dia":"Dimarts i divendres","hores":"de 09.30 h a 13.30 h i de 15.00 h a 20.00 h"},{"periode":"Horari habitual al llarg de l\u0027any","dia":"Dimecres","hores":"de 09.30 h a 20.00 h"},{"periode":"Horari habitual al llarg de l\u0027any","dia":"Dissabte","hores":"de 10.00 h a 14.00 h"},{"periode":"Del 20 juliol al 24 setembre","dia":"Dilluns i dijous","hores":"de 15.00 h a 20.00 h"},{"periode":"Del 20 juliol al 24 setembre","dia":"Dimarts i divendres","hores":"de 09.30 h a 13.30 h i de 15.00 h a 20.00 h"},{"periode":"Del 20 juliol al 24 setembre","dia":"Dimecres","hores":"de 09.30 h a 20.00 h"}],"web":"","email":"b.barcelona.vg@diba.cat"},"geometry":{"type":"Point","coordinates":[2.1582314763590671,41.401498263624532]}},{"type":"Feature","properties":{"nom":"Casal de Barri de Trinitat Nova","adreca":"C Garbí, 3","barri":"la Trinitat Nova","districte":"Nou Barris","horari":[{"periode":"De l\u00271 setembre al 31 juliol","dia":"De dilluns a divendres","hores":"de 09.00 h a 14.00 h i de 16.00 h a 21.30 h"},{"periode":"De l\u00271 agost al 31 agost","dia":"Cada dia","hores":"de 10.30 h a 14.30 h"}],"web":"","email":"cbtrinitatnova@bcn.cat"},"geometry":{"type":"Point","coordinates":[2.1875023372106566,41.452674128445565]}},{"type":"Feature","properties":{"nom":"Casal de Gent Gran del Baix Guinardó","adreca":"C Marina, 380","barri":"el Baix Guinardó","districte":"Horta-Guinardó","horari":[{"periode":"De setembre a juliol","dia":"De dilluns a divendres","hores":"de 09.30 h a 14.00 h i de 16.00 h a 20.00 h"},{"periode":"De setembre a juliol","dia":"Dissabte","hores":"de 16.30 h a 20.30 h"},{"periode":"Agost","dia":"De dilluns a dissabte","hores":"de 16.00 h a 20.00 h"}],"web":"","email":"cggbaixguinardo@bcn.cat"},"geometry":{"type":"Point","coordinates":[2.1675453838467686,41.409963298329394]}},{"type":"Feature","properties":{"nom":"Clinica Dental Nova de Sant Andreu","adreca":"Carrer Gran de Sant Andreu, 142","barri":"Sant Andreu","districte":"Sant Andreu","horari":[],"web":"https://novadesantandreu.com/","email":""},"geometry":{"type":"Point","coordinates":[2.1894462455429768,41.431720184646906]}},{"type":"Feature","properties":{"nom":"Botiga CityDogs Store - Sant Andreu","adreca":"Carrer del Doctor Balari i Jovany, 9","barri":"Sant Andreu","districte":"Sant Andreu","horari":[{"periode":"","dia":"Dilluns","hores":"de 16.30 h a 20.30 h"},{"periode":"","dia":"De dimarts a dissabte","hores":"d\u002711.00 h a 14.30 h i de 16.30 h a 20.30 h"}],"web":"https://www.citydogs.store/","email":""},"geometry":{"type":"Point","coordinates":[2.1906678791482612,41.4353939688989]}},{"type":"Feature","properties":{"nom":"Centre Cívic Can Castelló","adreca":"Carrer de Castelló, 1","barri":"Sant Gervasi - Galvany","districte":"Sarrià-Sant Gervasi","horari":[{"periode":"De l\u00271 setembre al 31 juliol","dia":"De dilluns a divendres","hores":"de 10.00 h a 21.00 h"},{"periode":"De l\u00271 setembre al 31 juliol","dia":"Dissabte","hores":"de 10.00 h a 14.00 h"},{"periode":"De l\u00271 agost al 31 agost","dia":"Tots els dies","hores":"Tancat"}],"web":"","email":"infocancastello@gmail.com"},"geometry":{"type":"Point","coordinates":[2.1404013062330303,41.399006814587636]}},{"type":"Feature","properties":{"nom":"Centre d\u0027Innovació Urbana Ca l\u0027Alier","adreca":"Carrer de Pere IV, 362","barri":"Provençals del Poblenou","districte":"Sant Martí","horari":[{"periode":"Agost","dia":"Cada dia","hores":"de 10.00 h a 18.00 h"}],"web":"","email":"info@bithabitat.barcelona"},"geometry":{"type":"Point","coordinates":[2.203489445496658,41.409878393309221]}},{"type":"Feature","properties":{"nom":"Aula Ambiental Bosc Turull","adreca":"Passeig de Turull, 2","barri":"Vallcarca i els Penitents","districte":"Gràcia","horari":[{"periode":"Horari tardor-hivern","dia":"Dimarts, dijous i divendres","hores":"de 09.30 h a 14.30 h"},{"periode":"Horari tardor-hivern","dia":"Dimecres","hores":"de 09.30 h a 14.30 h i de 15.30 h a 18.00 h"},{"periode":"Horari primavera-estiu","dia":"Dimarts, dijous i divendres","hores":"de 09.30 h a 14.30 h"},{"periode":"Horari primavera-estiu","dia":"Dimecres","hores":"de 09.30 h a 14.30 h i de 15.30 h a 19.00 h"}],"web":"","email":"aula@boscturull.cat"},"geometry":{"type":"Point","coordinates":[2.1471221658665751,41.413295793420843]}},{"type":"Feature","properties":{"nom":"Biblioteca La Vila Olímpica - Xavier Benguerel","adreca":"Avinguda del Bogatell, 17","barri":"la Vila Olímpica del Poblenou","districte":"Sant Martí","horari":[{"periode":"Horari habitualal llarg de l\u0027any","dia":"Dilluns i Dimecres","hores":"de 15.30 h a 20.00 h"},{"periode":"Horari habitualal llarg de l\u0027any","dia":"Dimarts excepte 23 juny","hores":"de 09.30 h a 20.00 h"},{"periode":"Horari habitualal llarg de l\u0027any","dia":"Dimarts 23 de juny","hores":"de 09.30 h a 13.30 h"},{"periode":"Horari habitualal llarg de l\u0027any","dia":"Dijous i divendres","hores":"de 09.30 h a 13.30 h i de 15.30 h a 20.00 h"},{"periode":"Horari habitualal llarg de l\u0027any","dia":"Dissabte","hores":"de 10.00 h a 14.00 h"},{"periode":"Estiu 2026Del 24 juny al 31 juliol","dia":"Dilluns i Dimecres","hores":"de 15.30 h a 20.00 h"},{"periode":"Estiu 2026Del 24 juny al 31 juliol","dia":"Dimarts","hores":"de 09.30 h a 20.00 h"},{"periode":"Estiu 2026Del 24 juny al 31 juliol","dia":"Dijous i divendres","hores":"de 09.30 h a 13.30 h i de 15.30 h a 20.00 h"},{"periode":"De l\u00271 agost al 31 agost","dia":"Tots els dies","hores":"Tancada"},{"periode":"De l\u00271 setembre al 24 setembre","dia":"Dilluns i Dimecres","hores":"de 15.30 h a 20.00 h"},{"periode":"De l\u00271 setembre al 24 setembre","dia":"Dimarts","hores":"de 09.30 h a 20.00 h"},{"periode":"De l\u00271 setembre al 24 setembre","dia":"Dijous i divendres","hores":"de 09.30 h a 13.30 h i de 15.30 h a 20.00 h"}],"web":"","email":"b.barcelona.xb@diba.cat"},"geometry":{"type":"Point","coordinates":[2.1977274463120198,41.39243891008077]}},{"type":"Feature","properties":{"nom":"Piscina Coberta","adreca":"Passeig Marítim de la Barceloneta - Oriol Bohigas, 33","barri":"la Barceloneta","districte":"Ciutat Vella","horari":[{"periode":"","dia":"De dilluns a divendres","hores":"de 07.00 h a 23.00 h"},{"periode":"","dia":"Dissabte","hores":"de 08.30 h a 21.00 h"},{"periode":"","dia":"Diumenge i festius","hores":"de 09.00 h a 16.00 h"}],"web":"","email":"maritim@claror.cat"},"geometry":{"type":"Point","coordinates":[2.1954709905593548,41.38466275981191]}},{"type":"Feature","properties":{"nom":"Piscines Cobertes","adreca":"Carrer del Telègraf, 31","barri":"el Guinardó","districte":"Horta-Guinardó","horari":[{"periode":"","dia":"De dilluns a divendres","hores":"de 07.00 h a 22.30 h"},{"periode":"","dia":"dissabtes","hores":"de 09.00 h a 19.30 h"},{"periode":"","dia":"diumenges i festius","hores":"de 09.00 h a 14.30 h"}],"web":"","email":"cemguinardo@igebcn.cat"},"geometry":{"type":"Point","coordinates":[2.1736223594731614,41.417019520060848]}},{"type":"Feature","properties":{"nom":"Piscines Cobertes","adreca":"Carrer de Santa Coloma, 25","barri":"Sant Andreu","districte":"Sant Andreu","horari":[{"periode":"","dia":"De dilluns a dissabte","hores":"de 06.30 h a 23.00 h"},{"periode":"","dia":"Diumenge i festius","hores":"de 08.00 h a 21.00 h"}],"web":"","email":"cemsantandreu-lasagrera@cnsantandreu.com"},"geometry":{"type":"Point","coordinates":[2.192733911317577,41.429766625585017]}},{"type":"Feature","properties":{"nom":"Casal de Gent Gran Montmany","adreca":"C Montmany, 45","barri":"la Vila de Gràcia","districte":"Gràcia","horari":[{"periode":"De setembre a juliol","dia":"De dilluns a divendres","hores":"de 09.30 h a 13.00 h i de 16.00 h a 19.30 h"},{"periode":"Agost","dia":"Tots els dies","hores":"Tancat"}],"web":"","email":"casalmontmany@gmail.com"},"geometry":{"type":"Point","coordinates":[2.1591792231310674,41.4050523058095]}},{"type":"Feature","properties":{"nom":"Jardins Interior d\u0027Illa Càndida Pérez","adreca":"Carrer del Comte Borrell, 44","barri":"Sant Antoni","districte":"Eixample","horari":[{"periode":"Horari d’hivern:de l\u00271 de novembre al 31 de març","dia":"Cada dia","hores":"de 08.30 h a 19.00 h"},{"periode":"Horari d’estiu:de l\u00271 d\u0027abril al 31 d\u0027octubre","dia":"","hores":"de 08.30 h a 21.00 h"}],"web":"","email":""},"geometry":{"type":"Point","coordinates":[2.1627953603434742,41.377425411135064]}},{"type":"Feature","properties":{"nom":"Piscina Coberta","adreca":"Carrer del Perill, 16","barri":"la Vila de Gràcia","districte":"Gràcia","horari":[{"periode":"","dia":"De dilluns a divendres","hores":"de 07:00 h a 23:00 h"},{"periode":"","dia":"Dissabte","hores":"de 08:00 h a 21:00 h"},{"periode":"","dia":"Diumenge i festius","hores":"de 08:00 h a 15:00 h"}],"web":"","email":""},"geometry":{"type":"Point","coordinates":[2.1614965888302153,41.399407901769216]}},{"type":"Feature","properties":{"nom":"Casal de Barri El Maresme","adreca":"Carrer de Puigcerdà, 100","barri":"el Besòs i el Maresme","districte":"Sant Martí","horari":[{"periode":"De l\u00271 setembre al 31 juliol","dia":"De dilluns a divendres","hores":"de 08.00 h a 15.00 h i de 16.30 h a 20.00 h"},{"periode":"De l\u00271 agost al 31 agost","dia":"Tots els dies tancat","hores":"Tancat"}],"web":"","email":"cbelmaresme@bcn.cat"},"geometry":{"type":"Point","coordinates":[2.2115234429679,41.413924695824591]}},{"type":"Feature","properties":{"nom":"Fundació Privada Gentis","adreca":"Carrer del Concili de Trento, 42","barri":"el Clot","districte":"Sant Martí","horari":[{"periode":"","dia":"De dilluns a divendres","hores":"de 08.00 h a 15.00 h"}],"web":"","email":"info@gentis.org"},"geometry":{"type":"Point","coordinates":[2.1929753274566153,41.411417301143651]}},{"type":"Feature","properties":{"nom":"Mercat Sant Martí","adreca":"Carrer de Puigcerdà, 206","barri":"la Verneda i la Pau","districte":"Sant Martí","horari":[{"periode":"De l\u00271 setembre al 30 juny","dia":"Dilluns, dimarts, dimecres, dijous i dissabte","hores":"de 07.30 h a 14.00 h"},{"periode":"De l\u00271 setembre al 30 juny","dia":"Divendres","hores":"de 07.30 h a 14.00 h i de 16.00 h a 20.00 h"},{"periode":"De l\u00271 juliol al 31 agost","dia":"De dilluns a dissabte","hores":"de 07.30 h a 14.00 h"}],"web":"http://www.barcelona.cat/mercats","email":""},"geometry":{"type":"Point","coordinates":[2.2052983802518442,41.418629300841332]}},{"type":"Feature","properties":{"nom":"Mercat Besòs","adreca":"C Jaume Huguet, 38","barri":"el Besòs i el Maresme","districte":"Sant Martí","horari":[{"periode":"","dia":"De dilluns a dissabte","hores":"de 07:30 h a 14:00 h"}],"web":"https://mercatbesos.barcelona","email":""},"geometry":{"type":"Point","coordinates":[2.2151291359475485,41.419232167534055]}},{"type":"Feature","properties":{"nom":"Parc del Turó de la Peira","adreca":"Passeig de Fabra i Puig, 396","barri":"el Turó de la Peira","districte":"Nou Barris","horari":[],"web":"https://link.bcn.cat/cPdTdlP","email":""},"geometry":{"type":"Point","coordinates":[2.1634471242007627,41.433462233436238]}},{"type":"Feature","properties":{"nom":"Parc de Can Sabaté","adreca":"C Mineria, 16","barri":"la Marina de Port","districte":"Sants-Montjuïc","horari":[{"periode":"Horari d’hivern: de l\u00271 de novembre al 31 de març","dia":"Cada dia","hores":"de 09.45 h a 21.00 h"},{"periode":"Horari d’estiu: de l\u00271 d\u0027abril al 31 d\u0027octubre","dia":"","hores":"de 09.45 h a 21.00 h"}],"web":"https://link.bcn.cat/cPdCS","email":""},"geometry":{"type":"Point","coordinates":[2.1377495553185191,41.364374490492906]}},{"type":"Feature","properties":{"nom":"Biblioteca","adreca":"Avinguda Diagonal, 647","barri":"la Maternitat i Sant Ramon","districte":"Les Corts","horari":[{"periode":"Horari al llarg de l\u0027any","dia":"De dilluns a divendres","hores":"de 08.30 h a 20.30 h"},{"periode":"Estiu 2026De l\u00271 juliol al 31 juliol","dia":"De dilluns a divendres excepte 1 juliol","hores":"de 08.30 h a 14.00 h"},{"periode":"Estiu 2026De l\u00271 juliol al 31 juliol","dia":"1 juliol","hores":"de 08.30 h a 17.00 h"},{"periode":"De l\u00271 agost al 30 agost","dia":"Tors els dies","hores":"Tancada"},{"periode":"Del 31 agost al 6 setembre","dia":"De dilluns a divendres","hores":"de 08.30 h a 14.00 h"}],"web":"","email":"etseib@upc.edu"},"geometry":{"type":"Point","coordinates":[2.1152495646604175,41.384899949518967]}},{"type":"Feature","properties":{"nom":"Casal de Gent Gran Navas","adreca":"Carrer de Capella, 14","barri":"Navas","districte":"Sant Andreu","horari":[{"periode":"De setembre a juliol","dia":"De dilluns a divendres","hores":"de 09.30 h a 13.00 h i de 16.00 h a 19.30 h"},{"periode":"De setembre a juliol","dia":"Dissabte i diumenge","hores":"de 10.00 h a 13.00 h i de 16.00 h a 19.30 h"},{"periode":"Agost","dia":"De dilluns a divendres","hores":"de 16.00 h a 20.00 h"},{"periode":"Agost","dia":"Dissabte","hores":"de 10.00 h a 13.15 h"},{"periode":"Agost","dia":"Diumenge","hores":"de 16.00 h a 20.00 h"}],"web":"","email":"gestionavas@bcn.cat"},"geometry":{"type":"Point","coordinates":[2.1815840610342696,41.416928105848172]}},{"type":"Feature","properties":{"nom":"Mercat Abaceria Central","adreca":"Pg Sant Joan, 181","barri":"el Camp d\u0027en Grassot i Gràcia Nova","districte":"Gràcia","horari":[{"periode":"Del 28 agost al 2 agost","dia":"De dilluns a dijous","hores":"de 08:00 h a 14:30 h i de 17:00 h a 20:30 h"},{"periode":"Del 28 agost al 2 agost","dia":"Divendres","hores":"de 08:00 h a 20:30 h"},{"periode":"Del 28 agost al 2 agost","dia":"Dissabte","hores":"de 08.00 h a 15.00 h"},{"periode":"Del 3 agost al 27 agost","dia":"De dilluns a dijous","hores":"de 08.00 h a 14.30 h"},{"periode":"Del 3 agost al 27 agost","dia":"Divendres","hores":"de 08.00 h a 20.00 h"},{"periode":"Del 3 agost al 27 agost","dia":"Dissabte","hores":"de 08.00 h a 15.00 h"}],"web":"https://mercatabaceria.cat","email":""},"geometry":{"type":"Point","coordinates":[2.1641791642522206,41.403186528682163]}},{"type":"Feature","properties":{"nom":"Parc de Diagonal Mar","adreca":"Carrer de Llull, 356","barri":"Diagonal Mar i el Front Marítim del Poblenou","districte":"Sant Martí","horari":[{"periode":"Horari d’hivern: de l\u00271 de novembre al 31 de març","dia":"Cada dia","hores":"de 09.30 h a 19.00 h"},{"periode":"Horari d’estiu: de l\u00271 d\u0027abril al 31 d\u0027octubre","dia":"","hores":"de 09.30 h a 21.00 h"}],"web":"https://link.bcn.cat/cPdDM","email":""},"geometry":{"type":"Point","coordinates":[2.2122319515235458,41.408490311371409]}},{"type":"Feature","properties":{"nom":"Biblioteca Sofia Barat","adreca":"Carrer de Girona, 64","barri":"la Dreta de l\u0027Eixample","districte":"Eixample","horari":[{"periode":"Horari habitualal llarg de l\u0027any","dia":"Dilluns i Dijous","hores":"de 15.30 h a 20.00 h"},{"periode":"Horari habitualal llarg de l\u0027any","dia":"Dimarts excepte 23 juny","hores":"de 09.30 h a 20.00 h"},{"periode":"Horari habitualal llarg de l\u0027any","dia":"Dimarts 23 de juny","hores":"de 09.30 h a 13.30 h"},{"periode":"Horari habitualal llarg de l\u0027any","dia":"Dimecres i Divendres","hores":"de 09.30 h a 13.30 h i de 15.30 h a 20.00 h"},{"periode":"Horari habitualal llarg de l\u0027any","dia":"Dissabte","hores":"de 10.00 h a 14.00 h"},{"periode":"Estiu 2026Del 24 juny al 31 juliol","dia":"Dilluns i Dijous","hores":"de 15.30 h a 20.00 h"},{"periode":"Estiu 2026Del 24 juny al 31 juliol","dia":"Dimarts","hores":"de 09.30 h a 20.00 h"},{"periode":"Estiu 2026Del 24 juny al 31 juliol","dia":"Dimecres i Divendres","hores":"de 09.30 h a 13.30 h i de 15.30 h a 20.00 h"},{"periode":"De l\u00271 agost al 31 agost","dia":"Tots els dies","hores":"Tancada"},{"periode":"De l\u00271 setembre al 24 setembre","dia":"Dilluns i Dijous","hores":"de 15.30 h a 20.00 h"},{"periode":"De l\u00271 setembre al 24 setembre","dia":"Dimarts","hores":"de 09.30 h a 20.00 h"},{"periode":"De l\u00271 setembre al 24 setembre","dia":"Dimecres i Divendres","hores":"de 09.30 h a 13.30 h i de 15.30 h a 20.00 h"}],"web":"","email":"b.barcelona.sb@diba.cat"},"geometry":{"type":"Point","coordinates":[2.1715220785730867,41.394705643823904]}},{"type":"Feature","properties":{"nom":"Espai Jove La Fontana","adreca":"Carrer Gran de Gràcia, 190","barri":"la Vila de Gràcia","districte":"Gràcia","horari":[{"periode":"Del 9 setembre al 20 juliol","dia":"De dilluns a dijous","hores":"de 09.00 h a 14.00 h i de 17.00 h a 21.00 h"},{"periode":"Del 9 setembre al 20 juliol","dia":"Divendres","hores":"de 17.00 h a 21.00 h"},{"periode":"Del 9 setembre al 20 juliol","dia":"Dissabtes","hores":"de 10.00 h a 14.00 h i de 16.00 h a 21.00 h"},{"periode":"Estiu 2025Del 21 juliol al 8 setembre","dia":"Tots els dies tancat","hores":"Tancat"}],"web":"","email":"espaijove@lafontana.org"},"geometry":{"type":"Point","coordinates":[2.1523241627536023,41.40325591053633]}},{"type":"Feature","properties":{"nom":"Piscina Municipal Descoberta de La Clota","adreca":"Plaça de la Clota, 1","barri":"la Vall d\u0027Hebron","districte":"Horta-Guinardó","horari":[{"periode":"Estiu 2026:Del 20 juny al 30 agost","dia":"De dilluns a divendres","hores":"d\u002711.00 h a 19.00 h"},{"periode":"Estiu 2026:Del 20 juny al 30 agost","dia":"Dissabte i diumenge","hores":"de 10.30 h a 19.30 h"}],"web":"","email":"olimpics@egora.cat"},"geometry":{"type":"Point","coordinates":[2.149433370399696,41.426094155696489]}},{"type":"Feature","properties":{"nom":"Llac","adreca":"Carrer de Rosselló i Porcel, 7","barri":"Porta","districte":"Nou Barris","horari":[{"periode":"Estiu 2025:Del 6 juny al 6 setembre","dia":"Cada dia","hores":"de 10.30 h a 19.00 h"}],"web":"https://eurofitness.com/llac/","email":""},"geometry":{"type":"Point","coordinates":[2.1831235131796087,41.436570125051027]}},{"type":"Feature","properties":{"nom":"Piscines Cobertes","adreca":"Carrer de Feliu i Codina, 27","barri":"Horta","districte":"Horta-Guinardó","horari":[{"periode":"","dia":"De dilluns a divendres","hores":"de 07:00 h a 23:00 h"},{"periode":"","dia":"Dissabte","hores":"de 08:00 h a 20:00 h"},{"periode":"","dia":"Diumenge i festius","hores":"de 09:00 h a 14:00 h"}],"web":"","email":"info@hortaesportiva.cat"},"geometry":{"type":"Point","coordinates":[2.1608551476985176,41.434742870584152]}},{"type":"Feature","properties":{"nom":"Fundació Privada Enllaç","adreca":"Carrer del Rosselló, 328","barri":"la Dreta de l\u0027Eixample","districte":"Eixample","horari":[{"periode":"","dia":"De dilluns a divendres","hores":"de 17.00 h a 21.00 h"}],"web":"","email":"informacio@fundacioenllac.cat"},"geometry":{"type":"Point","coordinates":[2.1692496575664832,41.402157199441817]}},{"type":"Feature","properties":{"nom":"Piscina Esportiva Coberta","adreca":"Avinguda dels Rasos de Peguera, 242","barri":"Ciutat Meridiana","districte":"Nou Barris","horari":[{"periode":"","dia":"De dilluns a divendres","hores":"de 08.00 h a 22.00 h"},{"periode":"","dia":"Dissabte i diumenge i festius","hores":"de 09.00 h a 14.00 h"}],"web":"https://eurofitness.com/centres/eurofitness-can-cuyas-cem-can-cuyas/","email":""},"geometry":{"type":"Point","coordinates":[2.1681328086399776,41.4599194040609]}},{"type":"Feature","properties":{"nom":"Ateneu el Poblet","adreca":"Carrer de Nàpols, 268","barri":"la Sagrada Família","districte":"Eixample","horari":[{"periode":"De setembre a juliol","dia":"De dilluns a divendres","hores":"de 10.00 h a 14.00 h i de 17.00 h a 21.30 h"},{"periode":"Agost","dia":"Tots els dies tancat","hores":""}],"web":"","email":"info@ateneuelpoblet.cat"},"geometry":{"type":"Point","coordinates":[2.1703772837454949,41.402356431620468]}},{"type":"Feature","properties":{"nom":"Jardins de Can Sentmenat","adreca":"C Can Caralleu, 6","barri":"Sarrià","districte":"Sarrià-Sant Gervasi","horari":[],"web":"https://link.bcn.cat/cEjdCS","email":""},"geometry":{"type":"Point","coordinates":[2.115102292721839,41.402620283597109]}},{"type":"Feature","properties":{"nom":"Llac","adreca":"Passeig de la Mare de Déu del Coll, 77","barri":"el Coll","districte":"Gràcia","horari":[{"periode":"Estiu 2025:Del 6 juny al 6 setembre","dia":"De dilluns a divendres","hores":"de 09.30 h a 19.30 h"},{"periode":"Estiu 2025:Del 6 juny al 6 setembre","dia":"Dissabte i diumenge","hores":"de 10.00 h a 20.00 h"}],"web":"https://www.ae-eixample.cat/index.php/llac-del-parc-de-la-creueta-del-coll","email":""},"geometry":{"type":"Point","coordinates":[2.1463993732739812,41.41857571464552]}},{"type":"Feature","properties":{"nom":"Casal de Gent Gran Parc del Clot","adreca":"Pl Joan Casanelles, 1","barri":"el Clot","districte":"Sant Martí","horari":[{"periode":"de l\u00271 de setembre al 31 de juliol","dia":"De dilluns a divendres","hores":"de 09.30 h a 13.30 h i de 16.00 h a 19.00 h"},{"periode":"de l\u00271 d\u0027agost al 31 d\u0027agost","dia":"Tots els dies tancat","hores":"Tancat"}],"web":"","email":"casalgg.parcdelclot@bcn.cat"},"geometry":{"type":"Point","coordinates":[2.1917834271355217,41.408584137563409]}},{"type":"Feature","properties":{"nom":"Centre Cívic  Teixonera","adreca":"Carrer d\u0027Arenys, 75","barri":"la Teixonera","districte":"Horta-Guinardó","horari":[{"periode":"De l\u00271 setembre al 31 juliol","dia":"Dilluns, dimecres, dijous i divendres","hores":"de 09.00 h a 21.00 h"},{"periode":"De l\u00271 setembre al 31 juliol","dia":"Dimarts","hores":"de 09.00 h a 14.00 h i de 16.00 h a 21.00 h"},{"periode":"De l\u00271 setembre al 31 juliol","dia":"DissabteTancat 18 i 25 juliol 5 i 12 setembre","hores":"de 10.00 h a 14.00 h i de 17.00 h a 20.00 h"},{"periode":"Estiu 2026De l\u00271 d\u0027agost al 31 d\u0027agost","dia":"Tots els dies","hores":"Tancat"}],"web":"","email":"ccteixonera@qsl.cat"},"geometry":{"type":"Point","coordinates":[2.1445697223611813,41.422665250088244]}},{"type":"Feature","properties":{"nom":"Museu Frederic Marès","adreca":"Plaça de Sant Iu, 5","barri":"el Barri Gòtic","districte":"Ciutat Vella","horari":[{"periode":"","dia":"De dimarts a dissabtes","hores":"de 10:00 h a 19:00 h"},{"periode":"","dia":"Diumenge i festius Tancat 25 de desembre, 1 de gener, 1 de maig i 24 de juny","hores":"d\u002711:00 h a 20:00 h"},{"periode":"","dia":"La Nit dels Museus 2026:16 de maig","hores":"de 19.00 h a 01.00 h"}],"web":"","email":"museumares@bcn.cat"},"geometry":{"type":"Point","coordinates":[2.17695685162379,41.384205497347359]}},{"type":"Feature","properties":{"nom":"Casal de Gent Gran La Capa","adreca":"Carrer dels Alts Forns, 84","barri":"la Marina de Port","districte":"Sants-Montjuïc","horari":[{"periode":"Del 3 setembre al 31 juliol","dia":"De dilluns a divendres","hores":"de 10:00 h a 13:00 h i de 16:00 h a 19:30 h"},{"periode":"De l\u00271 agost al 2 setembre","dia":"Tots els dies","hores":"Tancat"}],"web":"","email":"lamarina@esport3.org"},"geometry":{"type":"Point","coordinates":[2.1427257715980694,41.35996359173739]}},{"type":"Feature","properties":{"nom":"Biblioteca Francesca Bonnemaison","adreca":"Carrer de Sant Pere Més Baix, 7","barri":"Sant Pere","districte":"01","horari":[{"periode":"Horari habitualal llarg de l\u0027any","dia":"Dilluns i Dijous","hores":"de 15.00 h a 20.00 h"},{"periode":"Horari habitualal llarg de l\u0027any","dia":"Dimarts i Divendresexcepte dimarts 23 de juny","hores":"de 09.30 h a 13.30 h i de 15.00 h a 20.00 h"},{"periode":"Horari habitualal llarg de l\u0027any","dia":"Dimarts 23 de juny","hores":"de 09.30 h a 13.30 h"},{"periode":"Horari habitualal llarg de l\u0027any","dia":"Dimecres","hores":"de 09.30 h a 20.00 h"},{"periode":"Horari habitualal llarg de l\u0027any","dia":"Dissabte","hores":"de 10.00 h a 14.00 h"},{"periode":"Estiu 2026Del 24 juny al 24 setembre","dia":"Dilluns i dijous","hores":"de 15.00 h a 20.00 h"},{"periode":"Estiu 2026Del 24 juny al 24 setembre","dia":"Dimarts i divendres","hores":"de 09.30 h a 13.30 h i de 15.00 h a 20.00 h"},{"periode":"Estiu 2026Del 24 juny al 24 setembre","dia":"Dimecres","hores":"de 09.30 h a 20.00 h"}],"web":"","email":"b.barcelona.fb@diba.cat"},"geometry":{"type":"Point","coordinates":[2.17580760715867,41.38696803670603]}},{"type":"Feature","properties":{"nom":"Hospital de la Santa Creu i Sant Pau","adreca":"C Sant Quintí, 89","barri":"el Guinardó","districte":"Horta-Guinardó","horari":[],"web":"","email":"atenciousuari@santpau.cat"},"geometry":{"type":"Point","coordinates":[2.1739598683555683,41.415441083959905]}},{"type":"Feature","properties":{"nom":"Ateneu d\u0027Innovació Digital i Democràtica - Canòdrom","adreca":"Carrer de Concepción Arenal, 165","barri":"el Congrés i els Indians","districte":"Sant Andreu","horari":[{"periode":"De setembre a juliol","dia":"De dilluns a divendres","hores":"de 09.00 h a 19.00 h"},{"periode":"Agost","dia":"Tots els dies","hores":"Tancat"}],"web":"","email":"hola@canodrom.barcelona"},"geometry":{"type":"Point","coordinates":[2.1841198480555195,41.427286645183912]}},{"type":"Feature","properties":{"nom":"Mercat Carmel","adreca":"C Llobregós, 149","barri":"el Carmel","districte":"Horta-Guinardó","horari":[{"periode":"De l\u00271 setembre al 30 juny","dia":"Dilluns, dimarts i dimecres","hores":"de 07.30 h a 14.00 h"},{"periode":"De l\u00271 setembre al 30 juny","dia":"Dijous","hores":"de 07.30 h a 14.00 h i de 17.00 h a 20.00 h"},{"periode":"De l\u00271 setembre al 30 juny","dia":"Divendres","hores":"de 07.00 h a 20.30 h"},{"periode":"De l\u00271 setembre al 30 juny","dia":"Dissabte","hores":"de 07.00 h a 15.00 h"},{"periode":"De l\u00271 juliol al 31 agost","dia":"Dilluns, dimarts, dimecres i divendres","hores":"de 07.30 h a 14.00 h"},{"periode":"De l\u00271 juliol al 31 agost","dia":"Dijous","hores":"de 07.30 h a 14.00 h i de 17.00 h a 20.00 h"},{"periode":"De l\u00271 juliol al 31 agost","dia":"Dissabte","hores":"de 07.00 h a 15.00 h"}],"web":"http://www.barcelona.cat/mercats","email":""},"geometry":{"type":"Point","coordinates":[2.1558097621188934,41.423740466525921]}},{"type":"Feature","properties":{"nom":"Casal de Gent Gran Can Castelló","adreca":"Carrer de Castelló, 1","barri":"Sant Gervasi - Galvany","districte":"Sarrià-Sant Gervasi","horari":[{"periode":"De setembre a juliol","dia":"De dilluns a divendres","hores":"de 10.00 h a 21.00 h"},{"periode":"De setembre a juliol","dia":"Dissabte","hores":"de 10.00 h a 14.00 h"},{"periode":"Agost","dia":"Tots els dies tancat","hores":"Tancat"}],"web":"","email":"info@ggcancastello.cat"},"geometry":{"type":"Point","coordinates":[2.1404013062330303,41.399006814587636]}},{"type":"Feature","properties":{"nom":"Casal de Gent Gran Josep Trueta","adreca":"Carrer de la Reina Amàlia, 31","barri":"el Raval","districte":"Ciutat Vella","horari":[{"periode":"","dia":"Cada dia","hores":"de 10.00 h a 12.30 h i de 15.00 h a 19.00 h"}],"web":"","email":"trueta@esport3.org"},"geometry":{"type":"Point","coordinates":[2.1672378540759167,41.376969254254014]}},{"type":"Feature","properties":{"nom":"Biblioteca Montserrat Abelló","adreca":"Carrer dels Comtes de Bell-lloc, 192","barri":"les Corts","districte":"Les Corts","horari":[{"periode":"Horari habitualal llarg de l\u0027any","dia":"Dilluns, dijous i divendres","hores":"de 09.30 h a 13.30 h i de 15.30 h a 20.30 h"},{"periode":"Horari habitualal llarg de l\u0027any","dia":"Dimarts i dimecres excepte dimarts 23 de juny","hores":"de 09:30 h a 20:30 h"},{"periode":"Horari habitualal llarg de l\u0027any","dia":"Dissabte","hores":"de 10:00 h a 14:00 h i de 16:00 h a 20:00 h"},{"periode":"Estiu 2026Del 24 juny al 24 setembre","dia":"Dilluns, dijous i divendres","hores":"de 09.30 h a 13.30 h i de 15.30 h a 20.30 h"},{"periode":"Estiu 2026Del 24 juny al 24 setembre","dia":"Dimarts i dimecres","hores":"de 09:30 h a 20:30 h"},{"periode":"Estiu 2026Del 24 juny al 24 setembre","dia":"Dissabte","hores":"de 10.00 h a 14.00 h"}],"web":"","email":"b.barcelona.mab@diba.cat"},"geometry":{"type":"Point","coordinates":[2.135305845435044,41.383731330276362]}},{"type":"Feature","properties":{"nom":"Piscines Descobertes","adreca":"Avinguda de l\u0027Estadi, 30","barri":"el Poble-sec","districte":"Sants-Montjuïc","horari":[{"periode":"De l\u00271 abril al 30 abril","dia":"De dilluns a dissabte","hores":"de 10.00 h a 17.00 h"},{"periode":"De l\u00271 abril al 30 abril","dia":"Diumenge i festius","hores":"de 10.00 h a 16.00 h"},{"periode":"De l\u00271 maig al 31 maig","dia":"De dilluns a dissabte","hores":"de 10.00 h a 19.00 h"},{"periode":"De l\u00271 maig al 31 maig","dia":"Diumenge i festius","hores":"de 10.00 h a 16.00 h"},{"periode":"De l\u00271 juny al 31 agost","dia":"De dilluns a dissabte","hores":"de 10.00 h a 20.30 h"},{"periode":"De l\u00271 juny al 31 agost","dia":"Diumenge i festius","hores":"de 10:00 h a 19:00 h"},{"periode":"De l\u00271 setembre al 30 setembre","dia":"De dilluns a dissabte","hores":"de 10.00 h a 18.00 h"},{"periode":"De l\u00271 setembre al 30 setembre","dia":"Diumenge i festius","hores":"de 10.00 h a 16.00 h"},{"periode":"De l\u00271 octubre al 31 octubre","dia":"De dilluns a dissabte","hores":"de 10.00 h a 17.00 h"},{"periode":"De l\u00271 octubre al 31 octubre","dia":"Diumenge i festius","hores":"de 10.00 h a 16.00 h"}],"web":"https://forus.es/ca/centres-forus/barcelona/picornell/","email":""},"geometry":{"type":"Point","coordinates":[2.1506253005136693,41.36629012228984]}},{"type":"Feature","properties":{"nom":"Casal Cívic i Comunitari Barcelona - La Pau","adreca":"Carrer de Pere Vergés, 1","barri":"la Verneda i la Pau","districte":"Sant Martí","horari":[{"periode":"De setembre a juliol","dia":"De dilluns a divendres","hores":"de 09:00 h a 14:00 h i de 15:00 h a 21:00 h"},{"periode":"Agost","dia":"Tancat","hores":"Tancat"}],"web":"","email":"cc.barcelonalapau@gencat.cat"},"geometry":{"type":"Point","coordinates":[2.2089591791351286,41.422765655940438]}},{"type":"Feature","properties":{"nom":"Parc de la Trinitat","adreca":"Pg Santa Coloma, 60","barri":"Sant Andreu","districte":"Sant Andreu","horari":[{"periode":"Horari d’hivern: de l\u00271 de novembre al 31 de març","dia":"Cada dia","hores":"de 07.30 h a 19.00 h"},{"periode":"Horari d’estiu:de l\u00271 d\u0027abril al 31 d\u0027octubre","dia":"","hores":"de 07.30 h a 21.00 h"}],"web":"https://link.bcn.cat/cPdlt","email":""},"geometry":{"type":"Point","coordinates":[2.1956548753915466,41.449268825219306]}},{"type":"Feature","properties":{"nom":"Farmàcia León","adreca":"Carrer Gran de Sant Andreu, 91","barri":"Sant Andreu","districte":"Sant Andreu","horari":[{"periode":"","dia":"Cada dia","hores":"de 09.00 h a 21.30 h"}],"web":"https://www.farmaguia.net/desktop/","email":""},"geometry":{"type":"Point","coordinates":[2.1895777736199955,41.430293879511716]}},{"type":"Feature","properties":{"nom":"Casa Padellàs.  Museu d\u0027Història de Barcelona","adreca":"Carrer del Veguer, 2","barri":"el Barri Gòtic","districte":"Ciutat Vella","horari":[{"periode":"","dia":"Dimarts, dimecres, dijous, divendres i dissabte","hores":"de 10.00 h a 19.00 h"},{"periode":"","dia":"Diumenge excepte 1 gener, 1 maig, 24 juny i 25 desembre","hores":"de 10.00 h a 20.00 h"}],"web":"","email":"informaciomuseuhistoria@bcn.cat"},"geometry":{"type":"Point","coordinates":[2.1778263792249843,41.383920701709677]}},{"type":"Feature","properties":{"nom":"Associació Catalana de Recursos Assistencials","adreca":"Carrer de Calàbria, 236","barri":"la Nova Esquerra de l\u0027Eixample","districte":"Eixample","horari":[{"periode":"De setembre a juny","dia":"De dilluns a divendres","hores":"de 09.00 h a 17.00 h"},{"periode":"Juliol i agost","dia":"De dilluns a divendres","hores":"de 09.00 h a 14.00 h"}],"web":"","email":"acra@acra.cat"},"geometry":{"type":"Point","coordinates":[2.1466720506202792,41.386182173406532]}},{"type":"Feature","properties":{"nom":"Museu de Ciències Naturals de Barcelona","adreca":"Plaça de Leonardo da Vinci, 4","barri":"el Besòs i el Maresme","districte":"Sant Martí","horari":[{"periode":"De l\u00271 octubre al 28 febrer","dia":"Dimarts, dimecres, dijous i divendres","hores":"de 10.00 h a 17.00 h"},{"periode":"De l\u00271 octubre al 28 febrer","dia":"Dissabte","hores":"de 10:00 h a 19:00 h"},{"periode":"De l\u00271 octubre al 28 febrer","dia":"Diumenge i festiusTancat 25 de desembre i 1 de gener","hores":"de 10:00 h a 20:00 h"},{"periode":"de l\u00271 de març al 30 de setembre","dia":"De dimarts a dissabtes","hores":"de 10:00 h a 19:00 h"},{"periode":"de l\u00271 de març al 30 de setembre","dia":"Diumenge i festius Tancat 1 de maig i 24 de juny","hores":"de 10:00 h a 20:00 h"},{"periode":"de l\u00271 de març al 30 de setembre","dia":"La Nit dels Museus 2026:16 de maig","hores":"de 19.00 h a 01.00 h"}],"web":"","email":"museuciencies@bcn.cat"},"geometry":{"type":"Point","coordinates":[2.220499449653222,41.410811330820316]}},{"type":"Feature","properties":{"nom":"Piscina Coberta","adreca":"Carrer de Binèfar, 10","barri":"la Verneda i la Pau","districte":"Sant Martí","horari":[{"periode":"","dia":"De dilluns a divendres","hores":"de 07.00 h a 22.30 h"},{"periode":"","dia":"Dissabte","hores":"de 07.00 h a 19.30 h"},{"periode":"","dia":"Diumenge i festius","hores":"de 08.00 h a 15.30 h"}],"web":"https://www.asme.cat/cemlaverneda/","email":""},"geometry":{"type":"Point","coordinates":[2.2043634567182906,41.425140750292591]}},{"type":"Feature","properties":{"nom":"Piscina Coberta","adreca":"Pg Vall d\u0027Hebron, 171","barri":"Montbau","districte":"Horta-Guinardó","horari":[{"periode":"De setembre a juliol","dia":"De dilluns a divendres","hores":"de 07.00 h a 23.00 h"},{"periode":"De setembre a juliol","dia":"Dissabte","hores":"de 08.00 h a 20.00 h"},{"periode":"De setembre a juliol","dia":"Diumenge i festius","hores":"de 09.00 h a 13.00 h"},{"periode":"Agost","dia":"De dilluns a divendres","hores":"de 09.00 h a 20.00 h"},{"periode":"Agost","dia":"Dissabte","hores":"de 10.00 h a 14.00 h"}],"web":"","email":""},"geometry":{"type":"Point","coordinates":[2.1471581698317972,41.435755414096882]}},{"type":"Feature","properties":{"nom":"Centre Cívic Can Felipa","adreca":"Plaça de Josep Maria Huertas Claveria, 1","barri":"el Poblenou","districte":"Sant Martí","horari":[{"periode":"De l\u00271 setembre al 31 juliol","dia":"De dilluns a divendres","hores":"de 09.00 h a 14.00 h i de 16.00 h a 21.00 h"},{"periode":"De l\u00271 setembre al 31 juliol","dia":"Dissabte","hores":"de 10.00 h a 14.00 h i de 16.00 h a 19.00 h"},{"periode":"Estiu 2026De l\u00271 agost al 31 agost","dia":"De dilluns a divendres","hores":"de 10.00 h a 15.00 h"}],"web":"","email":"info@cccanfelipa.cat"},"geometry":{"type":"Point","coordinates":[2.20050971216533,41.403679758606962]}},{"type":"Feature","properties":{"nom":"Centres Cívics de la Marina – Pepita Casanellas","adreca":"Plaça de l\u0027Orgull, 1","barri":"la Marina de Port","districte":"Sants-Montjuïc","horari":[{"periode":"De l\u00271 setembre al 31 juliol","dia":"De dilluns a divendres excepte dijous 2 d\u0027abril","hores":"de 09.30 h a 14.00 h i de 16.00 h a 21.00 h"},{"periode":"De l\u00271 setembre al 31 juliol","dia":"Dijous 2 d\u0027abril","hores":"de 09.30 h a 14.00 h"},{"periode":"De l\u00271 setembre al 31 juliol","dia":"Dissabte Tancat 4 d\u0027abril","hores":"de 09.30 h a 14.00 h"},{"periode":"De l\u00271 agost al 31 agost","dia":"Tots els dies","hores":"Tancat"}],"web":"","email":"ccpepitacasanellas@cclamarina.cat"},"geometry":{"type":"Point","coordinates":[2.137936590838529,41.360815518790318]}},{"type":"Feature","properties":{"nom":"Centre Cívic La Sagrera La Barraca","adreca":"Carrer de Martí Molins, 29","barri":"la Sagrera","districte":"Sant Andreu","horari":[{"periode":"De l\u00271 setembre al 31 juliol","dia":"De dilluns a divendres","hores":"de 10:00 h a 14:30 h i de 16:00 h a 21:30 h"},{"periode":"De l\u00271 setembre al 31 juliol","dia":"Dissabte","hores":"de 10:00 h a 14:00 h i de 16:00 h a 20:00 h"},{"periode":"De l\u00271 agost al 31 agost","dia":"Cada dia","hores":"de 16.00 h a 20.00 h"}],"web":"","email":"direccio@cclasagrera.cat"},"geometry":{"type":"Point","coordinates":[2.1891508567064406,41.423974257025542]}},{"type":"Feature","properties":{"nom":"Centre Esportiu Municipal Júpiter","adreca":"C Agricultura, 232","barri":"Sant Martí de Provençals","districte":"Sant Martí","horari":[{"periode":"","dia":"De dilluns a divendres","hores":"de 07:00 h a 23:00 h"},{"periode":"","dia":"Dissabte","hores":"de 09:00 h a 20:00 h"},{"periode":"","dia":"Diumenge i festius","hores":"de 09:00 h a 15:00 h"}],"web":"","email":"info@jupitersport.cat"},"geometry":{"type":"Point","coordinates":[2.2020207794886266,41.417736426791933]}},{"type":"Feature","properties":{"nom":"Centre Esportiu Municipal del Carmel","adreca":"Carrer de Pedrell, 192","barri":"el Carmel","districte":"Horta-Guinardó","horari":[{"periode":"","dia":"De dilluns a divendres","hores":"de 07:00 h a 22:00 h"},{"periode":"","dia":"dissabtes i diumenges i festius","hores":"de 09:00 h a 14:30 h"}],"web":"","email":"horta@eurofitness.com"},"geometry":{"type":"Point","coordinates":[2.1585709599483969,41.423207633937132]}},{"type":"Feature","properties":{"nom":"Centre Cívic Josep Maria Trias i Peitx","adreca":"Riera Blanca, 1","barri":"la Maternitat i Sant Ramon","districte":"Les Corts","horari":[{"periode":"De l\u00271 setembre al 31 juliol","dia":"De dilluns a divendres","hores":"de 09.00 h a 22.00 h"},{"periode":"De l\u00271 setembre al 31 juliol","dia":"Dissabte","hores":"de 09.00 h a 14.00 h"},{"periode":"Estiu 2026:De l\u00271 agost al 31 agost","dia":"Tots els dies tancat","hores":"Tancat"}],"web":"","email":"info@ccjosepmtriasipeitx.cat"},"geometry":{"type":"Point","coordinates":[2.1217600571556323,41.377779238441946]}},{"type":"Feature","properties":{"nom":"Casal de Gent Gran Sant Cristòfol","adreca":"C Bronze, 5","barri":"la Marina de Port","districte":"Sants-Montjuïc","horari":[{"periode":"Del 3 setembre al 31 juliol","dia":"De dilluns a divendres","hores":"de 10:00 h a 13:00 h i de 16:00 h a 19:30 h"},{"periode":"Del 3 setembre al 31 juliol","dia":"Dissabte","hores":"de 16:30 h a 19:30 h"},{"periode":"De l\u00271 agost al 2 setembre","dia":"De dilluns a divendres","hores":"de 16.30 h a 19.30 h"}],"web":"","email":"apuigventos@esport3.org"},"geometry":{"type":"Point","coordinates":[2.1352119680510184,41.35803481074543]}},{"type":"Feature","properties":{"nom":"Farmàcia Gracia Franco","adreca":"Carrer d\u0027Amílcar, 7","barri":"Vilapicina i la Torre Llobeta","districte":"Nou Barris","horari":[],"web":"https://www.farmaguia.net/desktop/","email":""},"geometry":{"type":"Point","coordinates":[2.1720450638082758,41.429941334643637]}},{"type":"Feature","properties":{"nom":"Farmàcia Ibañez Gimeno","adreca":"Avinguda Diagonal, 319","barri":"la Dreta de l\u0027Eixample","districte":"Eixample","horari":[],"web":"https://www.farmaguia.net/desktop/","email":""},"geometry":{"type":"Point","coordinates":[2.1712971398482219,41.39925755697648]}},{"type":"Feature","properties":{"nom":"Mercat Fort Pienc","adreca":"Pl Fort Pienc, 3","barri":"el Fort Pienc","districte":"Eixample","horari":[{"periode":"De l\u00271 setembre al 30 juny","dia":"Dimarts, dimecres i dijous","hores":"de 08.00 h a 14.00 h"},{"periode":"De l\u00271 setembre al 30 juny","dia":"Divendres","hores":"de 08.00 h a 20.00 h"},{"periode":"De l\u00271 setembre al 30 juny","dia":"Dissabte","hores":"de 08.00 h a 15.00 h"},{"periode":"De l\u00271 juliol al 31 agost","dia":"Dimarts, dimecres, dijous, divendres i dissabte","hores":"de 08.00 h a 14.00 h"}],"web":"https://mercatdefortpienc.com/","email":""},"geometry":{"type":"Point","coordinates":[2.1825410896152229,41.395773571868318]}},{"type":"Feature","properties":{"nom":"Fisioterapia Soledad Pérez","adreca":"Rambla del Carmel, 6","barri":"el Carmel","districte":"Horta-Guinardó","horari":[{"periode":"","dia":"De dilluns a divendres","hores":"de 10.00 h a 20.00 h"}],"web":"","email":"soledadpt.fisio@gmail.com"},"geometry":{"type":"Point","coordinates":[2.1572608442026797,41.426943386056642]}},{"type":"Feature","properties":{"nom":"Casal Cívic i Comunitari Barcelona - Guineueta","adreca":"Carrer de la Guineueta, 19","barri":"la Guineueta","districte":"Nou Barris","horari":[{"periode":"De l\u00271 setembre al 31 juliol","dia":"De dilluns a divendres","hores":"de 09.00 h a 14.00 h i de 15.00 h a 21.00 h"},{"periode":"De l\u00271 setembre al 31 juliol","dia":"Diumenge","hores":"de 10.00 h a 13.30 h i de 15.30 h a 21.00 h"},{"periode":"De l\u00271 agost al 31 agost","dia":"Tots els dies tancat","hores":"Tancat"}],"web":"","email":"barcelonaguineueta.casal@gencat.cat"},"geometry":{"type":"Point","coordinates":[2.1665504640758444,41.440346147091532]}},{"type":"Feature","properties":{"nom":"Centre Comercial L\u0027Illa Diagonal","adreca":"Avinguda Diagonal, 545","barri":"les Corts","districte":"Les Corts","horari":[{"periode":"Horari d\u0027hivern: de l\u00271 d\u0027octubre al 31 de maig","dia":"De dilluns a dissabtes","hores":"de 09:30 h a 21:00 h"},{"periode":"Horari d\u0027estiu: de l\u00271 de juny al 30 de setembre","dia":"De dilluns a dissabtes","hores":"de 09.30 h a 21.30 h"},{"periode":"Horari d\u0027estiu: de l\u00271 de juny al 30 de setembre","dia":"Diumenge","hores":"de 12.00 h a 20.00 h"}],"web":"","email":"info@lilla.com"},"geometry":{"type":"Point","coordinates":[2.134919168957345,41.38979868797783]}},{"type":"Feature","properties":{"nom":"Biblioteca Collserola - Josep Miracle","adreca":"Carrer d\u0027Elisa Moragas i Badia, 16","barri":"Vallvidrera","districte":"05","horari":[{"periode":"Horari habitualal llarg de l\u0027any","dia":"Dilluns, dimecres, dijous i divendres","hores":"de 15.00 h a 20.00 h"},{"periode":"Horari habitualal llarg de l\u0027any","dia":"Dimarts excepte 23 juny","hores":"de 09.30 h a 13.30 h i de 15.00 h a 20.00 h"},{"periode":"Horari habitualal llarg de l\u0027any","dia":"Dimarts 23 de juny","hores":"de 09.30 h a 13.30 h"},{"periode":"Horari habitualal llarg de l\u0027any","dia":"Dissabte","hores":"de 10.00 h a 14.00 h"},{"periode":"Estiu 2026Del 24 juny al 31 juliol","dia":"Dilluns, dimecres, dijous i divendres","hores":"de 15.00 h a 20.00 h"},{"periode":"Estiu 2026Del 24 juny al 31 juliol","dia":"Dimarts","hores":"de 09.30 h a 13.30 h i de 15.00 h a 20.00 h"},{"periode":"De l\u00271 agost al 31 agost","dia":"Tots els dies","hores":"Tancada"},{"periode":"De l\u00271 setembre al 24 setembre","dia":"Dilluns, dimecres, dijous i divendres","hores":"de 15.00 h a 20.00 h"},{"periode":"De l\u00271 setembre al 24 setembre","dia":"Dimarts","hores":"de 09.30 h a 13.30 h i de 15.00 h a 20.00 h"}],"web":"","email":"b.barcelona.co@diba.cat"},"geometry":{"type":"Point","coordinates":[2.102546833751382,41.415389743140111]}},{"type":"Feature","properties":{"nom":"Farmàcia Santos","adreca":"Plaça de les Palmeres, 9","barri":"Sant Andreu","districte":"Sant Andreu","horari":[],"web":"https://www.farmaguia.net/desktop/","email":""},"geometry":{"type":"Point","coordinates":[2.1857433283978347,41.432787359650277]}},{"type":"Feature","properties":{"nom":"Piscina Coberta","adreca":"Carrer de la Diputació, 15","barri":"la Nova Esquerra de l\u0027Eixample","districte":"Eixample","horari":[{"periode":"","dia":"De dilluns a dijous","hores":"de 06.20 h a 22.30 h"},{"periode":"","dia":"Divendres","hores":"de 07.00 h a 22.30 h"},{"periode":"","dia":"Dissabte","hores":"de 08.00 h a 14.30 h i de 17.30 h a 21.00 h"},{"periode":"","dia":"Diumenge i festius","hores":"de 09.00 h a 15.30 h"}],"web":"","email":""},"geometry":{"type":"Point","coordinates":[2.1509827380561313,41.378455453695189]}},{"type":"Feature","properties":{"nom":"Casal de Gent Gran Bascònia","adreca":"Carrer de Bascònia, 42","barri":"Sant Andreu","districte":"Sant Andreu","horari":[{"periode":"De l\u00271 setembre al 31 juliol","dia":"De dilluns a divendres","hores":"de 09.30 h a 13.00 h i de 16.00 h a 19.30 h"},{"periode":"De l\u00271 setembre al 31 juliol","dia":"Dissabte i diumenge","hores":"de 10.00 h a 13.00 h i de 16.00 h a 19.30 h"},{"periode":"De l\u00271 agost al 31 agost","dia":"Cada dia","hores":"de 16.00 h a 20.00 h"}],"web":"","email":"casalbasconia@gmail.com"},"geometry":{"type":"Point","coordinates":[2.1870553596811515,41.436122208334389]}},{"type":"Feature","properties":{"nom":"Centre Informació","adreca":"Carretera de l\u0027Església, 92","barri":"Vallvidrera","districte":"05","horari":[{"periode":"","dia":"Tots els diesTancat 25 i 26 de desembre 1 i 6 de gener24 de juny","hores":"de 09.30 h a 14.30 h"}],"web":"","email":"ci@parccollserola.net"},"geometry":{"type":"Point","coordinates":[2.0995879296735516,41.420985861121352]}},{"type":"Feature","properties":{"nom":"Centre Cívic Cotxeres Borrell","adreca":"Carrer de Viladomat, 2","barri":"Sant Antoni","districte":"Eixample","horari":[{"periode":"De l\u00271 octubre al 30 juny","dia":"De dilluns a divendres","hores":"de 09.00 h a 21.00 h"},{"periode":"De l\u00271 octubre al 30 juny","dia":"Dissabte","hores":"de 10.00 h a 14.00 h"},{"periode":"Estiu 2026:De l\u00271 juliol al 31 juliol","dia":"De dilluns a divendres","hores":"de 09.00 h a 22.00 h"},{"periode":"De l\u00271 agost al 31 agost","dia":"Tots els dies","hores":"Tancat"},{"periode":"De l\u00271 setembre al 30 setembre","dia":"De dilluns a divendres","hores":"de 09.00 h a 22.00 h"}],"web":"","email":"informacio@cotxeresborrell.net"},"geometry":{"type":"Point","coordinates":[2.1629307624189775,41.375572245899313]}},{"type":"Feature","properties":{"nom":"Jardins Interior d\u0027Illa d\u0027Emma de Barcelona","adreca":"Carrer del Comte Borrell, 157","barri":"la Nova Esquerra de l\u0027Eixample","districte":"Eixample","horari":[{"periode":"de l\u00271 de novembre al 31 de març","dia":"Tots els dies","hores":"de 10:00 h a 19:00 h"},{"periode":"de l\u00271 d\u0027abril al 31 d\u0027octubre","dia":"Tots els dies","hores":"de 10:00 h a 21:00 h"}],"web":"","email":""},"geometry":{"type":"Point","coordinates":[2.15552474177204,41.382637473742562]}},{"type":"Feature","properties":{"nom":"Escola de Música Sant Gervasi","adreca":"Carrer de Folgueroles, 8","barri":"Sant Gervasi - la Bonanova","districte":"Sarrià-Sant Gervasi","horari":[{"periode":"De l\u00271 juny al 30 juny","dia":"De dilluns a dijous","hores":"d\u002711.30 h a 14.00 h i de 15.00 h a 20.30 h"},{"periode":"De l\u00271 juliol al 31 agost","dia":"Tots els dies","hores":"Tancat"},{"periode":"De l\u00271 setembre al 30 setembre","dia":"De dilluns a dijous","hores":"d\u002711.30 h a 14.00 h i de 15.00 h a 20.30 h"}],"web":"","email":"a8067260@xtec.cat"},"geometry":{"type":"Point","coordinates":[2.1353038743582764,41.408486556236035]}},{"type":"Feature","properties":{"nom":"Jardins de Joan Brossa","adreca":"Plaça de Dante, 9999","barri":"el Poble-sec","districte":"Sants-Montjuïc","horari":[{"periode":"Horari d\u0027hivernde l\u00271 de novembre al 31 de març","dia":"Cada dia","hores":"de 08.00 h a 19.00 h"},{"periode":"Horari d\u0027estiude l\u00271 d\u0027abril al 31 d\u0027octubre","dia":"","hores":"de 08.00 h a 21.00 h"}],"web":"https://link.bcn.cat/cEjdJB","email":""},"geometry":{"type":"Point","coordinates":[2.1650128504069532,41.368670921354713]}},{"type":"Feature","properties":{"nom":"Fundació Privada Foto Colectania","adreca":"Passeig de Picasso, 14","barri":"Sant Pere","districte":"01","horari":[{"periode":"De setembre a juliol","dia":"De dimecres a dissabteFestius tancats","hores":"d\u002711.00 h a 14.30 h i de 16.00 h a 20.00 h"},{"periode":"De setembre a juliol","dia":"DiumengeFestius tancat","hores":"d\u002711:00 h a 15:00 h"},{"periode":"De setembre a juliol","dia":"La Nit dels Museus 2026:16 de maig","hores":"de 19.00 h a 01.00 h"},{"periode":"Agost","dia":"De dimarts a dissabte","hores":"d\u002711.00 h a 14.30 h i de 16.00 h a 20.00 h"}],"web":"","email":"info@fotocolectania.org"},"geometry":{"type":"Point","coordinates":[2.1827243907529503,41.38764522911854]}},{"type":"Feature","properties":{"nom":"Centre Esportiu Municipal Piscina Sant Jordi","adreca":"Carrer de París, 114","barri":"la Nova Esquerra de l\u0027Eixample","districte":"Eixample","horari":[{"periode":"","dia":"De dilluns a divendres","hores":"de 07:00 h a 22:00 h"},{"periode":"","dia":"Dissabte","hores":"de 08:00 h a 20:00 h"},{"periode":"","dia":"Diumenges i festius excepte1 i 6 de gener,1 maig i25 i 26 de desembre","hores":"de 09:00 h a 14:00 h"}],"web":"","email":"psj@natacio.cat"},"geometry":{"type":"Point","coordinates":[2.1473525398016187,41.389062921910678]}},{"type":"Feature","properties":{"nom":"Piscines Municipals Montjuïc","adreca":"Avinguda de Miramar, 31","barri":"el Poble-sec","districte":"Sants-Montjuïc","horari":[{"periode":"Estiu 2026:Del 8 de juny al 6 de setembre","dia":"De dilluns a dijous","hores":"d\u002711.00 h a 19.00 h"},{"periode":"Estiu 2026:Del 8 de juny al 6 de setembre","dia":"Divendres, dissabte, diumenge i festius","hores":"d\u002711.00 h a 20.30 h"}],"web":"","email":"infopicornell@forus.es"},"geometry":{"type":"Point","coordinates":[2.1645931238558918,41.369058531889408]}},{"type":"Feature","properties":{"nom":"Jardins del Palau de Pedralbes","adreca":"Av Diagonal, 686","barri":"Pedralbes","districte":"Les Corts","horari":[{"periode":"de l\u00271 de novembre al 31 de març","dia":"Cada dia","hores":"de 10:00 h a 19:00 h"},{"periode":"de l\u00271 d\u0027abril al 31 d\u0027octubre","dia":"Cada dia","hores":"de 10.00 h a 20.00 h"}],"web":"https://link.bcn.cat/cEjdPdP","email":""},"geometry":{"type":"Point","coordinates":[2.1184352989192647,41.386549374348192]}},{"type":"Feature","properties":{"nom":"Piscina Descoberta","adreca":"Carrer dels Esports, 2","barri":"Sarrià","districte":"Sarrià-Sant Gervasi","horari":[{"periode":"Estiu 2026:Del 13 juny al 31 juliol","dia":"De dilluns a divendres","hores":"de 07.00 h a 22.00 h"},{"periode":"Estiu 2026:Del 13 juny al 31 juliol","dia":"Dissabte","hores":"de 08.00 h a 20.00 h"},{"periode":"Estiu 2026:Del 13 juny al 31 juliol","dia":"Diumenge i festius","hores":"de 09.00 h a 18.00 h"},{"periode":"De l\u00271 agost al 31 agost","dia":"De dilluns a divendres","hores":"de 08.00 h a 21.00 h"},{"periode":"De l\u00271 agost al 31 agost","dia":"Dissabte","hores":"de 08.00 h a 20.00 h"},{"periode":"De l\u00271 agost al 31 agost","dia":"Diumenge i festius","hores":"de 09.00 h a 18.00 h"},{"periode":"De l\u00271 setembre al 10 setembre","dia":"De dilluns a divendres","hores":"de 07.00 h a 22.00 h"},{"periode":"De l\u00271 setembre al 10 setembre","dia":"Dissabte","hores":"de 08.00 h a 20.00 h"},{"periode":"De l\u00271 setembre al 10 setembre","dia":"Diumenge i festius","hores":"de 09.00 h a 18.00 h"}],"web":"","email":"cancaralleu@cancaralleu.cat"},"geometry":{"type":"Point","coordinates":[2.1110929977178143,41.401560942215355]}},{"type":"Feature","properties":{"nom":"Biblioteca Canyelles - M. Àngels Rivas","adreca":"Ronda de la Guineueta Vella, 34","barri":"Canyelles","districte":"Nou Barris","horari":[{"periode":"Horari habitualal llarg de l\u0027any","dia":"Dilluns, dimecres, dijous i divendres","hores":"de 15.00 h a 20.00 h"},{"periode":"Horari habitualal llarg de l\u0027any","dia":"Dimarts excepte 23 juny","hores":"de 09.30 h a 13.30 h i de 15.00 h a 20.00 h"},{"periode":"Horari habitualal llarg de l\u0027any","dia":"Dimarts 23 de juny","hores":"de 09.30 h a 13.30 h"},{"periode":"Horari habitualal llarg de l\u0027any","dia":"Dissabte","hores":"de 10:00 h a 14:00 h"},{"periode":"Estiu 2026Del 24 juny al 31 de juliol","dia":"Dilluns, dimecres, dijous i divendres","hores":"de 15.00 h a 20.00 h"},{"periode":"Estiu 2026Del 24 juny al 31 de juliol","dia":"Dimarts","hores":"de 09.30 h a 13.30 h i de 15.00 h a 20.00 h"},{"periode":"De l\u00271 agost al 31 juliol","dia":"Tots els dies","hores":"Tancat"},{"periode":"De l\u00271 setembre al 24 setembre","dia":"Dilluns, dimecres, dijous i divendres","hores":"de 15.00 h a 20.00 h"},{"periode":"De l\u00271 setembre al 24 setembre","dia":"Dimarts","hores":"de 09.30 h a 13.30 h i de 15.00 h a 20.00 h"}],"web":"","email":"b.barcelona.c@diba.cat"},"geometry":{"type":"Point","coordinates":[2.1643398502586457,41.44380423947468]}},{"type":"Feature","properties":{"nom":"Interior d\u0027Illa Jardins de Maria Matilde Almendros","adreca":"Carrer de Calàbria, 90","barri":"Sant Antoni","districte":"Eixample","horari":[{"periode":"de l\u00271 de novembre al 31 de març","dia":"Tots els dies","hores":"de 10:00 h a 19:00 h"},{"periode":"de l\u00271 d\u0027abril al 31 d\u0027octubre","dia":"Tots els dies","hores":"de 10:00 h a 21:00 h"}],"web":"","email":""},"geometry":{"type":"Point","coordinates":[2.1560671072867783,41.379096608916171]}},{"type":"Feature","properties":{"nom":"Piscina Coberta","adreca":"Carrer de Sant Oleguer, 10","barri":"Sant Pere","districte":"01","horari":[{"periode":"","dia":"De dilluns a divendres","hores":"de 07.00 h a 22.00 h"},{"periode":"","dia":"Dissabte","hores":"de 09:00 h a 20:00 h"},{"periode":"","dia":"Diumenge i festius","hores":"de 09.00 h a 14.30 h"}],"web":"","email":"infocanricart@lleuresport.cat"},"geometry":{"type":"Point","coordinates":[2.1706183254169109,41.377025357932496]}},{"type":"Feature","properties":{"nom":"Casal de Gent Gran Parc Sandaru","adreca":"C Buenaventura Muñoz, 21","barri":"el Parc i la Llacuna del Poblenou","districte":"Sant Martí","horari":[{"periode":"de l\u00271 de setembre al 31 de juliol","dia":"De dilluns a divendres","hores":"de 09.30 h a 13.30 h i de 16.00 h a 19.00 h"},{"periode":"de l\u00271 d\u0027agost al 31 d\u0027agost","dia":"Tots els dies tancat","hores":"Tancat"}],"web":"","email":"casalgg.parcsandaru@bcn.cat"},"geometry":{"type":"Point","coordinates":[2.1847668215909439,41.391745709002443]}},{"type":"Feature","properties":{"nom":"Biblioteca Vapor Vell","adreca":"Passatge del Vapor Vell, 1","barri":"Sants","districte":"Sants-Montjuïc","horari":[{"periode":"Horari habitualal llarg de l\u0027any","dia":"Dilluns, dimecres i dijous","hores":"de 09.30 h a 13.30 h i de 15.30 h a 20.30 h"},{"periode":"Horari habitualal llarg de l\u0027any","dia":"Dimarts i divendresexcepte dimarts 23 de juny","hores":"de 09:30 h a 20:30 h"},{"periode":"Horari habitualal llarg de l\u0027any","dia":"Dissabte","hores":"de 10.00 h a 14.00 h i de 16.00 h a 20.00 h"},{"periode":"Estiu 2026Del 24 juny al 24 setembre","dia":"Dilluns, dimecres i dijous","hores":"de 09.30 h a 13.30 h i de 15.30 h a 20.30 h"},{"periode":"Estiu 2026Del 24 juny al 24 setembre","dia":"Dimarts i divendres","hores":"de 09:30 h a 20:30 h"},{"periode":"Estiu 2026Del 24 juny al 24 setembre","dia":"Dissabte","hores":"de 10.00 h a 14.00 h"}],"web":"","email":"b.barcelona.vv@diba.cat"},"geometry":{"type":"Point","coordinates":[2.134751788846474,41.376928596666531]}},{"type":"Feature","properties":{"nom":"Farmàcia Gómez Sancho","adreca":"Passeig de la Bonanova, 105","barri":"les Tres Torres","districte":"Sarrià-Sant Gervasi","horari":[{"periode":"","dia":"De dilluns a divendres","hores":"de 08.30 h a 21.00 h"},{"periode":"","dia":"Dissabte","hores":"de 09:00 h a 14:00 h"}],"web":"https://www.farmaguia.net/desktop/","email":""},"geometry":{"type":"Point","coordinates":[2.1239922545133889,41.401248871318465]}},{"type":"Feature","properties":{"nom":"Centre d\u0027Arts Santa Mònica","adreca":"Carrer la Rambla, 7","barri":"el Raval","districte":"Ciutat Vella","horari":[{"periode":"","dia":"De dimarts a diumenge i festius Excepte 24 i 31 de desembreTancat: 25 desembre, 26 desembre,1 gener, 6 gener i 1 maig","hores":"d\u002711.00 h a 20.30 h"},{"periode":"","dia":"24 desembre i 31 desembre","hores":"d\u002711.00 h a 17.00 h"},{"periode":"","dia":"La Nit dels Museus 2026:16 de maig","hores":"de 19.00 h a 01.00 h"}],"web":"","email":"santamonica@gencat.cat"},"geometry":{"type":"Point","coordinates":[2.1756149947369132,41.377258824735037]}},{"type":"Feature","properties":{"nom":"Jardins de Vil·la Amèlia","adreca":"Carrer d\u0027Eduardo Conde, 22","barri":"Sarrià","districte":"Sarrià-Sant Gervasi","horari":[{"periode":"","dia":"Cada dia","hores":"De 8.00 hores fins al capvespre"}],"web":"https://link.bcn.cat/cJdlVA","email":""},"geometry":{"type":"Point","coordinates":[2.1211872573336934,41.393906199676188]}},{"type":"Feature","properties":{"nom":"Centre Cívic Sant Martí","adreca":"Carrer de la Selva de Mar, 215","barri":"Sant Martí de Provençals","districte":"Sant Martí","horari":[{"periode":"De l\u00271 setembre al 31 juliol","dia":"De dilluns a divendres excepte 23 juny","hores":"de 09.00 h a 14.00 h i de 16.00 h a 22.00 h"},{"periode":"De l\u00271 setembre al 31 juliol","dia":"Dimarts 23 de juny","hores":"de 09.00 h a 14.00 h"},{"periode":"De l\u00271 setembre al 31 juliol","dia":"Dissabte Tancat 12 de setembre","hores":"de 10.00 h a 14.00 h"},{"periode":"Estiu 2026De l\u00271 agost al 31 agost","dia":"Tots els dies","hores":"Tancat"}],"web":"","email":"informacio@ccsantmarti.net"},"geometry":{"type":"Point","coordinates":[2.1985816544225689,41.416655216429973]}},{"type":"Feature","properties":{"nom":"Espai Jove Palau Alòs","adreca":"Carrer de Sant Pere Més Baix, 55","barri":"Sant Pere","districte":"01","horari":[{"periode":"De l\u00271 setembre al 31 juliol","dia":"Cada dia","hores":"de 09.00 h a 22.00 h"},{"periode":"De l\u00271 agost al 31 agost","dia":"Tots els dies tancat","hores":"Tancat"}],"web":"","email":"info@palaualos.cat"},"geometry":{"type":"Point","coordinates":[2.1785420120715022,41.388220707264992]}},{"type":"Feature","properties":{"nom":"Farmàcia Miravitlles Gultresa","adreca":"Carrer de Julián Besteiro, 3","barri":"Sant Martí de Provençals","districte":"Sant Martí","horari":[{"periode":"","dia":"De dilluns a dissabte","hores":"de 09.00 h a 21.00 h"}],"web":"https://www.farmaguia.net/desktop/","email":""},"geometry":{"type":"Point","coordinates":[2.19842795495577,41.415200200316967]}},{"type":"Feature","properties":{"nom":"Fabra i Coats - Fàbrica de Creació","adreca":"C Sant Adrià, 20","barri":"Sant Andreu","districte":"Sant Andreu","horari":[{"periode":"De setembre a juliol","dia":"De dilluns a divendres","hores":"de 09.00 h a 20.00 h"},{"periode":"De setembre a juliol","dia":"Dissabte","hores":"de 10.00 h a 21.00 h"},{"periode":"De setembre a juliol","dia":"Diumenge","hores":"d\u002711.00 h a 21.00 h"},{"periode":"Agost","dia":"De dilluns a divendres","hores":"de 09.00 h a 19.00 h"}],"web":"","email":"fabraicoats@bcn.cat"},"geometry":{"type":"Point","coordinates":[2.1908326284827284,41.433793974354174]}},{"type":"Feature","properties":{"nom":"Casal de Barri Espai Antoni Miró Peris","adreca":"Plaça de Carme Montoriol, 10","barri":"el Camp de l\u0027Arpa del Clot","districte":"Sant Martí","horari":[{"periode":"De setembre al juliol","dia":"De dilluns a divendres","hores":"de 10.00 h a 13.30 h i de 16.00 h a 20.00 h"},{"periode":"Agost","dia":"Tancat","hores":"."}],"web":"","email":"cbeamp@bcn.cat"},"geometry":{"type":"Point","coordinates":[2.1845340699894091,41.412853247451089]}},{"type":"Feature","properties":{"nom":"Centre Esportiu Municipal Les Corts","adreca":"Trav Corts, 252","barri":"les Corts","districte":"Les Corts","horari":[{"periode":"","dia":"De dilluns a divendres","hores":"de 06.30 h a 23.00 h"},{"periode":"","dia":"Dissabte","hores":"de 08.00 h a 20.00 h"},{"periode":"","dia":"Diumenge","hores":"de 09.00 h a 20.00 h"},{"periode":"","dia":"Festius","hores":"de 09.00 h a 15.00 h"}],"web":"","email":"infolescorts@forus.es"},"geometry":{"type":"Point","coordinates":[2.1335979261241165,41.385409579938923]}},{"type":"Feature","properties":{"nom":"Botiga Moda Collell","adreca":"Carrer del Tajo, 69","barri":"Horta","districte":"Horta-Guinardó","horari":[],"web":"https://barcelona.cat/refugisclimatics#i-com-es-un-microrefugi-climatic","email":""},"geometry":{"type":"Point","coordinates":[2.1603144029963812,41.429559230536249]}},{"type":"Feature","properties":{"nom":"Refugi Climàtic Vestíbul  planta -1","adreca":"Carrer de Montalegre, 5","barri":"el Raval","districte":"Ciutat Vella","horari":[{"periode":"Del 16 juny al 13 setembre","dia":"De dimarts a diumenge","hores":"de 10.00 h a 20.00 h"}],"web":"","email":"info@cccb.org"},"geometry":{"type":"Point","coordinates":[2.1668129104163323,41.38391450226559]}},{"type":"Feature","properties":{"nom":"Refugi Climàtic Espai Familiar planta 0","adreca":"Carrer de Montalegre, 5","barri":"el Raval","districte":"Ciutat Vella","horari":[{"periode":"Del 16 juny al 6 setembre","dia":"De dimarts a divendres","hores":"de 16.30 h a 19.30 h"},{"periode":"Del 16 juny al 6 setembre","dia":"Dissabte","hores":"d\u002711.00 h a 14.00 h i de 16.30 h a 19.30 h"}],"web":"","email":"info@cccb.org"},"geometry":{"type":"Point","coordinates":[2.1668129104163323,41.38391450226559]}},{"type":"Feature","properties":{"nom":"Casal de Barri Can Travi de la Vall d\u0027Hebron","adreca":"Av Cardenal Vidal Barraquer, 45","barri":"la Vall d\u0027Hebron","districte":"Horta-Guinardó","horari":[{"periode":"De setembre a juliol","dia":"De dilluns a divendres","hores":"de 10.00 h a 14.00 h i de 16.00 h a 21.00 h"},{"periode":"Agost","dia":"Tots els dies","hores":"Tancat"}],"web":"","email":"info@casalcantravi.cat"},"geometry":{"type":"Point","coordinates":[2.1514916527557846,41.432906243711827]}},{"type":"Feature","properties":{"nom":"Espai amb Jocs d\u0027Aigua de Canyelles","adreca":"Carrer de Miguel Hernández, 7","barri":"Canyelles","districte":"Nou Barris","horari":[{"periode":"Del 29 maig al 30 setembre","dia":"Tots els dies","hores":"de 10.00 h a 20.00 h"}],"web":"","email":""},"geometry":{"type":"Point","coordinates":[2.1626890607704716,41.442281268196638]}},{"type":"Feature","properties":{"nom":"Refugi Climàtic Pati d\u0027Escola","adreca":"Carrer de Guardiola i Feliu, 5","barri":"Sant Andreu","districte":"Sant Andreu","horari":[{"periode":"Juny","dia":"Diumenge7,14 i 21 de juny","hores":"d\u002711.00 h a 14.00 h"},{"periode":"Juny","dia":"Del 25 juny al 30 de juny","hores":"de 18.00 h a 21.00 h"},{"periode":"Juliol","dia":"Cada dia","hores":"de 18.00 h a 21.00 h"}],"web":"https://agora.xtec.cat/ietramuntana/","email":""},"geometry":{"type":"Point","coordinates":[2.1892644884862587,41.438829261659976]}},{"type":"Feature","properties":{"nom":"Piscina Coberta","adreca":"Carrer de la Costa Daurada, 12","barri":"el Bon Pastor","districte":"Sant Andreu","horari":[{"periode":"","dia":"De dilluns a divendres","hores":"de 07:00 h a 22:00 h"},{"periode":"","dia":"dissabtes i diumenges i festius","hores":"de 09:00 h a 14:00 h"}],"web":"","email":"aebonpastor@hotmail.com"},"geometry":{"type":"Point","coordinates":[2.2017282935278715,41.438183660420727]}},{"type":"Feature","properties":{"nom":"Biblioteca Gabriel García Márquez","adreca":"Plaça de Carmen Balcells Segalà, 1","barri":"Sant Martí de Provençals","districte":"Sant Martí","horari":[{"periode":"","dia":"Dilluns i dimecres","hores":"de 09.30 h a 13.30 h i de 15.30 h a 20.30 h"},{"periode":"","dia":"Dimarts, dijous i divendres excepte 23 de juny","hores":"de 09.30 h a 20.30 h"},{"periode":"","dia":"Dimarts 23 de juny","hores":"de 09.30 h a 13.30 h"},{"periode":"","dia":"Dissabte","hores":"de 10.00 h a 14.00 h i de 16.00 h a 20.00 h"},{"periode":"","dia":"Diumenge","hores":"de 10.00 h a 14.00 h"}],"web":"","email":"b.barcelona.ggm@diba.cat"},"geometry":{"type":"Point","coordinates":[2.200138583889526,41.417074550852682]}},{"type":"Feature","properties":{"nom":"Refugi climàtic","adreca":"Carrer de Santa Pau, 102","barri":"Porta","districte":"Nou Barris","horari":[{"periode":"","dia":"Diumenge","hores":"de 10.00 h a 14.00 h"}],"web":"","email":"unidabarcelona@eubcn.org"},"geometry":{"type":"Point","coordinates":[2.1791138556552081,41.431952103125937]}},{"type":"Feature","properties":{"nom":"Piscines Cobertes","adreca":"Carrer de Marmellà, 23","barri":"el Putxet i el Farró","districte":"Sarrià-Sant Gervasi","horari":[{"periode":"","dia":"De dilluns a divendres","hores":"de 07.00 h a 22.30 h"},{"periode":"","dia":"Dissabte","hores":"de 08.00 h a 20.00 h"},{"periode":"","dia":"Diumenge i festius","hores":"de 09.00 h a 14.30 h"}],"web":"","email":"info@putxetsport.cat"},"geometry":{"type":"Point","coordinates":[2.1412958877792829,41.409728038967877]}},{"type":"Feature","properties":{"nom":"Escola Kids \u0026 Us *Sant Andreu","adreca":"C Ignasi Iglésias, 85","barri":"Sant Andreu","districte":"Sant Andreu","horari":[{"periode":"","dia":"De dilluns a dijous","hores":"de 10.00 h a 14.00 h i de 16.00 h a 20.00 h"},{"periode":"","dia":"Divendres","hores":"de 10.00 h a 14.00 h i de 16.00 h a 19.00 h"}],"web":"","email":"santandreu@kidsandus.cat"},"geometry":{"type":"Point","coordinates":[2.1863748048154035,41.433789491374618]}},{"type":"Feature","properties":{"nom":"Restaurant La Comtal","adreca":"C Ajuntament, 9","barri":"Sant Andreu","districte":"Sant Andreu","horari":[{"periode":"","dia":"De dilluns a divendres","hores":"de 09.15 h a 15.30 h"},{"periode":"","dia":"Dissabte i diumenge","hores":"de 10.00 h a 15.00 h"}],"web":"","email":"lacomtal@lacomtal.com"},"geometry":{"type":"Point","coordinates":[2.1904743174945085,41.435663416183885]}},{"type":"Feature","properties":{"nom":"Botiga FNAC *La Rambla","adreca":"Carrer la Rambla, 131","barri":"el Raval","districte":"Ciutat Vella","horari":[{"periode":"","dia":"De dilluns a dissabte","hores":"de 09.30 h a 22.00 h"}],"web":"https://www.fnac.es/","email":""},"geometry":{"type":"Point","coordinates":[2.1699678873633848,41.385135614551167]}},{"type":"Feature","properties":{"nom":"Bibiblioteca Rector Gabriel Ferraté","adreca":"Jordi Girona, 1","barri":"Pedralbes","districte":"Les Corts","horari":[{"periode":"Horari al llarg de l\u0027any","dia":"De dilluns a divendres","hores":"de 09.00 h a 21.00 h"},{"periode":"Estiu 2026De 25 de juny al 10 juliol","dia":"De dilluns a divendres","hores":"de 09.00 h a 20.00 h"},{"periode":"Del 13 juliol al 31 juliol","dia":"De dilluns a divendres","hores":"de 09.00 h a 14.30 h"},{"periode":"De l\u00271 agost al 23 agost","dia":"Tors els dies","hores":"Tancada"},{"periode":"Del 24 agost al 13 setembre","dia":"De dilluns a divendres","hores":"de 09.00 h a 14.30 h"}],"web":"","email":"biblioteca.ferrate@upc.edu"},"geometry":{"type":"Point","coordinates":[2.1146704334958524,41.387901518962082]}},{"type":"Feature","properties":{"nom":"Biblioteca Nou Barris - Aurora Díaz Plaja","adreca":"Plaça Major de Nou Barris, 2","barri":"la Guineueta","districte":"Nou Barris","horari":[{"periode":"Horari habitualal llarg de l\u0027any","dia":"Dilluns i dimecres","hores":"de 09.30 h a 13.30 h i de 15.30 h a 20.30 h"},{"periode":"Horari habitualal llarg de l\u0027any","dia":"Dimarts, dijous i divendres","hores":"de 09.30 h a 20.30 h"},{"periode":"Horari habitualal llarg de l\u0027any","dia":"Dissabte","hores":"de 10.00 h a 14.00 h i de 16.00 h a 20.00 h"},{"periode":"Estiu 2026:Del 24 juny al 24 setembre","dia":"Dilluns i dimecres","hores":"de 09.30 h a 13.30 h i de 15.30 h a 20.30 h"},{"periode":"Estiu 2026:Del 24 juny al 24 setembre","dia":"Dimarts, dijous i divendres","hores":"de 09.30 h a 20.30 h"},{"periode":"Estiu 2026:Del 24 juny al 24 setembre","dia":"Dissabte","hores":"de 10.00 h a 14.00 h"}],"web":"","email":"b.barcelona.nb@diba.cat"},"geometry":{"type":"Point","coordinates":[2.1712296246319656,41.4368445525108]}},{"type":"Feature","properties":{"nom":"Espai amb Jocs d\u0027Aigua","adreca":"C Gran de Sant Andreu, 484","barri":"Sant Andreu","districte":"Sant Andreu","horari":[{"periode":"De juny a setembre","dia":"Tots els dies","hores":"de 10.00 h a 20.00 h"}],"web":"","email":""},"geometry":{"type":"Point","coordinates":[2.1886385620067679,41.444421063133845]}},{"type":"Feature","properties":{"nom":"Jardins de la Casa de les Aigües","adreca":"Carretera de Ribes, 103","barri":"la Trinitat Vella","districte":"Sant Andreu","horari":[],"web":"","email":""},"geometry":{"type":"Point","coordinates":[2.1897160488532585,41.45460452482002]}},{"type":"Feature","properties":{"nom":"Espai 3 Ulls","adreca":"Carrer de la Pedrosa, 16","barri":"la Trinitat Nova","districte":"Nou Barris","horari":[{"periode":"Del 14 setembre al 19 juny","dia":"De dilluns a divendres","hores":"de 16.30 h a 19.30 h"},{"periode":"Juliol","dia":"Dilluns i dijous","hores":"de 09.00 h a 14.00 h"},{"periode":"Juliol","dia":"Dimarts","hores":"de 17.00 h a 19.00 h"},{"periode":"Juliol","dia":"Dimecres","hores":"de 16.30 h a 19.00 h"},{"periode":"De l\u00271 agost al 31 agost","dia":"Dimarts","hores":"de 17.00 h a 19.00 h"}],"web":"","email":"ietrinitatnova@ietn.cat"},"geometry":{"type":"Point","coordinates":[2.184583502268608,41.4487332776949]}},{"type":"Feature","properties":{"nom":"Espai comunitari Torre Júlia","adreca":"Via Favència, 348","barri":"la Prosperitat","districte":"Nou Barris","horari":[{"periode":"","dia":"De dilluns a divendres","hores":"de 16.00 h a 20.30 h"},{"periode":"","dia":"Dissabte","hores":"de 10.00 h a 13.00 h"}],"web":"","email":""},"geometry":{"type":"Point","coordinates":[2.1809725946070917,41.445961543727158]}},{"type":"Feature","properties":{"nom":"Refugi Climàtic Pati d\u0027Escola","adreca":"Carrer del Llobregós, 17","barri":"la Font d\u0027en Fargues","districte":"Horta-Guinardó","horari":[{"periode":"Juny","dia":"Dissabte6,13 i 20 de juny","hores":"de 16.30 h a 20.30 h"},{"periode":"Juny","dia":"Del 25 juny al 30 de juny","hores":"de 18.00 h a 21.00 h"},{"periode":"Juliol","dia":"Cada dia","hores":"de 18.00 h a 21.00 h"}],"web":"https://agora.xtec.cat/ceipcancarabassa/","email":""},"geometry":{"type":"Point","coordinates":[2.1625966090286886,41.427299729097136]}},{"type":"Feature","properties":{"nom":"Refugi Climàtic Pati d\u0027Escola","adreca":"Carrer d\u0027Olot, 1","barri":"la Salut","districte":"Gràcia","horari":[{"periode":"Juny","dia":"Divendres5, 12 i 19 de juny","hores":"de 16.30 h a 19.30 h"},{"periode":"Juny","dia":"Del 25 juny al 30 de juny","hores":"de 18.00 h a 21.00 h"},{"periode":"Juliol","dia":"Cada dia","hores":"de 18.00 h a 21.00 h"}],"web":"","email":"escola@baldirireixac.cat"},"geometry":{"type":"Point","coordinates":[2.1531077718433731,41.41347710145407]}},{"type":"Feature","properties":{"nom":"Centre Cívic Casinet d\u0027Hostafrancs","adreca":"Carrer del Rector Triadó, 53","barri":"Hostafrancs","districte":"Sants-Montjuïc","horari":[{"periode":"De l\u00271 setembre al 31 juliol","dia":"De dilluns a divendres excepte dijous 2 d\u0027 abril","hores":"de 09.00 h a 14.30 h i de 16.00 h a 21.30 h"},{"periode":"De l\u00271 setembre al 31 juliol","dia":"Dijous 2 d\u0027abril","hores":"de 09.00 h a 14.30 h"},{"periode":"De l\u00271 setembre al 31 juliol","dia":"Dissabte Tancat 4 d\u0027abril","hores":"de 09.30 h a 14.30 h i de 16.30 h a 21.30 h"},{"periode":"Estiu 2025:De l\u00271 agost al 31 agost","dia":"Tots els dies tancat","hores":"Tancat"}],"web":"","email":"cotxeres-casinet@secretariat.cat"},"geometry":{"type":"Point","coordinates":[2.1432215181756806,41.377858074056711]}},{"type":"Feature","properties":{"nom":"Mercat d\u0027Hostafrancs","adreca":"Carrer de la Creu Coberta, 93","barri":"Hostafrancs","districte":"Sants-Montjuïc","horari":[{"periode":"","dia":"De dilluns a dijous, 23 juny, 10 setembre i 23 setembre","hores":"de 07.00 h a 14.30 h i de 17.00 h a 20.00 h"},{"periode":"","dia":"Divendres, 23 juny, 10 setembre i 23 setembre","hores":"de 07.00 h a 20.00 h"},{"periode":"","dia":"Dissabte","hores":"de 07.00 h a 15.00 h"}],"web":"http://www.barcelona.cat/mercats","email":""},"geometry":{"type":"Point","coordinates":[2.1438539433808379,41.375162344398333]}},{"type":"Feature","properties":{"nom":"Mercat de la Marina","adreca":"Passeig de la Zona Franca, 178","barri":"la Marina de Port","districte":"Sants-Montjuïc","horari":[{"periode":"De l\u00271 setembre al 31 juliol","dia":"Dilluns, dimecres i dijous","hores":"de 08:00 h a 14:00 h"},{"periode":"De l\u00271 setembre al 31 juliol","dia":"Dimarts","hores":"de 08:00 h a 14:00 h i de 17:00 h a 20:00 h"},{"periode":"De l\u00271 setembre al 31 juliol","dia":"Divendres","hores":"de 08:00 h a 20:00 h"},{"periode":"De l\u00271 setembre al 31 juliol","dia":"Dissabte","hores":"de 08.00 h a 14.30 h"},{"periode":"De l\u00271 agost al 31 agost","dia":"De dilluns a divendres","hores":"de 08.00 h a 14.00 h"},{"periode":"De l\u00271 agost al 31 agost","dia":"Dissabte","hores":"de 08.00 h a 14.30 h"}],"web":"https://mercatmarina.barcelona","email":""},"geometry":{"type":"Point","coordinates":[2.1391929530213143,41.360380259695837]}},{"type":"Feature","properties":{"nom":"Museu Picasso","adreca":"Carrer de Montcada, 15","barri":"Sant Pere","districte":"01","horari":[{"periode":"Del 29 setembre al 29 març","dia":"De dimarts a diumenge i festiusExcepte 24 desembre, 31 de desembreTancat 25 desembre, 1 gener","hores":"de 10.00 h a 19.00 h"},{"periode":"Del 29 setembre al 29 març","dia":"24 desembre i 31 desembre","hores":"de 10:00 h a 14:00 h"},{"periode":"Del 31 març al 27 setembre","dia":"Dimarts, dimecres i diumenge Tancat: 1 maig i 24 juny","hores":"de 09.00 h a 20.00 h"},{"periode":"Del 31 març al 27 setembre","dia":"Dijous, divendres i dissabte","hores":"de 09.00 h a 21.00 h"},{"periode":"Del 31 març al 27 setembre","dia":"La Nit dels Museus 2026:16 de maig","hores":"de 19.00 h a 01.00 h"}],"web":"","email":"museupicasso@bcn.cat"},"geometry":{"type":"Point","coordinates":[2.1808537952050049,41.385187649272225]}},{"type":"Feature","properties":{"nom":"Refugi Climàtic de la Biblioteca","adreca":"Carrer del Vesuvi, 35","barri":"la Prosperitat","districte":"Nou Barris","horari":[{"periode":"Juny i juliol","dia":"Dissabte","hores":"d\u002711.00 h a 14.00 h"}],"web":"","email":"a8039471@xtec.cat"},"geometry":{"type":"Point","coordinates":[2.1857245692364806,41.445868894480135]}},{"type":"Feature","properties":{"nom":"Centre d\u0027Atenció Primària Roger de Flor","adreca":"Carrer de Roger de Flor, 194","barri":"la Dreta de l\u0027Eixample","districte":"Eixample","horari":[{"periode":"","dia":"De dilluns a divendres","hores":"de 08:00 h a 20:00 h"},{"periode":"","dia":"dissabtes","hores":"de 09:00 h a 17:00 h"}],"web":"","email":"info@eapdretaeixample.com"},"geometry":{"type":"Point","coordinates":[2.1727275017570427,41.3988741870165]}},{"type":"Feature","properties":{"nom":"Parc de la Ciutadella","adreca":"Passeig de Picasso, 21","barri":"Sant Pere","districte":"01","horari":[{"periode":"","dia":"Tots els dies","hores":"De 07:00 h del matí fins al capvespre"}],"web":"https://link.bcn.cat/cPdlC","email":""},"geometry":{"type":"Point","coordinates":[2.1853817789707919,41.386336575446649]}},{"type":"Feature","properties":{"nom":"Jardins de Ramon Margalef i López","adreca":"Av Estadi, 42","barri":"el Poble-sec","districte":"Sants-Montjuïc","horari":[{"periode":"Horari d\u0027hivernde l\u00271 de novembre al 31 de març","dia":"Cada dia excepte 19 juliol","hores":"de 08.00 h a 19.00 h"},{"periode":"Horari d\u0027estiude l\u00271 d\u0027abril al 31 d\u0027octubre","dia":"","hores":"de 08.00 h a 21.00 h"}],"web":"https://link.bcn.cat/cJddM","email":""},"geometry":{"type":"Point","coordinates":[2.1529654736615242,41.366093518468638]}},{"type":"Feature","properties":{"nom":"Centre Esportiu Municipal Sardenya","adreca":"Carrer de Sardenya, 549","barri":"el Camp d\u0027en Grassot i Gràcia Nova","districte":"Gràcia","horari":[{"periode":"","dia":"De dilluns a divendres","hores":"de 07.00 h a 23.00 h"},{"periode":"","dia":"Dissabte","hores":"de 08.00 h a 20.00 h"},{"periode":"","dia":"Diumenge","hores":"de 09.00 h a 20.00 h"},{"periode":"","dia":"Festius","hores":"de 09.00 h a 15.00 h"}],"web":"","email":"infosardenya@forus.es"},"geometry":{"type":"Point","coordinates":[2.1622308992048866,41.412186847979868]}},{"type":"Feature","properties":{"nom":"Casal de Barri La Barraca del Carmel","adreca":"Carrer del Llobregós, 107","barri":"el Carmel","districte":"Horta-Guinardó","horari":[{"periode":"De setembre a juliol","dia":"De dilluns a divendres","hores":"de 09.00 h a 14.00 h i de 15.00 h a 21.30 h"},{"periode":"Agost","dia":"","hores":"de 17.00 h a 21.00 h"}],"web":"","email":"info@casalcarmel.cat"},"geometry":{"type":"Point","coordinates":[2.1573624062792431,41.424852657837064]}},{"type":"Feature","properties":{"nom":"Casal de Gent Gran Quatre Cantons","adreca":"Camí Antic de València, 116","barri":"el Poblenou","districte":"Sant Martí","horari":[{"periode":"de l\u00271 de setembre al 31 de juliol","dia":"De dilluns a divendres","hores":"de 09.30 h a 13.30 h i de 16.00 h a 19.00 h"},{"periode":"de l\u00271 d\u0027agost al 31 d\u0027agost","dia":"Tots els dies tancat","hores":"Tancat"}],"web":"","email":"casalgg.quatrecantons@bcn.cat"},"geometry":{"type":"Point","coordinates":[2.2039755474775142,41.406805750868969]}},{"type":"Feature","properties":{"nom":"Piscina Coberta","adreca":"Via de Bàrcino, 84","barri":"la Trinitat Vella","districte":"Sant Andreu","horari":[{"periode":"","dia":"De dilluns a divendres","hores":"de 07.00 h a 23.00 h"},{"periode":"","dia":"Dissabte","hores":"de 08.00 h a 20.00 h"},{"periode":"","dia":"Diumenge i festius","hores":"de 08.00 h a 14.30 h"}],"web":"","email":""},"geometry":{"type":"Point","coordinates":[2.193108007408489,41.451451785508411]}},{"type":"Feature","properties":{"nom":"Centre Cívic Baró de Viver","adreca":"Carrer de Quito, 8","barri":"Baró de Viver","districte":"Sant Andreu","horari":[{"periode":"","dia":"De dilluns a divendres","hores":"de 10.00 h a 14.30 h i de 16.00 h a 21.30 h"},{"periode":"","dia":"Dissabte","hores":"de 10.00 h a 14.00 h i de 16.00 h a 20.00 h"}],"web":"","email":"ccbaroviver@bcn.cat"},"geometry":{"type":"Point","coordinates":[2.200290194498161,41.4462918208594]}},{"type":"Feature","properties":{"nom":"Centre Cívic Sant Andreu","adreca":"Carrer Gran de Sant Andreu, 111","barri":"Sant Andreu","districte":"Sant Andreu","horari":[{"periode":"","dia":"De dilluns a divendres","hores":"de 09.30 h a 14.30 h i de 16.00 h a 21.30 h"},{"periode":"","dia":"Dissabte","hores":"de 10.00 h a 14.00 h i de 16.00 h a 20.00 h"}],"web":"","email":"infoccsa@bcn.cat"},"geometry":{"type":"Point","coordinates":[2.1894124386376466,41.430880183803538]}},{"type":"Feature","properties":{"nom":"Aula Ambiental de la Casa de l\u0027Aigua de Trinitat Nova","adreca":"C Garbí, 2","barri":"la Trinitat Nova","districte":"Nou Barris","horari":[{"periode":"De l\u00271 setembre al 31 juliol","dia":"Dimarts i dijous","hores":"de 09.00 h a 14.30 h i de 15.00 h a 19.00 h"},{"periode":"De l\u00271 setembre al 31 juliol","dia":"Divendres","hores":"de 09.00 h a 14.30 h"},{"periode":"De l\u00271 agost al 31 agost","dia":"Tots els dies tancat","hores":"Tancat"}],"web":"","email":"casadelaiguadt8@bcn.cat"},"geometry":{"type":"Point","coordinates":[2.188036804130217,41.452965452246147]}},{"type":"Feature","properties":{"nom":"Jardins de Massana","adreca":"Felip II, 216","barri":"el Congrés i els Indians","districte":"Sant Andreu","horari":[],"web":"","email":""},"geometry":{"type":"Point","coordinates":[2.1785261828350926,41.427041894338458]}},{"type":"Feature","properties":{"nom":"Mercat Santa Caterina","adreca":"Av Francesc Cambó, 16","barri":"Sant Pere","districte":"01","horari":[{"periode":"De l\u00271 setembre al 30 juny","dia":"Dilluns, dimecres i dissabte","hores":"de 07.30 h a 14.30 h"},{"periode":"De l\u00271 setembre al 30 juny","dia":"Dimarts, dijous i divendres","hores":"de 07.30 h a 20.30 h"},{"periode":"De l\u00271 juliol al 31 agost","dia":"Dilluns, dimarts, dimecres, dijous i dissabte","hores":"de 07.30 h a 14.30 h"},{"periode":"De l\u00271 juliol al 31 agost","dia":"Divendres","hores":"de 07.30 h a 20.30 h"}],"web":"https://mercatdesantacaterina.com/ca/","email":""},"geometry":{"type":"Point","coordinates":[2.1781771121189712,41.386394881644911]}},{"type":"Feature","properties":{"nom":"Casal de Gent Gran Baró de Viver","adreca":"Carrer de Quito, 8","barri":"Baró de Viver","districte":"Sant Andreu","horari":[{"periode":"De setembre a juny","dia":"De dilluns a divendres","hores":"de 09.30 h a 13.00 h i de 16.00 h a 19.30 h"},{"periode":"De setembre a juny","dia":"Dissabte i diumenge","hores":"de 10.00 h a 13.00 h i de 16.00 h a 19.30 h"},{"periode":"Juliol","dia":"Cada dia","hores":"de 10.00 h a 13.00 h i de 16.00 h a 19.30 h"},{"periode":"Agost","dia":"De dilluns a divendres","hores":"de 16.00 h a 20.00 h"},{"periode":"Agost","dia":"Dissabte","hores":"de 10.00 h a 13.15 h"},{"periode":"Agost","dia":"Diumenge","hores":"de 16.00 h a 20.00 h"}],"web":"","email":"cggbaroviver@gmail.com"},"geometry":{"type":"Point","coordinates":[2.200290194498161,41.4462918208594]}},{"type":"Feature","properties":{"nom":"Biblioteca L\u0027Esquerra de l\u0027Eixample - Agustí Centelles","adreca":"Carrer del Comte d\u0027Urgell, 145","barri":"la Nova Esquerra de l\u0027Eixample","districte":"Eixample","horari":[{"periode":"Horari habitualal llarg de l\u0027any","dia":"De dilluns a dijousexcepte dimarts 23 de juny","hores":"de 09.30 h a 13.30 h i de 15.30 h a 20.30 h"},{"periode":"Horari habitualal llarg de l\u0027any","dia":"Dimarts 23 de juny","hores":"de 09.30 h a 13.30 h"},{"periode":"Horari habitualal llarg de l\u0027any","dia":"Divendres","hores":"de 09:30 h a 20:30 h"},{"periode":"Horari habitualal llarg de l\u0027any","dia":"Dissabte","hores":"de 10.00 h a 14.00 h i de 16.00 h a 20.00 h"},{"periode":"Estiu 2026Del 24 juny al 24 setembre","dia":"De dilluns a dijous","hores":"de 09.30 h a 13.30 h i de 15.30 h a 20.30 h"},{"periode":"Estiu 2026Del 24 juny al 24 setembre","dia":"Divendres","hores":"de 09:30 h a 20:30 h"},{"periode":"Estiu 2026Del 24 juny al 24 setembre","dia":"Dissabte","hores":"de 10.00 h a 14.00 h"}],"web":"","email":"b.barcelona.ac@diba.cat"},"geometry":{"type":"Point","coordinates":[2.1520497123857281,41.386895351475268]}},{"type":"Feature","properties":{"nom":"Cooperativa Cultural Rocaguinarda SCCL","adreca":"Carrer del Xiprer, 13","barri":"el Guinardó","districte":"Horta-Guinardó","horari":[{"periode":"","dia":"Dilluns","hores":"de 17:00 h a 20:00 h"},{"periode":"","dia":"De dimarts a divendres","hores":"de 10:30 h a 13:30 h i de 17:00 h a 20:00 h"},{"periode":"","dia":"Dissabte","hores":"de 10:30 h a 13:30 h"}],"web":"","email":"coop@rocaguinarda.org"},"geometry":{"type":"Point","coordinates":[2.17834534774565,41.417167703991772]}},{"type":"Feature","properties":{"nom":"Biblioteca La Sagrera - Marina Clotet","adreca":"Carrer de Josep Soldevila, 9","barri":"la Sagrera","districte":"Sant Andreu","horari":[{"periode":"Horari habitualal llarg de l\u0027any","dia":"Dilluns","hores":"de 15.30 h a 20.00 h"},{"periode":"Horari habitualal llarg de l\u0027any","dia":"Dimarts, dimecres, dijous i divendresexcepte dimarts 23 de juny","hores":"de 09.30 h a 13.30 h i de 15.30 h a 20.00 h"},{"periode":"Horari habitualal llarg de l\u0027any","dia":"Dimarts 23 de juny","hores":"de 09.30 h a 13.30 h"},{"periode":"Horari habitualal llarg de l\u0027any","dia":"Dissabte","hores":"de 10.00 h a 14.00 h"},{"periode":"Estiu 2026Del 24 juny al 31 juliol","dia":"Dilluns","hores":"de 15.30 h a 20.00 h"},{"periode":"Estiu 2026Del 24 juny al 31 juliol","dia":"Dimarts, dimecres, dijous i divendres","hores":"de 09.30 h a 13.30 h i de 15.30 h a 20.00 h"},{"periode":"De l\u00271 agost al 31 agost","dia":"Tots els dies","hores":"Tancada"},{"periode":"De l\u00271 setembre al 24 setembre","dia":"Dilluns","hores":"de 15.30 h a 20.00 h"},{"periode":"De l\u00271 setembre al 24 setembre","dia":"Dimarts, dimecres, dijous i divendres","hores":"de 09.30 h a 13.30 h i de 15.30 h a 20.00 h"}],"web":"","email":"b.barcelona.mc@diba.cat"},"geometry":{"type":"Point","coordinates":[2.1937444280229448,41.425646108743635]}},{"type":"Feature","properties":{"nom":"Centre Cívic Convent de Sant Agustí","adreca":"Carrer del Comerç, 36","barri":"Sant Pere","districte":"01","horari":[{"periode":"De l\u00271 setembre al 31 juliol","dia":"De dilluns a divendres","hores":"de 09.00 h a 21.00 h"},{"periode":"De l\u00271 setembre al 31 juliol","dia":"Dissabte","hores":"de 09.30 h a 14.30 h i de 16.00 h a 20.00 h"},{"periode":"Estiu 2026:De l\u00271 agost al 31 agost","dia":"Tots els dies","hores":"Tancat"}],"web":"","email":"informacio@conventagusti.com"},"geometry":{"type":"Point","coordinates":[2.1817259675227909,41.387419224023382]}},{"type":"Feature","properties":{"nom":"Oficina Comercial","adreca":"Gran Via de les Corts Catalanes, 608","barri":"la Dreta de l\u0027Eixample","districte":"Eixample","horari":[{"periode":"","dia":"De dilluns a divendres","hores":"de 08.30 h a 15.30 h"}],"web":"https://www.endesa.com/","email":""},"geometry":{"type":"Point","coordinates":[2.1658990609507831,41.3873238298014]}},{"type":"Feature","properties":{"nom":"Farmàcia Paterna Paterna","adreca":"Carrer de Bernat Metge, 6","barri":"el Besòs i el Maresme","districte":"Sant Martí","horari":[],"web":"https://www.farmaguia.net/desktop/","email":""},"geometry":{"type":"Point","coordinates":[2.2104575421464712,41.418989199105795]}},{"type":"Feature","properties":{"nom":"Parc Esportiu de Can Dragó","adreca":"C Rosselló i Porcel, 7","barri":"Porta","districte":"Nou Barris","horari":[{"periode":"","dia":"Cada dia","hores":"Obert 24 hores"}],"web":"https://link.bcn.cat/cPdCD","email":""},"geometry":{"type":"Point","coordinates":[2.1831570057428848,41.436593069404815]}},{"type":"Feature","properties":{"nom":"Piscines Cobertes","adreca":"Carrer de Cartagena, 231","barri":"la Sagrada Família","districte":"Eixample","horari":[{"periode":"De setembre a juny","dia":"De dilluns a divendres","hores":"de 07.00 h a 23.00 h"},{"periode":"De setembre a juny","dia":"Dissabte","hores":"de 08.30 h a 20.30 h"},{"periode":"De setembre a juny","dia":"Diumenge i festius","hores":"de 09.00 h a 15.30 h"},{"periode":"Juliol","dia":"De dilluns a divendres","hores":"de 07.00 h a 23.00 h"},{"periode":"Juliol","dia":"Dissabte","hores":"de 08.30 h a 15.00 h ide 17.00 h a 20.30 h"},{"periode":"Juliol","dia":"Diumenge i festius","hores":"de 09.00 h a 15.30 h"},{"periode":"Agost","dia":"De dilluns a divendres","hores":"de 07.00 h a 23.00 h"},{"periode":"Agost","dia":"Dissabte","hores":"de 09.00 h a 15.00 h"}],"web":"","email":"cartagena@claror.cat"},"geometry":{"type":"Point","coordinates":[2.1793173120081009,41.407258494669684]}},{"type":"Feature","properties":{"nom":"Centre Esportiu Municipal Maresme","adreca":"Carrer de Pallars, 484","barri":"el Besòs i el Maresme","districte":"Sant Martí","horari":[{"periode":"","dia":"De dilluns a divendres excepte 24 desembre i 31 desembre","hores":"de 07.00 h a 23.00 h"},{"periode":"","dia":"24 desembre i 31 desembre","hores":"de 07.00 h a 15.00 h"},{"periode":"","dia":"Dissabte","hores":"de 09.00 h a 20.00 h"},{"periode":"","dia":"Diumenge i festius excepte 25 desembre i 1 gener","hores":"de 09.00 h a 15.00 h"}],"web":"","email":"info@cemmaresme.com"},"geometry":{"type":"Point","coordinates":[2.2145038552062188,41.41289174995191]}},{"type":"Feature","properties":{"nom":"CosmoCaixa Barcelona","adreca":"Carrer d\u0027Isaac Newton, 26","barri":"Sant Gervasi - la Bonanova","districte":"Sarrià-Sant Gervasi","horari":[{"periode":"","dia":"Cada dia i festius Excepte 24 i 31 de desembre i 5 de generTancat el 25 de desembre, 1 i 6 de gener","hores":"de 10:00 h a 20:00 h"},{"periode":"","dia":"24 i 31 de desembre i 5 de gener","hores":"de 10:00 h a 18:00 h"},{"periode":"","dia":"La Nit dels Museus 2026:16 de maig","hores":"de 19.00 h a 01.00 h"}],"web":"","email":"icosmocaixa@magmacultura.com"},"geometry":{"type":"Point","coordinates":[2.1306762762550275,41.413298272789049]}},{"type":"Feature","properties":{"nom":"Cotilleria Alfonsita y Boxer Club","adreca":"Passeig de Fabra i Puig, 223","barri":"Vilapicina i la Torre Llobeta","districte":"Nou Barris","horari":[],"web":"","email":""},"geometry":{"type":"Point","coordinates":[2.17538208314432,41.430207835096567]}},{"type":"Feature","properties":{"nom":"Jardins Interiors d\u0027Illa del Carlit","adreca":"Carrer de Roger de Flor, 146","barri":"la Dreta de l\u0027Eixample","districte":"Eixample","horari":[{"periode":"Horari d\u0027hivern:de l\u00271 de novembre al 31 de març","dia":"Cada dia","hores":"de 09.00 h a 19.00 h"},{"periode":"Horari d\u0027estiu:de l\u00271 d\u0027abril al 31 d\u0027octubre","dia":"","hores":"de 09.00 h a 21.00 h"}],"web":"","email":""},"geometry":{"type":"Point","coordinates":[2.1752703802550593,41.397306924895148]}},{"type":"Feature","properties":{"nom":"Casal de Gent Gran Les Roquetes","adreca":"Plaça dels Titellaires, 1","barri":"les Roquetes","districte":"Nou Barris","horari":[{"periode":"","dia":"De dilluns a divendres","hores":"de 09.30 h a 14.00 h i de 16.00 h a 20.00 h"}],"web":"","email":"inforoquetes@esport3.org"},"geometry":{"type":"Point","coordinates":[2.1746605213095069,41.446167856874666]}},{"type":"Feature","properties":{"nom":"Piscines Esportives Cobertes","adreca":"C Muntadas, 37","barri":"Hostafrancs","districte":"Sants-Montjuïc","horari":[{"periode":"","dia":"De dilluns a divendres","hores":"de 06:00 h a 23:00 h"},{"periode":"","dia":"Dissabte","hores":"de 08:00 h a 21:00 h"},{"periode":"","dia":"Diumenge i festius","hores":"de 08:00 h a 14:30 h"}],"web":"","email":"espanyaindustrial@atlesesports.cat"},"geometry":{"type":"Point","coordinates":[2.1423979683032139,41.376711463246032]}},{"type":"Feature","properties":{"nom":"Casal de Gent Gran Vilapicina i Torre Llobeta","adreca":"Plaça de Carmen Laforet, 11","barri":"Vilapicina i la Torre Llobeta","districte":"Nou Barris","horari":[{"periode":"","dia":"De dilluns a divendres","hores":"de 09.30 h a 14.00 h i de 16.00 h a 20.00 h"}],"web":"","email":"infovilapicina@esport3.org"},"geometry":{"type":"Point","coordinates":[2.1764696039707148,41.426916111888211]}},{"type":"Feature","properties":{"nom":"Farmàcia Estruch Garriga","adreca":"Rambla de Badal, 156","barri":"Sants","districte":"Sants-Montjuïc","horari":[],"web":"","email":"farmaciaestruch@hotmail.com"},"geometry":{"type":"Point","coordinates":[2.1314847141308348,41.373354920827921]}},{"type":"Feature","properties":{"nom":"Piscina Coberta","adreca":"la Rambla, 18","barri":"el Barri Gòtic","districte":"Ciutat Vella","horari":[{"periode":"","dia":"De dilluns a divendres","hores":"de 06.45 h a 22.00 h"},{"periode":"","dia":"Dissabte","hores":"de 09:00 h a 20:00 h"},{"periode":"","dia":"Diumenge i festius","hores":"de 09:00 h a 14:30 h"}],"web":"https://www.cemcolom.com/","email":""},"geometry":{"type":"Point","coordinates":[2.1762656824133142,41.378000077038344]}},{"type":"Feature","properties":{"nom":"Centre Esportiu Municipal Trinitat Vella","adreca":"Via de Bàrcino, 84","barri":"la Trinitat Vella","districte":"Sant Andreu","horari":[{"periode":"","dia":"De dilluns a divendres","hores":"de 07.00 h a 23.00 h"},{"periode":"","dia":"Dissabte","hores":"de 08.00 h a 20.00 h"},{"periode":"","dia":"Diumenge i festius","hores":"de 08.00 h a 14.30 h"}],"web":"","email":"cemtrinitatvella@asme.cat"},"geometry":{"type":"Point","coordinates":[2.193108007408489,41.451451785508411]}},{"type":"Feature","properties":{"nom":"Centre Cívic Navas","adreca":"Carrer de Las Navas de Tolosa, 312","barri":"Navas","districte":"Sant Andreu","horari":[{"periode":"De setembre a juliol","dia":"De dilluns a divendres excepte dimarts 23 de juny","hores":"de 09.30 h a 14.30 h i de 16.00 h a 21.30 h"},{"periode":"De setembre a juliol","dia":"Dimarts 23 de juny","hores":"de 09.30 h a 14.00 h"},{"periode":"De setembre a juliol","dia":"Dissabte","hores":"de 10:00 h a 14:00 h i de 16:00 h a 20:00 h"},{"periode":"Estiu 2026De l\u00271 agost al 31 agost","dia":"Tots els dies","hores":"Tancat"}],"web":"","email":"ccnavas@bcn.cat"},"geometry":{"type":"Point","coordinates":[2.1849315730205578,41.416939981582907]}},{"type":"Feature","properties":{"nom":"Farmàcia Jacas Mateu","adreca":"Carrer de València, 470","barri":"la Sagrada Família","districte":"Eixample","horari":[],"web":"","email":"info@farmajacas.cat"},"geometry":{"type":"Point","coordinates":[2.1778788407486664,41.403269499879507]}},{"type":"Feature","properties":{"nom":"Espai Jove La Bàscula","adreca":"Carrer del Foc, 128","barri":"la Marina de Port","districte":"Sants-Montjuïc","horari":[{"periode":"De setembre a juny","dia":"De dilluns a divendres","hores":"de 10.00 h a 14.00 h i de 16.00 h a 21.00 h"},{"periode":"De setembre a juny","dia":"Dissabte","hores":"de 10.00 h a 14.00 h"},{"periode":"Juliol","dia":"De dilluns a divendres","hores":"de 10.00 h a 14.00 h i de 16.00 h a 20.30 h"},{"periode":"Juliol","dia":"Dissabte","hores":"de 10.00 h a 14.00 h"},{"periode":"De l\u00271 agost al 13 setembre","dia":"Tots es dies","hores":"Tancat"}],"web":"","email":"info@labascula.cat"},"geometry":{"type":"Point","coordinates":[2.1440830327583908,41.358382603478887]}},{"type":"Feature","properties":{"nom":"Centre Cívic Zona Nord","adreca":"Carrer de Vallcivera, 14","barri":"Ciutat Meridiana","districte":"Nou Barris","horari":[{"periode":"de l\u00271 de setembre al 31 de juliol","dia":"De dilluns a divendres","hores":"de 09.00 h a 14.00 h i de 16.00 h a 21.00 h"},{"periode":"de l\u00271 de setembre al 31 de juliol","dia":"Dissabte","hores":"de 09.30 h a 14.00 h i de 16.30 h a 21.00 h"},{"periode":"De l\u00271 agost al 14 agost","dia":"De dilluns a divendres","hores":"de 09.00 h a 14.00 h"},{"periode":"Del 15 agost al 31 agost","dia":"Tots els dies tancat","hores":"Tancat"}],"web":"","email":"informacio@cczonanord.net"},"geometry":{"type":"Point","coordinates":[2.1783656547350856,41.460700567176232]}},{"type":"Feature","properties":{"nom":"Casal de Gent Gran de la Verneda Alta","adreca":"Carrer de Binèfar, 16","barri":"la Verneda i la Pau","districte":"Sant Martí","horari":[{"periode":"de l\u00271 de setembre al 31 de juliol","dia":"De dilluns a divendres","hores":"de 09.30 h a 13.30 h i de 16.00 h a 19.00 h"},{"periode":"de l\u00271 de setembre al 31 de juliol","dia":"Dissabte","hores":"de 09.30 h a 13.30 h"},{"periode":"de l\u00271 d\u0027agost al 31 d\u0027agost","dia":"De dilluns a divendres","hores":"de 10.00 h a 13.30 h"}],"web":"","email":"casalgg.vernedaalta@bcn.cat"},"geometry":{"type":"Point","coordinates":[2.204474971878569,41.4252594528991]}},{"type":"Feature","properties":{"nom":"Institut Català de la Salut","adreca":"Gran Via de les Corts Catalanes, 587","barri":"la Dreta de l\u0027Eixample","districte":"Eixample","horari":[{"periode":"De l\u00271 juny al 30 setembre","dia":"De dilluns a divendres excepte festius","hores":"de 09.00 h a 17.00 h"}],"web":"","email":"atencioalciutada.ics@gencat.cat"},"geometry":{"type":"Point","coordinates":[2.1656352906853154,41.387759396313179]}},{"type":"Feature","properties":{"nom":"Casal de Barri La Llacuna","adreca":"Carrer de Bolívia, 49","barri":"el Parc i la Llacuna del Poblenou","districte":"Sant Martí","horari":[{"periode":"De l\u00271 setembre al 31 juliol","dia":"De dilluns a divendres","hores":"de 10.00 h a 14.00 h i de 16.00 h a 20.00 h"},{"periode":"De l\u00271 agost al 31 agost","dia":"Tots els dies tancat","hores":"Tancat"}],"web":"","email":"cblallacuna@bcn.cat"},"geometry":{"type":"Point","coordinates":[2.190664231327776,41.40284739623899]}},{"type":"Feature","properties":{"nom":"Casal de Gent Gran Casa Nostra","adreca":"Carrer de la Maladeta, 38","barri":"Porta","districte":"Nou Barris","horari":[{"periode":"","dia":"De dilluns a divendres","hores":"de 09.30 h a 14.00 h i de 16.00 h a 20.00 h"}],"web":"","email":"infocasanostra@esport3.org"},"geometry":{"type":"Point","coordinates":[2.1761433938558596,41.432751537134976]}},{"type":"Feature","properties":{"nom":"Jardí del Passeig Santa Madrona","adreca":"Passeig de Santa Madrona, 2","barri":"el Poble-sec","districte":"Sants-Montjuïc","horari":[],"web":"","email":""},"geometry":{"type":"Point","coordinates":[2.1584710272605152,41.367532064097162]}},{"type":"Feature","properties":{"nom":"Piscines Cobertes","adreca":"Carrer de Sardenya, 333","barri":"el Camp d\u0027en Grassot i Gràcia Nova","districte":"Gràcia","horari":[{"periode":"De l\u00271 setembre al 30 juny","dia":"De dilluns a divendres","hores":"de 07.00 h a 23.00 h"},{"periode":"De l\u00271 setembre al 30 juny","dia":"Dissabte","hores":"de 08.30 h a 20.30 h"},{"periode":"De l\u00271 setembre al 30 juny","dia":"Diumenge i festius","hores":"de 09.00 h a 15.30 h"},{"periode":"De l\u00271 juliol al 31 juliol","dia":"De dilluns a divendres","hores":"de 07.00 h a 23.00 h"},{"periode":"De l\u00271 juliol al 31 juliol","dia":"Dissabte","hores":"de 08.30 h a 15.00 h i de 17.00 h a 20.30 h"},{"periode":"De l\u00271 juliol al 31 juliol","dia":"Diumenge","hores":"de 09.00 h a 15.30 h"},{"periode":"De l\u00271 agost al 31 agost","dia":"De dilluns a divendres","hores":"de 07.00 h a 23.00 h"},{"periode":"De l\u00271 agost al 31 agost","dia":"Dissabte","hores":"de 09.00 h a 15.00 h"}],"web":"","email":"esportiuclaror@claror.cat"},"geometry":{"type":"Point","coordinates":[2.1715268511443679,41.40461843293717]}},{"type":"Feature","properties":{"nom":"Cafeteria","adreca":"Carrer del Cister, 34","barri":"Sant Gervasi - la Bonanova","districte":"Sarrià-Sant Gervasi","horari":[],"web":"https://www.blanquerna.edu/ca/facultat-de-psicologia-ciencies-de-leducacio-i-de-lesport","email":""},"geometry":{"type":"Point","coordinates":[2.1333279293214424,41.41191420929642]}},{"type":"Feature","properties":{"nom":"Centre de Serveis Socials Maternitat-Sant Ramon","adreca":"Travessera de les Corts, 122","barri":"la Maternitat i Sant Ramon","districte":"Les Corts","horari":[{"periode":"De l\u00271 octubre al 23 desembre","dia":"Dilluns, dimarts, dimecres i divendres","hores":"de 09.00 h a 13.30 h"},{"periode":"De l\u00271 octubre al 23 desembre","dia":"Dijous","hores":"de 15.00 h a 18.30 h"},{"periode":"Del 24 desembre al 6 gener","dia":"De dilluns a divendres Tancat 24 de desembre i 31 de desembre","hores":"de 09.00 h a 13.30 h"},{"periode":"Del 7 gener al 30 abril","dia":"Dilluns, dimarts, dimecres i divendres","hores":"de 09.00 h a 13.30 h"},{"periode":"Del 7 gener al 30 abril","dia":"Dijous","hores":"de 15.00 h a 18.30 h"},{"periode":"De l\u00271 maig al 30 juny","dia":"Dilluns, dimarts, dimecres i divendres","hores":"de 09.00 h a 13.30 h"},{"periode":"De l\u00271 maig al 30 juny","dia":"Dijous","hores":"de 15.00 h a 18.00 h"},{"periode":"De l\u00271 juliol al 31 agost","dia":"De dilluns a divendres","hores":"de 09.00 h a 13.30 h"},{"periode":"De l\u00271 setembre al 30 setembre","dia":"Dilluns, dimarts, dimecres i divendres","hores":"de 09.00 h a 13.30 h"},{"periode":"De l\u00271 setembre al 30 setembre","dia":"Dijous","hores":"de 15.00 h a 18.00 h"}],"web":"","email":""},"geometry":{"type":"Point","coordinates":[2.1260142603721954,41.379963007510533]}},{"type":"Feature","properties":{"nom":"Casal de Barri Torre de la Sagrera","adreca":"Carrer de Berenguer de Palou, 64","barri":"la Sagrera","districte":"Sant Andreu","horari":[{"periode":"Del 25 setembre al 23 juny","dia":"De dilluns a dissabtes","hores":"de 09.30 h a 14.00 h i de 16.00 h a 21.00 h"},{"periode":"Del 24 juny al 31 juliol","dia":"De dilluns a divendres","hores":"de 16.30 h a 21.00 h"},{"periode":"De l\u00271 agost al 31 agost","dia":"Tots els dies tancat","hores":"Tancat"},{"periode":"De l\u00271 setembre al 24 setembre","dia":"De dilluns a divendres","hores":"de 09.30 h a 14.00 h i de 16.00 h a 21.00 h"}],"web":"","email":"info@torrelasagrera.cat"},"geometry":{"type":"Point","coordinates":[2.1919319086681814,41.423706669533154]}},{"type":"Feature","properties":{"nom":"Museu Terra. Sala Barcelona","adreca":"Carrer de Pere IV, 141","barri":"el Parc i la Llacuna del Poblenou","districte":"Sant Martí","horari":[{"periode":"Fins al juny","dia":"De dimarts a divendres","hores":"d\u002711.00 h a 14.00 h i de 16.00 h a 19.00 h"},{"periode":"Fins al juny","dia":"Dissabte","hores":"de 10.00 h a 14.00 h"},{"periode":"Fins al juny","dia":"La Nit dels Museus 2026: 16 de maig","hores":"de 19.00 h a 01.00 h"},{"periode":"De juny fins al setembre","dia":"Tots els dies","hores":"Tancat per preparació pròxima exposició"}],"web":"","email":"sala.bcn@museuterra.cat"},"geometry":{"type":"Point","coordinates":[2.1967621622254865,41.40181518339201]}},{"type":"Feature","properties":{"nom":"Museu Reial Monestir de Santa Maria de Pedralbes","adreca":"Baixada del Monestir, 9","barri":"Pedralbes","districte":"Les Corts","horari":[{"periode":"De l\u00271 octubre al 31 març","dia":"Dimarts a divendres","hores":"de 10.00 h a 14.00 h"},{"periode":"De l\u00271 octubre al 31 març","dia":"Dissabte i diumenge","hores":"de 10.00 h a 17.00 h"},{"periode":"De l\u00271 octubre al 31 març","dia":"Festius Tancat 25 desembre i 1 gener","hores":"de 10:00 h a 14:00 h"},{"periode":"De l\u00271 abril al 30 setembre","dia":"Dimarts a divendres","hores":"de 10.00 h a 17.00 h"},{"periode":"De l\u00271 abril al 30 setembre","dia":"Dissabte","hores":"de 10.00 h a 19.00 h"},{"periode":"De l\u00271 abril al 30 setembre","dia":"Diumenge","hores":"de 10.00 h a 20.00 h"},{"periode":"De l\u00271 abril al 30 setembre","dia":"Festius Tancat Divendres Sant, 1 maig i 24 juny","hores":"de 10:00 h a 14:00 h"},{"periode":"De l\u00271 abril al 30 setembre","dia":"La Nit dels Museus 2026:16 de maig","hores":"de 19.00 h a 01.00 h"}],"web":"","email":"monestirpedralbes@bcn.cat"},"geometry":{"type":"Point","coordinates":[2.1120750845469178,41.395605165759946]}},{"type":"Feature","properties":{"nom":"Centre Cultural Albareda","adreca":"Carrer d\u0027Albareda, 22","barri":"el Poble-sec","districte":"Sants-Montjuïc","horari":[{"periode":"De l\u00271 setembre al 31 juliol","dia":"De dilluns a divendres excepte 2 d\u0027abril","hores":"de 09.00 h a 14.00 h i de 16.00 h a 22.00 h"},{"periode":"De l\u00271 setembre al 31 juliol","dia":"Dijous 2 d\u0027abril","hores":"de 09.00 h a 14.00 h"},{"periode":"De l\u00271 setembre al 31 juliol","dia":"Dissabte Tancat 4 d\u0027abril","hores":"de 09.00 h a 15.00 h"},{"periode":"Estiu 2026De l\u00271 agost al 31 agost","dia":"Tots els dies","hores":"Tancat"}],"web":"","email":"ccalbareda@ccalbareda.cat"},"geometry":{"type":"Point","coordinates":[2.1732617379790393,41.374005626997096]}},{"type":"Feature","properties":{"nom":"Jardins Constança d\u0027Aragó","adreca":"Carrer de Roger de Flor, 194","barri":"la Dreta de l\u0027Eixample","districte":"Eixample","horari":[{"periode":"Horari d’hivern:de l\u00271 de novembre al 31 de març","dia":"Cada dia","hores":"de 09.30 h a 19.00 h"},{"periode":"Horari d’estiu:de l\u00271 d\u0027abril al 31 d\u0027octubre","dia":"","hores":"de 09.30 h a 21.00 h"}],"web":"","email":""},"geometry":{"type":"Point","coordinates":[2.1727451258852688,41.39889739448143]}},{"type":"Feature","properties":{"nom":"Centre Esportiu Municipal Claror","adreca":"C Sardenya, 333","barri":"el Camp d\u0027en Grassot i Gràcia Nova","districte":"Gràcia","horari":[{"periode":"De l\u00271 setembre al 30 juny","dia":"De dilluns a divendres","hores":"de 07.00 h a 23.00 h"},{"periode":"De l\u00271 setembre al 30 juny","dia":"Dissabte","hores":"de 08.30 h a 20.30 h"},{"periode":"De l\u00271 setembre al 30 juny","dia":"Diumenge i festius","hores":"de 09.00 h a 15.30 h"},{"periode":"De l\u00271 juliol al 31 juliol","dia":"De dilluns a divendres","hores":"de 07.00 h a 23.00 h"},{"periode":"De l\u00271 juliol al 31 juliol","dia":"Dissabte","hores":"de 08.30 h a 15.00 h i de 17.00 h a 20.30 h"},{"periode":"De l\u00271 juliol al 31 juliol","dia":"Diumenge","hores":"de 09.00 h a 15.30 h"},{"periode":"De l\u00271 agost al 31 agost","dia":"De dilluns a divendres","hores":"de 07.00 h a 23.00 h"},{"periode":"De l\u00271 agost al 31 agost","dia":"Dissabte","hores":"de 09.00 h a 15.00 h"}],"web":"","email":"esportiuclaror@claror.cat"},"geometry":{"type":"Point","coordinates":[2.1715290067400095,41.404652795196284]}},{"type":"Feature","properties":{"nom":"Refugi Climàtic Pati d\u0027Escola Bressol","adreca":"C Mossèn Josep Bundó, 6","barri":"la Font d\u0027en Fargues","districte":"Horta-Guinardó","horari":[{"periode":"Juny i juliol","dia":"Dissabte","hores":"de 10.30 h a 13.00 h"}],"web":"","email":"ebmcargol@bcn.cat"},"geometry":{"type":"Point","coordinates":[2.1671727696722431,41.427081935011756]}},{"type":"Feature","properties":{"nom":"Refugi climàtic","adreca":"Plaça del Nord, 7","barri":"la Vila de Gràcia","districte":"Gràcia","horari":[{"periode":"De l\u00271 setembre al 30 juny","dia":"De dilluns a dijous","hores":"de 09.00 h a 23.45 h"},{"periode":"De l\u00271 setembre al 30 juny","dia":"Divendres i Dissabte","hores":"de 09.00 h a 00.45 h"},{"periode":"De l\u00271 setembre al 30 juny","dia":"Diumenge","hores":"de 09.00 h a 21.30 h"},{"periode":"De l\u00271 juliol al 31 juliol","dia":"De dilluns a dijous","hores":"de 09.00 h a 23.45 h"},{"periode":"De l\u00271 juliol al 31 juliol","dia":"Divendres i Dissabte","hores":"de 09.00 h a 00.45 h"},{"periode":"De l\u00271 agost al 31 agost","dia":"Tots els dies tancat","hores":"Tancat"},{"periode":"De l\u00271 setembre al 30 setembre","dia":"De dilluns a dijous","hores":"de 09.00 h a 23.45 h"},{"periode":"De l\u00271 setembre al 30 setembre","dia":"Divendres i Dissabte","hores":"de 09.00 h a 00.45 h"},{"periode":"De l\u00271 setembre al 30 setembre","dia":"Diumenge","hores":"de 09.00 h a 21.30 h"}],"web":"","email":""},"geometry":{"type":"Point","coordinates":[2.1554535333458538,41.407209318938072]}},{"type":"Feature","properties":{"nom":"Refugi Climàtic","adreca":"Carrer d\u0027Entença, 198","barri":"la Nova Esquerra de l\u0027Eixample","districte":"Eixample","horari":[{"periode":"De l\u00271 juny al 30 juny","dia":"De dilluns a divendres","hores":"de 07.30 h a 21.00 h"},{"periode":"De l\u00271 juny al 30 juny","dia":"Dissabte","hores":"de 10.00 h a 21.00 h"},{"periode":"De l\u00271 juny al 30 juny","dia":"Diumenge","hores":"de 10.00 h a 14.00 h i de 19.00 h a 21.00 h"},{"periode":"De l\u00271 juliol a l\u002711 setembre","dia":"De dilluns a dissabte","hores":"de 10.00 h a 21.00 h"},{"periode":"De l\u00271 juliol a l\u002711 setembre","dia":"Diumenge","hores":"de 10.00 h a 14.00 h i de 19.00 h a 21.00 h"},{"periode":"Del 12 setembre al 30 setembre","dia":"De dilluns a divendres","hores":"de 07.30 h a 21.00 h"},{"periode":"Del 12 setembre al 30 setembre","dia":"Dissabte","hores":"de 10.00 h a 21.00 h"},{"periode":"Del 12 setembre al 30 setembre","dia":"Diumenge","hores":"de 10.00 h a 14.00 h i de 19.00 h a 21.00 h"}],"web":"","email":"mariamitjancera12@arqbcn.cat"},"geometry":{"type":"Point","coordinates":[2.14357760084419,41.385072278873388]}},{"type":"Feature","properties":{"nom":"Fundació Privada Avismón Catalunya","adreca":"Carrer dels Jocs Florals, 59","barri":"Sants","districte":"Sants-Montjuïc","horari":[{"periode":"","dia":"De dilluns a dijous","hores":"de 09.00 h a 18.30 h"},{"periode":"","dia":"Divendres","hores":"de 09.00 h a 17.00 h"}],"web":"","email":"info@avismon.org"},"geometry":{"type":"Point","coordinates":[2.1349191690799216,41.373514768891461]}},{"type":"Feature","properties":{"nom":"Espai Ajardinat Via Trajana *Refugi Climàtic","adreca":"Carrer de Santander, 58","barri":"la Verneda i la Pau","districte":"Sant Martí","horari":[],"web":"","email":""},"geometry":{"type":"Point","coordinates":[2.2037138558445131,41.428961192289457]}},{"type":"Feature","properties":{"nom":"Centre d\u0027Urgències i Emergències Socials de Barcelona","adreca":"C Llacuna, 25","barri":"el Poblenou","districte":"Sant Martí","horari":[{"periode":"","dia":"Tots els dies","hores":"de 00:00 h a 24:00 h"}],"web":"https://ajuntament.barcelona.cat/serveissocials/ca/canal/urgencies-i-emergencies-socials","email":""},"geometry":{"type":"Point","coordinates":[2.2013356678161968,41.399185366080964]}},{"type":"Feature","properties":{"nom":"Parc de les Tretze Roses","adreca":"Carrer de Pontils, 15","barri":"la Marina del Prat Vermell","districte":"Sants-Montjuïc","horari":[],"web":"","email":""},"geometry":{"type":"Point","coordinates":[2.1416730073529306,41.351628742955796]}},{"type":"Feature","properties":{"nom":"Centre Cultural La Casa Elizalde","adreca":"Carrer de València, 302","barri":"la Dreta de l\u0027Eixample","districte":"Eixample","horari":[{"periode":"De setembre a juliol","dia":"De dilluns a divendres excepte divendres 31 de juliol","hores":"de 09.00 h a 22.00 h"},{"periode":"De setembre a juliol","dia":"Divendres 31 de juliol","hores":"de 09.00 h a 14.00 h"},{"periode":"De setembre a juliol","dia":"Dissabte","hores":"de 09.00 h a 14.00 h"},{"periode":"Estiu 2026De l\u00271 agost al 31 agost","dia":"Tots els dies","hores":"Tancat"}],"web":"","email":"casaelizalde@casaelizalde.com"},"geometry":{"type":"Point","coordinates":[2.1659008838990181,41.394518975814755]}},{"type":"Feature","properties":{"nom":"Mercat Lesseps","adreca":"Carrer de Verdi, 200","barri":"la Salut","districte":"Gràcia","horari":[{"periode":"De l\u00271 setembre al 31 juliol","dia":"Dilluns, dimecres i dijous","hores":"de 08.00 h a 14.00 h"},{"periode":"De l\u00271 setembre al 31 juliol","dia":"Dimarts","hores":"de 08.00 h a 14.00 h i de 17.00 h a 20.00 h"},{"periode":"De l\u00271 setembre al 31 juliol","dia":"Divendres","hores":"de 08.00 h a 20.00 h"},{"periode":"De l\u00271 setembre al 31 juliol","dia":"Dissabte","hores":"de 07.30 h a 15.00 h"},{"periode":"De l\u00271 agost al 31 agost","dia":"De dilluns a dissabte","hores":"de 08.00 h a 14.00 h"}],"web":"http://www.mercatdelesseps.cat","email":""},"geometry":{"type":"Point","coordinates":[2.1520583716061497,41.409132373232119]}},{"type":"Feature","properties":{"nom":"Piscina Descoberta","adreca":"Carrer d\u0027Ana María Matute Ausejo, 25","barri":"la Salut","districte":"Gràcia","horari":[{"periode":"Estiu 2026:Del 16 maig al 15 octubre","dia":"De dilluns a dissabte","hores":"de 08.00 h a 21.00 h"},{"periode":"Estiu 2026:Del 16 maig al 15 octubre","dia":"Diumenge i festius","hores":"de 08.00 h a 15.30 h"}],"web":"","email":"cnc@cncatalunya.cat"},"geometry":{"type":"Point","coordinates":[2.1581717417338337,41.415382668167865]}},{"type":"Feature","properties":{"nom":"Centre Esportiu Municipal Can Toda","adreca":"Carrer d\u0027Ana María Matute Ausejo, 25","barri":"la Salut","districte":"Gràcia","horari":[{"periode":"de l\u00271 d\u0027octubre al 31 de maig","dia":"De dilluns a divendres","hores":"de 07:00 h a 23:00 h"},{"periode":"de l\u00271 d\u0027octubre al 31 de maig","dia":"dissabtes","hores":"de 07.15 h a 21.30 h"},{"periode":"de l\u00271 d\u0027octubre al 31 de maig","dia":"diumenges i festius","hores":"de 07.15 h a 15.00 h"},{"periode":"de l\u00271 de juny al 30 de setembre","dia":"De dilluns a divendres","hores":"de 07:00 h a 23:00 h"},{"periode":"de l\u00271 de juny al 30 de setembre","dia":"dissabtes","hores":"de 07.15 h a 21.30 h"},{"periode":"de l\u00271 de juny al 30 de setembre","dia":"Diumenge i festius","hores":"de 07.15 h a 16.00 h"}],"web":"","email":"cnc@cncatalunya.cat"},"geometry":{"type":"Point","coordinates":[2.1581717417338337,41.415382668167865]}},{"type":"Feature","properties":{"nom":"Centre Cívic Joan Oliver - Pere Quart","adreca":"Carrer del Comandant Benítez, 6","barri":"la Maternitat i Sant Ramon","districte":"Les Corts","horari":[{"periode":"De l\u00271 setembre al 31 juliol","dia":"De dilluns a dissabte","hores":"de 09.00 h a 22.00 h"},{"periode":"De l\u00271 setembre al 31 juliol","dia":"Diumenge","hores":"de 10.00 h a 14.00 h"},{"periode":"Estiu 2026De l\u00271 agost al 31 agost","dia":"Tots els dies","hores":"Tancat"}],"web":"","email":"informacio@ccperequart.cat"},"geometry":{"type":"Point","coordinates":[2.127776128826079,41.379331805401037]}},{"type":"Feature","properties":{"nom":"Biblioteca Les Roquetes – Rafa Juncadella","adreca":"Via Favència, 288","barri":"les Roquetes","districte":"Nou Barris","horari":[{"periode":"Horari habitualal llarg de l\u0027any","dia":"Dilluns i dimarts excepte dimarts 23 juny","hores":"de 15.30 h a 20.00 h"},{"periode":"Horari habitualal llarg de l\u0027any","dia":"Dimarts 23 de juny","hores":"de 09.30 h a 13.30 h"},{"periode":"Horari habitualal llarg de l\u0027any","dia":"Dimecres, dijous i divendres","hores":"de 09.30 h a 13.30 h i de 15.30 h a 20.00 h"},{"periode":"Horari habitualal llarg de l\u0027any","dia":"Dissabte","hores":"de 10.00 h a 14.00 h"},{"periode":"Estiu 2026Del 24 juny al 24 setembre","dia":"Dilluns i dimarts","hores":"de 15.30 h a 20.00 h"},{"periode":"Estiu 2026Del 24 juny al 24 setembre","dia":"Dimecres, dijous i divendres","hores":"de 09.30 h a 13.30 h i de 15.30 h a 20.00 h"}],"web":"","email":"b.barcelona.lr@diba.cat"},"geometry":{"type":"Point","coordinates":[2.1771207332794797,41.44540260061121]}},{"type":"Feature","properties":{"nom":"Oficina de Turisme de Catalunya a Barcelona - Palau de Mar","adreca":"Plaça de Pau Vila, 1","barri":"la Barceloneta","districte":"Ciutat Vella","horari":[{"periode":"","dia":"De dilluns a dissabtes Excepte 24 de desembre 31 de desembre 5 de gener","hores":"de 09.00 h a 19.30 h"},{"periode":"","dia":"24 de desembre 31 de desembre 5 de gener","hores":"de 09:00 h a 14:30 h"},{"periode":"","dia":"Diumenges i festiusTancat 25 de desembre 26 de desembre 1 de gener 6 de gener","hores":"de 09:00 h a 14:30 h"}],"web":"","email":"ot.barcelona@gencat.cat"},"geometry":{"type":"Point","coordinates":[2.1857648458687309,41.381107743096379]}},{"type":"Feature","properties":{"nom":"Casal Cívic i Comunitari Barcelona - La Barceloneta","adreca":"Carrer del Baluard, 28","barri":"la Barceloneta","districte":"Ciutat Vella","horari":[{"periode":"de l\u00271 de setembre al 31 de juliol","dia":"De dilluns a divendres","hores":"de 09:00 h a 21:00 h"},{"periode":"de l\u00271 de setembre al 31 de juliol","dia":"diumenges","hores":"de 10.00 h a 21.00 h"},{"periode":"de l\u00271 d\u0027agost al 31 d\u0027agost","dia":"Tots els dies","hores":"Tancat"}],"web":"","email":"cc.barcelonabarceloneta@gencat.cat"},"geometry":{"type":"Point","coordinates":[2.1885523096849182,41.380445057622765]}},{"type":"Feature","properties":{"nom":"Piscina Coberta","adreca":"Carrer de Nàpols, 42","barri":"el Fort Pienc","districte":"Eixample","horari":[{"periode":"","dia":"De dilluns a divendres","hores":"de 07:00 h a 22:45 h"},{"periode":"","dia":"Dissabte","hores":"de 08:00 h a 19:45 h"},{"periode":"","dia":"Diumenge i festius","hores":"de 09:00 h a 14:45 h"}],"web":"https://eurofitness.com/centres/eurofitness-estacio-del-nord-cem-estacio-del-nord/","email":""},"geometry":{"type":"Point","coordinates":[2.1824125001011443,41.393038511536488]}},{"type":"Feature","properties":{"nom":"Jardins Interior d\u0027Illa de Clotilde Cerdà","adreca":"Carrer de la Marina, 197","barri":"el Fort Pienc","districte":"Eixample","horari":[{"periode":"Horari d’hivern:de l\u00271 de novembre al 31 de març","dia":"Cada dia","hores":"de 09.30 h a 19.00 h"},{"periode":"Horari d’estiu:de l\u00271 d\u0027abril al 31 d\u0027octubre","dia":"","hores":"de 09.30 h a 21.00 h"}],"web":"","email":""},"geometry":{"type":"Point","coordinates":[2.178975150453768,41.4005493193399]}},{"type":"Feature","properties":{"nom":"Mercat Vall d\u0027Hebron -Taxonera","adreca":"Pg Vall d\u0027Hebron, 130","barri":"la Teixonera","districte":"Horta-Guinardó","horari":[{"periode":"De l\u00271 setembre al 31 juliol","dia":"Dilluns, dimarts, dimecres, dijous i dissabte","hores":"de 07.30 h a 14.00 h"},{"periode":"De l\u00271 setembre al 31 juliol","dia":"Divendres","hores":"de 08.00 h a 20.00 h"},{"periode":"De l\u00271 agost al 31 agost","dia":"De dilluns a dissabte","hores":"de 07.30 h a 14.00 h"}],"web":"http://www.barcelona.cat/mercats","email":""},"geometry":{"type":"Point","coordinates":[2.1424522802483739,41.42406217314219]}},{"type":"Feature","properties":{"nom":"Jardins de la Maternitat","adreca":"Trav Corts, 159","barri":"la Maternitat i Sant Ramon","districte":"Les Corts","horari":[{"periode":"Tot l\u0027any","dia":"De dilluns a divendres","hores":"de 07:00 h a 22:00 h"},{"periode":"D\u0027octubre a març","dia":"dissabtes","hores":"de 07:00 h a 18:00 h"},{"periode":"D\u0027octubre a març","dia":"diumenges","hores":"de 10:00 h a 18:00 h"},{"periode":"Abril","dia":"dissabtes","hores":"de 07:00 h a 20:00 h"},{"periode":"Abril","dia":"diumenges","hores":"de 10:00 h a 20:00 h"},{"periode":"De maig a agost","dia":"dissabtes","hores":"de 07:00 h a 21:00 h"},{"periode":"De maig a agost","dia":"diumenges","hores":"de 10:00 h a 21:00 h"},{"periode":"Setembre","dia":"dissabtes","hores":"de 07:00 h a 20:00 h"},{"periode":"Setembre","dia":"diumenges","hores":"de 10:00 h a 20:00 h"}],"web":"https://link.bcn.cat/cJdlM","email":""},"geometry":{"type":"Point","coordinates":[2.1262516820863993,41.381323760046712]}},{"type":"Feature","properties":{"nom":"Mercat Bon Pastor","adreca":"Carrer de Sant Adrià, 154","barri":"el Bon Pastor","districte":"Sant Andreu","horari":[{"periode":"De l\u00271 setembre al 30 juny","dia":"Dilluns, dimarts i dimecres","hores":"de 08.30 h a 14.00 h"},{"periode":"De l\u00271 setembre al 30 juny","dia":"Dijous i divendres","hores":"de 08.30 h a 14.00 h i de 17.00 h a 20.00 h"},{"periode":"De l\u00271 setembre al 30 juny","dia":"Dissabte","hores":"de 08.30 h a 15.00 h"},{"periode":"De l\u00271 juliol al 31 agost","dia":"De dilluns a divendres","hores":"de 08.30 h a 14.00 h"},{"periode":"De l\u00271 juliol al 31 agost","dia":"Dissabte","hores":"de 08.30 h a 15.00 h"}],"web":"https://mercatbonpastor.barcelona","email":""},"geometry":{"type":"Point","coordinates":[2.20615534901313,41.435982403477773]}},{"type":"Feature","properties":{"nom":"Biblioteca El Fort Pienc – Ana María Moix","adreca":"Plaça de Fort Pienc, 4","barri":"el Fort Pienc","districte":"Eixample","horari":[{"periode":"Horari habitualal llarg de l\u0027any","dia":"Dilluns i Dimecres","hores":"de 15.30 h a 20.00 h"},{"periode":"Horari habitualal llarg de l\u0027any","dia":"Dimarts i dijousexcepte dimarts 23 juny","hores":"de 09.30 h a 13.30 h i de 15.30 h a 20.00 h"},{"periode":"Horari habitualal llarg de l\u0027any","dia":"Dimarts 23 de juny","hores":"de 09.30 h a 13.30 h"},{"periode":"Horari habitualal llarg de l\u0027any","dia":"Divendres","hores":"de 09.30 h a 20.00 h"},{"periode":"Horari habitualal llarg de l\u0027any","dia":"Dissabte","hores":"de 10.00 h a 14.00 h"},{"periode":"Estiu 2026Del 24 juny al 31 juliol","dia":"Dilluns i Dimecres","hores":"de 15.30 h a 20.00 h"},{"periode":"Estiu 2026Del 24 juny al 31 juliol","dia":"Dimarts i dijous","hores":"de 09.30 h a 13.30 h i de 15.30 h a 20.00 h"},{"periode":"Estiu 2026Del 24 juny al 31 juliol","dia":"Divendres","hores":"de 09.30 h a 20.00 h"},{"periode":"De l\u00271 agost al 31 agost","dia":"Tots els dies","hores":"Tancada"},{"periode":"De l\u00271 setembre al 24 setembre","dia":"Dilluns i Dimecres","hores":"de 15.30 h a 20.00 h"},{"periode":"De l\u00271 setembre al 24 setembre","dia":"Dimarts i dijous","hores":"de 09.30 h a 13.30 h i de 15.30 h a 20.00 h"},{"periode":"De l\u00271 setembre al 24 setembre","dia":"Divendres","hores":"de 09.30 h a 20.00 h"}],"web":"","email":"b.barcelona.fp@diba.cat"},"geometry":{"type":"Point","coordinates":[2.1824650580105489,41.395586587207269]}},{"type":"Feature","properties":{"nom":"Casal Cívic i Comunitari Barcelona - Prosperitat","adreca":"Carrer de Pablo Iglesias, 8","barri":"la Prosperitat","districte":"Nou Barris","horari":[{"periode":"De l\u00271 setembre al 31 juliol","dia":"De dilluns a divendres","hores":"de 09.00 h a 21.00 h"},{"periode":"De l\u00271 setembre al 31 juliol","dia":"Dissabte","hores":"de 10.00 h a 15.00 h"},{"periode":"De l\u00271 setembre al 31 juliol","dia":"Diumenge","hores":"de 15.00 h a 21.00 h"},{"periode":"De l\u00271 agost al 31 agost","dia":"Tots els dies tancat","hores":"Tancat"}],"web":"","email":"barcelonaprosperitat.casal@gencat.cat"},"geometry":{"type":"Point","coordinates":[2.1808393206118284,41.442353138618458]}},{"type":"Feature","properties":{"nom":"Piscines Cobertes","adreca":"Rambla de Guipúscoa, 23","barri":"Sant Martí de Provençals","districte":"Sant Martí","horari":[{"periode":"","dia":"De dilluns a divendres","hores":"de 06:30 h a 23:30 h"},{"periode":"","dia":"dissabtes","hores":"de 08:00 h a 21:00 h"},{"periode":"","dia":"diumenges i festius","hores":"de 09:00 h a 20:00 h"}],"web":"","email":"info@bacderodasport.com"},"geometry":{"type":"Point","coordinates":[2.1940695265677541,41.414350023455754]}},{"type":"Feature","properties":{"nom":"Centre Esportiu Municipal Can Dragó","adreca":"Carrer de Rosselló i Porcel, 7","barri":"Porta","districte":"Nou Barris","horari":[{"periode":"","dia":"De dilluns a divendres","hores":"de 07:00 h a 22:45 h"},{"periode":"","dia":"Dissabte","hores":"de 09:00 h a 20:45 h"},{"periode":"","dia":"Diumenge i festius","hores":"de 09:00 h a 13:45 h"}],"web":"","email":"atencioclients.candrago@eurofitness.com"},"geometry":{"type":"Point","coordinates":[2.1831235131796087,41.436570125051027]}},{"type":"Feature","properties":{"nom":"Parc del Poblenou","adreca":"Av Litoral, 59","barri":"el Poblenou","districte":"Sant Martí","horari":[],"web":"https://link.bcn.cat/cPdP","email":""},"geometry":{"type":"Point","coordinates":[2.2074706041840959,41.397279718190724]}},{"type":"Feature","properties":{"nom":"Centre Esportiu Municipal Piscines Bernat Picornell","adreca":"Av Estadi, 30","barri":"el Poble-sec","districte":"Sants-Montjuïc","horari":[{"periode":"De l\u00271 octubre al 30 juny","dia":"De dilluns a divendres","hores":"de 06.45 h a 00.00 h"},{"periode":"De l\u00271 octubre al 30 juny","dia":"Dissabte","hores":"de 07.00 h a 21.00 h"},{"periode":"De l\u00271 octubre al 30 juny","dia":"Diumenge i festius","hores":"de 07.30 h a 16.00 h"},{"periode":"De l\u00271 juliol al 30 setembre","dia":"De dilluns a divendres","hores":"de 06.45 h a 00.00 h"},{"periode":"De l\u00271 juliol al 30 setembre","dia":"Dissabte","hores":"de 07.00 h a 21.00 h"},{"periode":"De l\u00271 juliol al 30 setembre","dia":"Diumenge i festius","hores":"de 07.30 h a 19.00 h"}],"web":"","email":"infopicornell@forus.es"},"geometry":{"type":"Point","coordinates":[2.1507934502236252,41.366329232067038]}},{"type":"Feature","properties":{"nom":"Centre Comercial Maremàgnum","adreca":"Moll Espanya, 5","barri":"el Barri Gòtic","districte":"Ciutat Vella","horari":[{"periode":"","dia":"Tots els dies i festius excepte 1 de gener 6 de gener","hores":"de 10.00 h a 22.00 h"},{"periode":"","dia":"1 de gener 6 de gener","hores":"de 12:00 h a 22:00 h"}],"web":"","email":"maremagnum@maremagnum.es"},"geometry":{"type":"Point","coordinates":[2.1832313335687172,41.375761895354458]}},{"type":"Feature","properties":{"nom":"Jardins Laribal","adreca":"Pg Santa Madrona, 2","barri":"el Poble-sec","districte":"Sants-Montjuïc","horari":[{"periode":"Horari d\u0027hivernde l\u00271 de novembre al 31 de març","dia":"Cada dia","hores":"de 08.00 h a 19.00 h"},{"periode":"Horari d\u0027estiude l\u00271 d\u0027abril al 31 d\u0027octubre","dia":"","hores":"de 08.00 h a 21.00 h"}],"web":"https://link.bcn.cat/cEjdL","email":""},"geometry":{"type":"Point","coordinates":[2.1584828755312149,41.36812384413011]}},{"type":"Feature","properties":{"nom":"Jardins Interior d\u0027Illa de Montserrat Roig","adreca":"Carrer del Rosselló, 488","barri":"la Sagrada Família","districte":"Eixample","horari":[{"periode":"Horari d\u0027hivernde l\u00271 de novembre al 31 de març","dia":"Cada dia","hores":"de 08.30 h a 19.00 h"},{"periode":"Horari d\u0027estiude l\u00271 d\u0027abril al 31 d\u0027octubre","dia":"","hores":"de 08.30 h a 21.00 h"}],"web":"","email":""},"geometry":{"type":"Point","coordinates":[2.1784382400833882,41.408841841064813]}},{"type":"Feature","properties":{"nom":"Centre Cívic Matas i Ramis","adreca":"Carrer de Feliu i Codina, 20","barri":"Horta","districte":"Horta-Guinardó","horari":[{"periode":"De l\u00271 setembre al 31 juliol","dia":"De dilluns a divendres","hores":"de 08.30 h a 22.00 h"},{"periode":"De l\u00271 setembre al 31 juliol","dia":"DissabteTancat 18 i 25 de juliol","hores":"de 09.00 h a 14.00 h"},{"periode":"Agost","dia":"Tots els dies","hores":"Tancat"}],"web":"","email":"matasiramis@matasiramis.cat"},"geometry":{"type":"Point","coordinates":[2.1607235020385991,41.432789639468247]}},{"type":"Feature","properties":{"nom":"Sala Polivalent de Montbau","adreca":"Carrer de Domènech i Montaner, 3","barri":"Montbau","districte":"Horta-Guinardó","horari":[{"periode":"De setembre a juliol","dia":"Dilluns, dimecres, dijous i divendres","hores":"de 16.00 h a 20.00 h"},{"periode":"De setembre a juliol","dia":"Dimarts","hores":"de 10.00 h a 14.00 h i de 16.00 h a 20.00 h"},{"periode":"Agost","dia":"De dilluns a divendres","hores":"de 17.00 h a 20.00 h"}],"web":"","email":"salapolivalent@bcn.cat"},"geometry":{"type":"Point","coordinates":[2.1425126809884421,41.429597327073388]}},{"type":"Feature","properties":{"nom":"La Lleialtat Santsenca","adreca":"Carrer d\u0027Olzinelles, 31","barri":"Sants","districte":"Sants-Montjuïc","horari":[{"periode":"De l\u00271 setembre al 31 juliol","dia":"De dilluns a divendres excepte festius","hores":"de 10.00 h a 21.00 h"},{"periode":"De l\u00271 setembre al 31 juliol","dia":"Dissabte excepte festius","hores":"de 10.00 h a 14.00 h i de 16.00 h a 21.00 h"},{"periode":"Estiu 2026:De l\u00271 d\u0027agost al 23 d\u0027agost","dia":"Tots els dies tancat","hores":"Tancat"}],"web":"","email":"info@lleialtat.cat"},"geometry":{"type":"Point","coordinates":[2.1366981790746196,41.372917650885817]}},{"type":"Feature","properties":{"nom":"Parc de les Aigües","adreca":"Pl Alfons el Savi, 3","barri":"el Baix Guinardó","districte":"Horta-Guinardó","horari":[{"periode":"Horari d\u0027hivernde l\u00271 de novembre al 31 de març","dia":"Cada dia","hores":"de 08.30 h a 19.00 h"},{"periode":"Horari d\u0027estiude l\u00271 d\u0027abril al 31 d\u0027octubre","dia":"","hores":"de 08.30 h a 21.00 h"}],"web":"https://link.bcn.cat/cEpdlA","email":""},"geometry":{"type":"Point","coordinates":[2.1654810232921857,41.413577084643173]}},{"type":"Feature","properties":{"nom":"Biblioteca","adreca":"Avinguda del Doctor Marañón, 42","barri":"la Maternitat i Sant Ramon","districte":"Les Corts","horari":[{"periode":"Horari al llarg de l\u0027any","dia":"De dilluns a divendres","hores":"de 08.30 h a 20.00 h"},{"periode":"Estiu 2026Del 23 juny al 31 juliol","dia":"De dilluns a divendres","hores":"de 08.30 h a 14.00 h"},{"periode":"De l\u00271 agost al 31 agost","dia":"Tots els dies","hores":"Tancada"},{"periode":"De l\u00271 setembre al 4 setembre","dia":"De dilluns a divendres","hores":"de 08.30 h a 14.00 h"}],"web":"https://bibliotecnica.upc.edu/epseb","email":""},"geometry":{"type":"Point","coordinates":[2.112739466875702,41.383729318542009]}},{"type":"Feature","properties":{"nom":"Casal de Barri Congrés-Indians","adreca":"C Manigua, 25","barri":"el Congrés i els Indians","districte":"Sant Andreu","horari":[{"periode":"De l\u00271 setembre al 31 juliol","dia":"De dilluns a dissabte","hores":"de 09.30 h a 13.30 h i de 16.00 h a 21.00 h"},{"periode":"De l\u00271 agost al 31 agost","dia":"De dilluns a divendres","hores":"de 16.00 h a 20.00 h"}],"web":"","email":"infocongresindians@bcn.cat"},"geometry":{"type":"Point","coordinates":[2.179437759725011,41.424014808946517]}},{"type":"Feature","properties":{"nom":"Centre Comercial Arenas de Barcelona","adreca":"G.V. Corts Catalanes, 373","barri":"la Nova Esquerra de l\u0027Eixample","districte":"Eixample","horari":[{"periode":"de l\u00271 d\u0027octubre al 31 de maig","dia":"Cada dia","hores":"de 09:00 h a 21:00 h"},{"periode":"de l\u00271 de juny al 30 de setembre","dia":"","hores":"de 10:00 h a 22:00 h"}],"web":"","email":"arenas.informacion@arenasdebarcelona.com"},"geometry":{"type":"Point","coordinates":[2.1499752959539173,41.376038338441205]}},{"type":"Feature","properties":{"nom":"Parc del Clot","adreca":"Escultors Claperós, 55","barri":"el Clot","districte":"Sant Martí","horari":[],"web":"https://link.bcn.cat/cPdC2","email":""},"geometry":{"type":"Point","coordinates":[2.1900153665666733,41.408472280039163]}},{"type":"Feature","properties":{"nom":"Centre Cívic La Sedeta","adreca":"Carrer de Sicília, 321","barri":"el Camp d\u0027en Grassot i Gràcia Nova","districte":"Gràcia","horari":[{"periode":"De l\u00271 octubre al 30 juny","dia":"De dilluns a divendres","hores":"de 09.00 h a 22.00 h"},{"periode":"De l\u00271 octubre al 30 juny","dia":"Dissabte","hores":"de 10.00 h a 14.00 h ide 16.00 h a 21.00 h"},{"periode":"Estiu 2026De l\u00271 juliol al 31 juliol","dia":"De dilluns a divendres","hores":"de 09.00 h a 22.00 h"},{"periode":"Estiu 2026De l\u00271 juliol al 31 juliol","dia":"Dissabte","hores":"de 10.00 h a 14.00 h"},{"periode":"De l\u00271 agost al 31 agost","dia":"Tots els dies","hores":"Tancat"},{"periode":"De l\u00271 setembre al 30 setembre","dia":"De dilluns a divendres","hores":"de 09.00 h a 22.00 h"},{"periode":"De l\u00271 setembre al 30 setembre","dia":"Dissabte","hores":"de 10.00 h a 14.00 h"}],"web":"","email":"ccsedeta@bcn.cat"},"geometry":{"type":"Point","coordinates":[2.1676875917974749,41.405576512012246]}},{"type":"Feature","properties":{"nom":"Biblioteca Mercè Rodoreda","adreca":"Carrer de les Camèlies, 76","barri":"el Baix Guinardó","districte":"Horta-Guinardó","horari":[{"periode":"Horari habitualal llarg de l\u0027any","dia":"Dilluns, dimarts, dimecres i divendresExcepte dimarts 23 de juny","hores":"de 09.30 h a 13.30 h i de 15.30 h a 20.30 h"},{"periode":"Horari habitualal llarg de l\u0027any","dia":"Dimarts 23 de juny","hores":"de 09.30 h a 13.30 h"},{"periode":"Horari habitualal llarg de l\u0027any","dia":"Dijous","hores":"de 09.30 h a 20.30 h"},{"periode":"Horari habitualal llarg de l\u0027any","dia":"Dissabte","hores":"de 10.00 h a 14.00 h i de 16.00 h a 20.00 h"},{"periode":"Estiu 2026Del 24 juny al 24 setembre","dia":"Dilluns, dimarts, dimecres i divendres","hores":"de 09.30 h a 13.30 h i de 15.30 h a 20.30 h"},{"periode":"Estiu 2026Del 24 juny al 24 setembre","dia":"Dijous","hores":"de 09.30 h a 20.30 h"},{"periode":"Estiu 2026Del 24 juny al 24 setembre","dia":"Dissabte","hores":"de 10.00 h a 14.00 h"}],"web":"","email":"b.barcelona.mr@diba.cat"},"geometry":{"type":"Point","coordinates":[2.1653355630390161,41.414344349973881]}},{"type":"Feature","properties":{"nom":"Parc de Josep Maria Serra Martí","adreca":"C Miguel Hernández, 16","barri":"Canyelles","districte":"Nou Barris","horari":[],"web":"https://link.bcn.cat/cEpdJMSM","email":""},"geometry":{"type":"Point","coordinates":[2.1659541496737007,41.442961609423527]}},{"type":"Feature","properties":{"nom":"Parc del Mirador del Poble-sec","adreca":"Passeig de Montjuïc, 59","barri":"el Poble-sec","districte":"Sants-Montjuïc","horari":[],"web":"https://link.bcn.cat/cPdMdP","email":""},"geometry":{"type":"Point","coordinates":[2.1701826605872294,41.371920689797676]}},{"type":"Feature","properties":{"nom":"Parc de la Font Florida","adreca":"Carrer de la Font Florida, 102","barri":"la Font de la Guatlla","districte":"Sants-Montjuïc","horari":[],"web":"https://link.bcn.cat/cPdlFF","email":""},"geometry":{"type":"Point","coordinates":[2.1416401665733376,41.36642963373265]}},{"type":"Feature","properties":{"nom":"Centre Cívic del Besòs i el Maresme","adreca":"Rambla de Prim, 87","barri":"el Besòs i el Maresme","districte":"Sant Martí","horari":[{"periode":"De l\u00271 setembre al 31 juliol","dia":"De dilluns a divendres","hores":"de 09.00 h a 14.00 h i de 15.00 h a 21.00 h"},{"periode":"De l\u00271 setembre al 31 juliol","dia":"Dissabte","hores":"de 10.00 h a 14.00 h"},{"periode":"Estiu 2026:De l\u00271 agost al 31 agost","dia":"De dilluns a divendres","hores":"de 09.00 h a 14.00 h i de 15.00 h a 20.00 h"}],"web":"","email":"info@ccbesos.org"},"geometry":{"type":"Point","coordinates":[2.2118121187612152,41.416486356252896]}},{"type":"Feature","properties":{"nom":"Centre Cívic Torre Llobeta","adreca":"Carrer de Santa Fe, 2","barri":"Vilapicina i la Torre Llobeta","districte":"Nou Barris","horari":[{"periode":"De l\u00271 setembre al 31 juliol","dia":"De dilluns a divendres","hores":"de 09.30 h a 14.30 h i de 16.00 h a 21.30 h"},{"periode":"De l\u00271 setembre al 31 juliol","dia":"Dissabte Tancat 4 d\u0027abril","hores":"de 10.00 h a 14.00 h i de 16.00 h a 21.30 h"},{"periode":"de l\u00271 d\u0027agost al 31 d\u0027agost","dia":"De dilluns a divendres","hores":"de 17.00 h a 21.30 h"}],"web":"","email":"informacio@cctorrellobeta.cat"},"geometry":{"type":"Point","coordinates":[2.1739662505938471,41.426931509650281]}},{"type":"Feature","properties":{"nom":"Biblioteca Zona Nord - Mària Sánchez","adreca":"Carrer de Vallcivera, 3","barri":"Torre Baró","districte":"Nou Barris","horari":[{"periode":"Horari habitualal llarg de l\u0027any","dia":"Dilluns i dimecres","hores":"de 15.30 h a 20.00 h"},{"periode":"Horari habitualal llarg de l\u0027any","dia":"Dimarts, dijous i divendres excepte dimarts 23 de juny","hores":"de 09.30 h a 13.30 h i de 15.30 h a 20.00 h"},{"periode":"Horari habitualal llarg de l\u0027any","dia":"Dimarts 23 de juny","hores":"de 09.30 h a 13.30 h"},{"periode":"Horari habitualal llarg de l\u0027any","dia":"Dissabte","hores":"de 10.00 h a 14.00 h"},{"periode":"Estiu 2026Del 24 juny al 24 setembre","dia":"Dilluns i dimecres","hores":"de 15.30 h a 20.00 h"},{"periode":"Estiu 2026Del 24 juny al 24 setembre","dia":"Dimarts, dijous i divendres","hores":"de 09.30 h a 13.30 h i de 15.30 h a 20.00 h"}],"web":"","email":"b.barcelona.zn@diba.cat"},"geometry":{"type":"Point","coordinates":[2.17989262234208,41.46126807109291]}},{"type":"Feature","properties":{"nom":"Casal de Barri Can Carol","adreca":"Carrer de Cambrils, 28","barri":"Vallcarca i els Penitents","districte":"Gràcia","horari":[{"periode":"De l\u00271 setembre al 31 juliol","dia":"Dilluns","hores":"de 16.00 h a 21.00 h"},{"periode":"De l\u00271 setembre al 31 juliol","dia":"Dimarts, dimecres, dijous i divendres","hores":"de 10.00 h a 13.00 h i de 16.00 h a 21.00 h"},{"periode":"De l\u00271 setembre al 31 juliol","dia":"Dissabtes","hores":"d\u002711.00 h a 14.00 h i de 16.00 h a 21.00 h"},{"periode":"De l\u00271 agost al 31 agost","dia":"Tots els dies tancat","hores":"Tancat"}],"web":"","email":"info@cancarol.cat"},"geometry":{"type":"Point","coordinates":[2.1457730218797497,41.41236403095899]}},{"type":"Feature","properties":{"nom":"Biblioteca","adreca":"Carrer de Pau Gargallo, 10","barri":"la Maternitat i Sant Ramon","districte":"Les Corts","horari":[{"periode":"Horari al llarg del curs","dia":"De dilluns a divendres","hores":"de 09.00 h a 20.00 h"},{"periode":"De l\u00271 juliol al 31 juliol","dia":"De dilluns a divendres","hores":"de 09.00 h a 14.00 h"},{"periode":"De l\u00271 agost al 31 agost","dia":"Tancat","hores":"Tancada"},{"periode":"De l\u00271 setembre al 13 setembre","dia":"De dilluns a divendres","hores":"de 09.00 h a 14.00 h"}],"web":"","email":"biblioteca.fme@upc.edu"},"geometry":{"type":"Point","coordinates":[2.1157439681530552,41.38357497214681]}},{"type":"Feature","properties":{"nom":"Jardins de la Tamarita","adreca":"Passeig de Sant Gervasi, 45","barri":"Sant Gervasi - la Bonanova","districte":"Sarrià-Sant Gervasi","horari":[{"periode":"Horari d\u0027hivernde l\u00271 de novembre al 31 de març","dia":"Cada dia","hores":"de 08.00 h a 19.00 h"},{"periode":"Horari d\u0027estiude l\u00271 d\u0027abril al 31 d\u0027octubre","dia":"","hores":"de 08.00 h a 21.00 h"}],"web":"https://link.bcn.cat/cEjdlT","email":""},"geometry":{"type":"Point","coordinates":[2.1359564497265251,41.410146977213756]}},{"type":"Feature","properties":{"nom":"Espai  amb Jocs d\u0027Aigua a la Plaça de la Lluita per les Llibertats","adreca":"Plaça de la Lluita per les Llibertats, 1","barri":"el Bon Pastor","districte":"Sant Andreu","horari":[{"periode":"Del 29 maig al 30 setembre","dia":"Tots els dies","hores":"de 10.00 h a 20.00 h"}],"web":"","email":""},"geometry":{"type":"Point","coordinates":[2.2071960988021035,41.437907190418933]}},{"type":"Feature","properties":{"nom":"Centre Esportiu Municipal Can Felipa","adreca":"Pl Josep M. Huertas Claveria, 1","barri":"el Poblenou","districte":"Sant Martí","horari":[{"periode":"","dia":"De dilluns a divendres","hores":"de 06:00 h a 23:00 h"},{"periode":"","dia":"dissabtes","hores":"de 08.00 h a 19.00 h"},{"periode":"","dia":"diumenges i festius","hores":"de 09.00 h a 15.00 h"}],"web":"","email":"canfelipa@canfelipa.com"},"geometry":{"type":"Point","coordinates":[2.20050971216533,41.403679758606962]}},{"type":"Feature","properties":{"nom":"Espai de Gent Gran Germanetes","adreca":"Carrer de Viladomat, 142","barri":"la Nova Esquerra de l\u0027Eixample","districte":"Eixample","horari":[{"periode":"De setembre a juliol","dia":"De dilluns a divendres","hores":"de 09.15 h a 13.15 h i de 16.30 h a 19.30 h"},{"periode":"Agost","dia":"Tots el dies","hores":"Tancat"}],"web":"","email":"germanetes@gentgraneixample.cat"},"geometry":{"type":"Point","coordinates":[2.1546432655293679,41.381839397718295]}},{"type":"Feature","properties":{"nom":"Biblioteca Montbau - Albert Pérez Baró","adreca":"Carrer de l\u0027Arquitectura, 8","barri":"Montbau","districte":"Horta-Guinardó","horari":[{"periode":"Horari habitualal llarg de l\u0027any","dia":"Dilluns, dimarts, dijous i divendres excepte dimarts 23 de juny","hores":"de 15.00 h a 20.00 h"},{"periode":"Horari habitualal llarg de l\u0027any","dia":"Dimarts 23 de juny","hores":"de 09.30 h a 13.30 h"},{"periode":"Horari habitualal llarg de l\u0027any","dia":"Dimecres","hores":"de 09.30 h a 13.30 h i de 15.00 h a 20.00 h"},{"periode":"Horari habitualal llarg de l\u0027any","dia":"Dissabte","hores":"de 10.00 h a 14.00 h"},{"periode":"Estiu 2026Del 24 juny al 31 juliol","dia":"Dilluns, dimarts, dijous i divendres","hores":"de 15.00 h a 20.00 h"},{"periode":"Estiu 2026Del 24 juny al 31 juliol","dia":"Dimecres","hores":"de 09.30 h a 13.30 h i de 15.00 h a 20.00 h"},{"periode":"De l\u00271 agost al 31 agost","dia":"Tots els dies","hores":"Tancada"},{"periode":"De l\u00271 setembre al 24 setembre","dia":"Dilluns, dimarts, dijous i divendres","hores":"de 15.00 h a 20.00 h"},{"periode":"De l\u00271 setembre al 24 setembre","dia":"Dimecres","hores":"de 09.30 h a 13.30 h i de 15.00 h a 20.00 h"}],"web":"","email":"b.barcelona.m@diba.cat"},"geometry":{"type":"Point","coordinates":[2.1419696195097804,41.4291824617034]}},{"type":"Feature","properties":{"nom":"Piscina Descoberta","adreca":"Passeig de Circumval·lació, 3","barri":"Sant Pere","districte":"01","horari":[{"periode":"Estiu 2026:De l\u00271 abril a l\u00271 novembre","dia":"De dilluns a divendres","hores":"de 09.00 h a 20.00 h"},{"periode":"Estiu 2026:De l\u00271 abril a l\u00271 novembre","dia":"Dissabte","hores":"de 10.00 h a 19.30 h"},{"periode":"Estiu 2026:De l\u00271 abril a l\u00271 novembre","dia":"Diumenge i festius","hores":"de 10.00 h a 14.30 h"}],"web":"","email":"info-ciutadella@okeymas.es"},"geometry":{"type":"Point","coordinates":[2.1866287315897024,41.3852029935442]}},{"type":"Feature","properties":{"nom":"Jardins de la Torre de Les Aigües","adreca":"Carrer de Roger de Llúria, 56","barri":"la Dreta de l\u0027Eixample","districte":"Eixample","horari":[{"periode":"de l\u00271 de novembre al 31 de març","dia":"Cada dia","hores":"de 08.30 h a 19.00 h"},{"periode":"de l\u00271 d\u0027abril al 31 d\u0027octubre","dia":"","hores":"de 08.30 h a 21.00 h"}],"web":"","email":""},"geometry":{"type":"Point","coordinates":[2.169153046082549,41.39309052605406]}},{"type":"Feature","properties":{"nom":"Centre Cívic Can Verdaguer","adreca":"Carrer de Piferrer, 94","barri":"Porta","districte":"Nou Barris","horari":[{"periode":"De l\u00271 setembre al 31 juliol","dia":"De dilluns a divendresexcepte dimarts 23 de juny","hores":"de 09.30 h a 14.00 h i de 16.00 h a 21.30 h"},{"periode":"De l\u00271 setembre al 31 juliol","dia":"Dimarts 23 de juny","hores":"de 09.30 h a 14.00 h"},{"periode":"De l\u00271 setembre al 31 juliol","dia":"Dissabte","hores":"de 10.00 h a 14.00 h i de 16.30 h a 21.30 h"},{"periode":"Estiu 2026:De l\u00271 agost al 31 agost","dia":"Tots els dies tancat","hores":"Obert dimarts i dijous de 16 a 21.30 h comRefugi climàtic i programació de concerts al jardí."}],"web":"","email":"info@canverdaguer.com"},"geometry":{"type":"Point","coordinates":[2.1792048887112854,41.434104598841571]}},{"type":"Feature","properties":{"nom":"Parc de la Creueta del Coll","adreca":"Pg Mare de Déu del Coll, 77","barri":"el Coll","districte":"Gràcia","horari":[{"periode":"Horari d’hivern: de l\u00271 de novembre al 31 de març","dia":"Cada dia","hores":"de 08.00 h a 19.00 h"},{"periode":"Horari d’estiu: de l\u00271 d\u0027abril al 31 d\u0027octubre","dia":"","hores":"de 08.00 h a 21.00 h"}],"web":"https://link.bcn.cat/cPdlCdC","email":""},"geometry":{"type":"Point","coordinates":[2.1462520569914068,41.419264262411424]}},{"type":"Feature","properties":{"nom":"Farmàcia Plaja Baño","adreca":"Rambla de Guipúscoa, 174","barri":"la Verneda i la Pau","districte":"Sant Martí","horari":[],"web":"https://www.farmaguia.net/desktop/","email":""},"geometry":{"type":"Point","coordinates":[2.2084805878890306,41.42462068542681]}},{"type":"Feature","properties":{"nom":"Casal Cívic i Comunitari Barcelona - Horta","adreca":"Carrer de Tolrà, 13","barri":"el Carmel","districte":"Horta-Guinardó","horari":[{"periode":"De l\u00271 setembre al 31 juliol","dia":"De dilluns a divendres","hores":"de 09.00 h a 21.00 h"},{"periode":"De l\u00271 setembre al 31 juliol","dia":"Dissabte","hores":"de 10.00 h a 21.00 h"},{"periode":"De l\u00271 agost al 31 agost","dia":"Tots els dies tancat","hores":"Tancat"}],"web":"","email":"cc.barcelonahorta@gencat.cat"},"geometry":{"type":"Point","coordinates":[2.1563273455132608,41.426600226660881]}},{"type":"Feature","properties":{"nom":"Centre Cívic Pere Pruna","adreca":"Carrer de Ganduxer, 130","barri":"Sant Gervasi - la Bonanova","districte":"Sarrià-Sant Gervasi","horari":[{"periode":"De l\u00271 setembre al 31 juliol","dia":"De dilluns a divendres","hores":"de 09:30 h a 14:00 h i de 16:00 h a 21:00 h"},{"periode":"De l\u00271 setembre al 31 juliol","dia":"Dissabte","hores":"de 09.30 h a 14.00 h"},{"periode":"Estiu 2026De l\u00271 agost al 31 agost","dia":"Tots els dies","hores":"Tancat"}],"web":"","email":"ccperepruna@ccperepruna.cat"},"geometry":{"type":"Point","coordinates":[2.13132023534547,41.40320904460328]}},{"type":"Feature","properties":{"nom":"Casal de Gent Gran Carlit","adreca":"C Roger de Flor, 162","barri":"la Dreta de l\u0027Eixample","districte":"Eixample","horari":[{"periode":"De setembre a juliol","dia":"De dilluns a divendresexcepte divendres 31 de juliol","hores":"de 09.15 h a 13.30 h i de 16.30 h a 19.30 h"},{"periode":"De setembre a juliol","dia":"Divendres 31 de juliiol","hores":"de 09.15 h a 13.30 h"},{"periode":"Agost","dia":"De dilluns a divendres","hores":"de 16.30 h a 20.00 h"}],"web":"","email":"carlit@gentgraneixample.cat"},"geometry":{"type":"Point","coordinates":[2.1747261825351232,41.397404168590988]}},{"type":"Feature","properties":{"nom":"Llibreria The Book Bar","adreca":"Carrer Gran de Sant Andreu, 368","barri":"Sant Andreu","districte":"Sant Andreu","horari":[],"web":"","email":"thebookbar.bcn@gmail.com"},"geometry":{"type":"Point","coordinates":[2.1889123947756235,41.438701135015741]}},{"type":"Feature","properties":{"nom":"Supermercat Consum *Avinguda Roma","adreca":"Avinguda de Roma, 32","barri":"la Nova Esquerra de l\u0027Eixample","districte":"Eixample","horari":[],"web":"https://www.consum.es/va/","email":""},"geometry":{"type":"Point","coordinates":[2.1465018128167692,41.381594697103267]}},{"type":"Feature","properties":{"nom":"Supermercat Consum *Lluçà","adreca":"Carrer de Lluçà, 19","barri":"les Corts","districte":"Les Corts","horari":[],"web":"https://www.consum.es/va/","email":""},"geometry":{"type":"Point","coordinates":[2.1305319038523947,41.382620104249753]}},{"type":"Feature","properties":{"nom":"Supermercat Consum *c. de Sants","adreca":"Carrer de Sants, 206","barri":"Sants","districte":"Sants-Montjuïc","horari":[],"web":"https://www.consum.es/va/","email":""},"geometry":{"type":"Point","coordinates":[2.1311908270344957,41.375600123150726]}},{"type":"Feature","properties":{"nom":"Refugi Climàtic Pati d\u0027Escola","adreca":"Plaça de Lesseps, 19","barri":"Vallcarca i els Penitents","districte":"Gràcia","horari":[{"periode":"Juny","dia":"Dissabte6, 13 i 20 de juny","hores":"d\u002711.00 h a 14.00 h"},{"periode":"Juny","dia":"Diumenge7, 14 i 21 de juny","hores":"d\u002711.00 h a 14.00 h"},{"periode":"Agost","dia":"Cada dia","hores":"de 18.00 h a 21.00 h"}],"web":"","email":"a8002113@xtec.cat"},"geometry":{"type":"Point","coordinates":[2.1503968765755288,41.407923827017235]}},{"type":"Feature","properties":{"nom":"Piscina Coberta","adreca":"Avinguda d\u0027Icària, 167","barri":"la Vila Olímpica del Poblenou","districte":"Sant Martí","horari":[{"periode":"","dia":"De dilluns a divendres","hores":"de 07.00 h a 23.00 h"},{"periode":"","dia":"Dissabte","hores":"de 08.00 h a 22.00 h"},{"periode":"","dia":"Diumenge","hores":"de 08.00 h a 15.00 h"}],"web":"https://novaicaria.com/","email":""},"geometry":{"type":"Point","coordinates":[2.1980208136874495,41.392393882467395]}},{"type":"Feature","properties":{"nom":"Disseny Hub Barcelona","adreca":"Plaça de les Glòries Catalanes, 37","barri":"el Parc i la Llacuna del Poblenou","districte":"Sant Martí","horari":[{"periode":"De l\u00271 setembre al 31 juliol","dia":"Dilluns tancat(L\u0027edifici és obert, però les exposicions estan tancades)","hores":"de 15.30 h a 21.00 h"},{"periode":"De l\u00271 setembre al 31 juliol","dia":"De dimarts a diumenge i festiusHoraris especials: 24 desembre i 31 desembreTancat: 1 de gener, 1 de maig, 24 de juny i 25 de desembre","hores":"de 09.00 h a 21.00 h"},{"periode":"De l\u00271 setembre al 31 juliol","dia":"24 desembre i 31 desembre","hores":"de 09.00 h a 15.30 h"},{"periode":"De l\u00271 setembre al 31 juliol","dia":"La Nit dels Museus 2026:16 de maig","hores":"de 19.00 h a 01.00 h"},{"periode":"De l\u00271 agost al 31 agost","dia":"Dimarts, dimecres, dijous, divendres, dissabte i diumenge i festius","hores":"de 09.00 h a 21.00 h"}],"web":"","email":"dhub@bcn.cat"},"geometry":{"type":"Point","coordinates":[2.1880498461023428,41.402601111692825]}},{"type":"Feature","properties":{"nom":"Casal de Gent Gran Joan Casanelles","adreca":"C Concili de Trento, 35","barri":"el Clot","districte":"Sant Martí","horari":[{"periode":"de l\u00271 de setembre al 31 de juliol","dia":"De dilluns a divendres","hores":"de 09.30 h a 13.30 h i de 16.00 h a 19.00 h"},{"periode":"de l\u00271 d\u0027agost al 31 d\u0027agost","dia":"Tots els dies tancat","hores":"Tancat"}],"web":"","email":"casalgg.joancasanelles@bcn.cat"},"geometry":{"type":"Point","coordinates":[2.1928845041999008,41.411654002846696]}},{"type":"Feature","properties":{"nom":"Casal de Gent Gran Mediterrània","adreca":"Carrer de la Conreria, 1","barri":"la Barceloneta","districte":"Ciutat Vella","horari":[{"periode":"De setembre a juliol","dia":"De dilluns a divendres","hores":"de 09.00 h a 21.30 h"},{"periode":"De setembre a juliol","dia":"Dissabte","hores":"de 09.30 h a 14.30 h i de 16.00 h a 20.00 h"},{"periode":"Agost","dia":"De dilluns a dissabte","hores":"de 10.00 h a 13.00 h i de 15.00 h a 19.00 h"}],"web":"","email":"mediterrania@esport3.org"},"geometry":{"type":"Point","coordinates":[2.1922880548691781,41.380268169376478]}},{"type":"Feature","properties":{"nom":"Jardins de Carme Biada","adreca":"Carrer de Roger de Llúria, 132","barri":"la Dreta de l\u0027Eixample","districte":"Eixample","horari":[{"periode":"Horari d’hivern: de l\u00271 de novembre al 31 de març","dia":"Cada dia","hores":"de 08.30 h a 19.00 h"},{"periode":"Horari d’estiu: de l\u00271 d\u0027abril al 31 d\u0027octubre","dia":"","hores":"de 08.30 h a 21.00 h"}],"web":"","email":""},"geometry":{"type":"Point","coordinates":[2.162312408547999,41.398244922784542]}},{"type":"Feature","properties":{"nom":"Centre d\u0027Atenció Primària Vallcarca-Sant Gervasi","adreca":"Avinguda de Vallcarca, 169","barri":"Vallcarca i els Penitents","districte":"Gràcia","horari":[{"periode":"","dia":"De dilluns a divendres","hores":"de 08:00 h a 20:00 h"},{"periode":"","dia":"Dissabte","hores":"de 09:00 h a 17:00 h"}],"web":"","email":"contactar@aprimariavsg.com"},"geometry":{"type":"Point","coordinates":[2.1418763256666042,41.415791132734853]}},{"type":"Feature","properties":{"nom":"Supermercat Consum *Rosselló","adreca":"Carrer del Rosselló, 334","barri":"la Dreta de l\u0027Eixample","districte":"Eixample","horari":[],"web":"https://www.consum.es/va/","email":""},"geometry":{"type":"Point","coordinates":[2.1694765082647449,41.402311371951406]}},{"type":"Feature","properties":{"nom":"Piscina Descoberta","adreca":"Carrer de la Costa Daurada, 12","barri":"el Bon Pastor","districte":"Sant Andreu","horari":[{"periode":"Estiu 2026Del 27 juny al 31 juliol","dia":"De dilluns a divendres","hores":"de 06.30 h a 22.00 h"},{"periode":"Estiu 2026Del 27 juny al 31 juliol","dia":"Dissabte i diumenge i festius","hores":"de 10.00 h a 18.00 h"},{"periode":"De l\u00271 agost al 30 agost","dia":"De dilluns a divendres","hores":"de 09.00 h a 21.00 h"},{"periode":"De l\u00271 agost al 30 agost","dia":"Dissabte, diumenge i festius","hores":"de 10.00 h a 18.00 h"}],"web":"","email":"info@aebonpastor.org"},"geometry":{"type":"Point","coordinates":[2.2017282935278715,41.438183660420727]}},{"type":"Feature","properties":{"nom":"Supermercat Consum *Av. Icària","adreca":"Avinguda d\u0027Icària, 164","barri":"la Vila Olímpica del Poblenou","districte":"Sant Martí","horari":[],"web":"https://www.consum.es/va/","email":""},"geometry":{"type":"Point","coordinates":[2.1973657414169097,41.391235452065132]}},{"type":"Feature","properties":{"nom":"Supermercat Consum *Berruguete","adreca":"Carrer de Berruguete, 106","barri":"la Vall d\u0027Hebron","districte":"Horta-Guinardó","horari":[],"web":"https://www.consum.es/va/","email":""},"geometry":{"type":"Point","coordinates":[2.1492533451778155,41.433249676438294]}},{"type":"Feature","properties":{"nom":"Supermercat Consum *Villarroel","adreca":"Carrer de Villarroel, 15","barri":"Sant Antoni","districte":"Eixample","horari":[],"web":"https://www.consum.es/va/","email":""},"geometry":{"type":"Point","coordinates":[2.1622890009530136,41.380899461305226]}},{"type":"Feature","properties":{"nom":"Supermercat Consum *Rbla Fabra i Puig","adreca":"Rambla de Fabra i Puig, 53","barri":"Sant Andreu","districte":"Sant Andreu","horari":[],"web":"https://www.consum.es/va/","email":""},"geometry":{"type":"Point","coordinates":[2.1857504287033218,41.430028563564981]}},{"type":"Feature","properties":{"nom":"Supermercat Consum *Berenguer de Palou","adreca":"Carrer de Berenguer de Palou, 52","barri":"la Sagrera","districte":"Sant Andreu","horari":[],"web":"https://www.consum.es/va/","email":""},"geometry":{"type":"Point","coordinates":[2.1919593993810658,41.423067485998978]}},{"type":"Feature","properties":{"nom":"Espai amb Jocs d\u0027Aigua","adreca":"Plaça de les Glòries Catalanes, 1","barri":"el Fort Pienc","districte":"Eixample","horari":[{"periode":"Del 29 maig al 30 setembre","dia":"Tots els dies","hores":"de 10.00 h a 20.00 h"}],"web":"","email":""},"geometry":{"type":"Point","coordinates":[2.1876525423826076,41.404094198873196]}},{"type":"Feature","properties":{"nom":"Casal de Barri de Vallbona","adreca":"Carrer d\u0027Oristà, 8","barri":"Vallbona","districte":"Nou Barris","horari":[{"periode":"De l\u00271 setembre al 31 juliol","dia":"Dilluns, dimecres i divendres","hores":"de 16.30 h a 20.30 h"},{"periode":"De l\u00271 setembre al 31 juliol","dia":"Dimarts i dijous","hores":"de 10.30 h a 14.00 h i de 16.30 h a 20.30 h"},{"periode":"De l\u00271 setembre al 31 juliol","dia":"Dissabte","hores":"de 10.30 h a 14.00 h"},{"periode":"De l\u00271 agost al 31 agost","dia":"Cada dia","hores":"de 16.30 h a 20.30 h"}],"web":"","email":"vallbona@cczonanord.net"},"geometry":{"type":"Point","coordinates":[2.1852653960105997,41.463774962353462]}},{"type":"Feature","properties":{"nom":"Biblioteca Vallcarca i els Penitents - M. Antonieta Cot","adreca":"Passeig de la Vall d\u0027Hebron, 65","barri":"Vallcarca i els Penitents","districte":"Gràcia","horari":[{"periode":"Horari habitualal llarg de l\u0027any","dia":"Dilluns i dimecres","hores":"de 15.30 h a 20.00 h"},{"periode":"Horari habitualal llarg de l\u0027any","dia":"Dimarts, dijous i divendres excepte dimarts 23 de juny","hores":"de 09.30 h a 13.30 h i de 15.30 h a 20.00 h"},{"periode":"Horari habitualal llarg de l\u0027any","dia":"Dimarts 23 de juny","hores":"de 09.30 h a 13.30 h"},{"periode":"Horari habitualal llarg de l\u0027any","dia":"Dissabte","hores":"de 10.00 h a 14.00 h"},{"periode":"Estiu 2026Del 24 juny al 31 juliol","dia":"Dilluns i dimecres","hores":"de 15.30 h a 20.00 h"},{"periode":"Estiu 2026Del 24 juny al 31 juliol","dia":"Dimarts, dijous i divendres","hores":"de 09.30 h a 13.30 h i de 15.30 h a 20.00 h"},{"periode":"De l\u00271 agost al 31 agost","dia":"Tots els dies","hores":"Tancada"},{"periode":"De l\u00271 setembre al 24 setembre","dia":"Dilluns i dimecres","hores":"de 15.30 h a 20.00 h"},{"periode":"De l\u00271 setembre al 24 setembre","dia":"Dimarts, dijous i divendres","hores":"de 09.30 h a 13.30 h i de 15.30 h a 20.00 h"}],"web":"https://www.instagram.com/bibvallcarca/","email":""},"geometry":{"type":"Point","coordinates":[2.13967498940329,41.420039115771118]}},{"type":"Feature","properties":{"nom":"Centre Cívic Can Basté","adreca":"Passeig de Fabra i Puig, 274","barri":"el Turó de la Peira","districte":"Nou Barris","horari":[{"periode":"De l\u00271 setembre al 31 juliol","dia":"Dilluns","hores":"de 16.00 h a 21.30 h"},{"periode":"De l\u00271 setembre al 31 juliol","dia":"Dimarts, dimecres, dijous i divendres","hores":"de 09.30 h a 14.00 h i de 16.00 h a 21.30 h"},{"periode":"De l\u00271 setembre al 31 juliol","dia":"Dissabte","hores":"de 10.30 h a 14.00 h i de 16.30 h a 20.00 h"},{"periode":"De l\u00271 agost al 31 agost","dia":"Tots els dies tancat","hores":"Tancat"}],"web":"","email":"info@canbaste.com"},"geometry":{"type":"Point","coordinates":[2.1732119651568378,41.430455037431514]}},{"type":"Feature","properties":{"nom":"Associació de Comerciants de Creu Coberta","adreca":"Carrer del Callao, 9","barri":"Hostafrancs","districte":"Sants-Montjuïc","horari":[{"periode":"De l\u00271 setembre al 31 juliol","dia":"De dilluns a divendres","hores":"de 10.00 h a 14.00 h i de 16.00 h a 20.00 h"},{"periode":"De l\u00271 agost al 31 agost","dia":"Tots els dies tancat","hores":"Tancat"}],"web":"","email":"info@creucoberta.com"},"geometry":{"type":"Point","coordinates":[2.1431538794625178,41.376020405856217]}},{"type":"Feature","properties":{"nom":"Refugi Climàtic Pati d\u0027Escola","adreca":"Carrer de Canalejas, 107","barri":"Sants - Badal","districte":"Sants-Montjuïc","horari":[{"periode":"De l\u00271 juny al 20 juny","dia":"Dissabte","hores":"d\u002711.00 h a 14.00 h i de 16.00 h a 19.00 h"},{"periode":"Del 25 juny al 31 agost","dia":"Cada dia","hores":"de 18.00 h a 21.00 h"}],"web":"","email":"a8002010@xtec.cat"},"geometry":{"type":"Point","coordinates":[2.1280851779733574,41.371862900455909]}},{"type":"Feature","properties":{"nom":"Centre Cívic Font de la Guatlla","adreca":"Carrer del Rabí Rubèn, 22","barri":"la Font de la Guatlla","districte":"Sants-Montjuïc","horari":[{"periode":"De l\u00271 setembre al 31 juliol","dia":"De dilluns a divendres","hores":"de 09.00 h a 14.00 h i de 16.00 h a 21.00 h"},{"periode":"De l\u00271 agost al 31 agost","dia":"Tots els dies","hores":"Tancat"}],"web":"","email":"admin@fontdelaguatlla.org"},"geometry":{"type":"Point","coordinates":[2.147525318360155,41.370587440986853]}},{"type":"Feature","properties":{"nom":"Parc de Cervantes","adreca":"Avinguda Diagonal, 712","barri":"Pedralbes","districte":"Les Corts","horari":[],"web":"https://link.bcn.cat/cEPdC","email":""},"geometry":{"type":"Point","coordinates":[2.1067237945313715,41.383218501199742]}},{"type":"Feature","properties":{"nom":"Centre Esportiu Municipal Can Cuyàs","adreca":"Avinguda dels Rasos de Peguera, 242","barri":"Ciutat Meridiana","districte":"Nou Barris","horari":[{"periode":"","dia":"De dilluns a divendres","hores":"de 08.00 h a 21.45 h"},{"periode":"","dia":"Dissabte i diumenge i festius","hores":"de 09.00 h a 13.45 h"}],"web":"","email":"atencioclients.cancuyas@eurofitness.com"},"geometry":{"type":"Point","coordinates":[2.168120222662131,41.459888991612644]}},{"type":"Feature","properties":{"nom":"Centre Cívic El Sortidor","adreca":"Plaça del Sortidor, 12","barri":"el Poble-sec","districte":"Sants-Montjuïc","horari":[{"periode":"De l\u00271 setembre al 31 juliol","dia":"De dilluns a divendres excepte dijous 2 d\u0027abril","hores":"de 08.30 h a 22.00 h"},{"periode":"De l\u00271 setembre al 31 juliol","dia":"Dijous 2 d\u0027abril","hores":"de 08.30 h a 14.00 h"},{"periode":"De l\u00271 setembre al 31 juliol","dia":"Dissabte Tancat 4 d\u0027abril","hores":"de 10.00 h a 14.00 h i de 16.00 h a 21.00 h"},{"periode":"De l\u00271 setembre al 31 juliol","dia":"Diumenge Tancat 5 d\u0027abril","hores":"de 10.00 h a 14.00 h"},{"periode":"De l\u00271 agost al 31 agost","dia":"Tots els dies tancat","hores":"Tancat"}],"web":"","email":"ccelsortidor@bcn.cat"},"geometry":{"type":"Point","coordinates":[2.1625482995945342,41.372098413253546]}},{"type":"Feature","properties":{"nom":"Piscina Descoberta","adreca":"Plaça del Mar, 1","barri":"la Barceloneta","districte":"Ciutat Vella","horari":[{"periode":"","dia":"De dilluns a divendres","hores":"de 06.30 h a 22.30 h"},{"periode":"","dia":"Dissabte","hores":"de 07.00 h a 22.30 h"},{"periode":"","dia":"Diumenge i festiusdel 3 de maig al 30 de setembre","hores":"de 08.00 h a 20.00 h"}],"web":"","email":""},"geometry":{"type":"Point","coordinates":[2.1898545572534602,41.3754657408768]}},{"type":"Feature","properties":{"nom":"Casal de Gent Gran Penitents","adreca":"Pg Vall d\u0027Hebron, 76","barri":"Vallcarca i els Penitents","districte":"Gràcia","horari":[{"periode":"De l\u00271 setembre al 31 juliol","dia":"De dilluns a divendres","hores":"de 09.00 h a 13.00 h i de 16.00 h a 19.30 h"},{"periode":"De l\u00271 agost al 31 agost","dia":"Tots els dies tancat","hores":"Tancat"}],"web":"","email":"info.cggpenitents@gmail.com"},"geometry":{"type":"Point","coordinates":[2.1402254329615684,41.420031755379945]}},{"type":"Feature","properties":{"nom":"Farmàcia Folch Flórez","adreca":"Carrer de Fàtima, 10","barri":"Horta","districte":"Horta-Guinardó","horari":[],"web":"https://www.farmaguia.net/desktop/","email":""},"geometry":{"type":"Point","coordinates":[2.1555300597479006,41.432560686293918]}},{"type":"Feature","properties":{"nom":"Casal de Gent Gran Mossèn Clapés","adreca":"Carrer Gran de Sant Andreu, 467","barri":"Sant Andreu","districte":"Sant Andreu","horari":[{"periode":"De setembre a juliol","dia":"Cada dia","hores":"de 09.30 h a 13.00 h i de 16.00 h a 19.30 h"},{"periode":"Agost","dia":"De dilluns a divendres","hores":"de 16.00 h a 20.00 h"},{"periode":"Agost","dia":"Dissabte","hores":"de 10.00 h a 13.15 h"},{"periode":"Agost","dia":"Diumenge","hores":"de 16.00 h a 20.00 h"}],"web":"","email":"cggmossenclapes@bcn.cat"},"geometry":{"type":"Point","coordinates":[2.1881668784352239,41.4424212157955]}},{"type":"Feature","properties":{"nom":"Biblioteca Jaume Fuster","adreca":"Plaça de Lesseps, 20","barri":"Vallcarca i els Penitents","districte":"Gràcia","horari":[{"periode":"","dia":"Dilluns","hores":"de 09.30 h a 13.30 h i de 15.30 h a 20.30 h"},{"periode":"","dia":"Dimarts, dimecres, dijous i divendres","hores":"de 09.30 h a 20.30 h"},{"periode":"","dia":"Dissabte","hores":"de 10.00 h a 14.00 h i de 16.00 h a 20.00 h"},{"periode":"","dia":"Diumenge","hores":"de 10.00 h a 14.00 h"}],"web":"","email":"b.barcelona.jf@diba.cat"},"geometry":{"type":"Point","coordinates":[2.1497752025512979,41.407490969397124]}},{"type":"Feature","properties":{"nom":"Piscina Descoberta","adreca":"Carrer del Telègraf, 31","barri":"el Guinardó","districte":"Horta-Guinardó","horari":[{"periode":"De l\u00271 juny al 23 juny","dia":"Dissabte i diumenge","hores":"de 10.00 h a 19.00 h"},{"periode":"Estiu 2026:Del 24 juny al 6 setembre","dia":"De dilluns a divendres","hores":"d\u002711.00 h a 19.00 h"},{"periode":"Estiu 2026:Del 24 juny al 6 setembre","dia":"dissabtes i diumenges i festius","hores":"de 10.00 h a 19.00 h"}],"web":"","email":"cemguinardo@cemguinardo.cat"},"geometry":{"type":"Point","coordinates":[2.1736223594731614,41.417019520060848]}},{"type":"Feature","properties":{"nom":"Centre Esportiu Municipal Mundet","adreca":"C Olympe de Gouges","barri":"Montbau","districte":"Horta-Guinardó","horari":[{"periode":"","dia":"De dilluns a divendres","hores":"de 07.00 h a 23.00 h"},{"periode":"","dia":"Dissabte","hores":"de 08.00 h a 20.00 h"},{"periode":"","dia":"Diumenge i festius","hores":"de 09.00 h a 13.00 h"}],"web":"http://www.cemmundet.cat","email":""},"geometry":{"type":"Point","coordinates":[2.1428419118859967,41.436541587847152]}},{"type":"Feature","properties":{"nom":"Biblioteca La Barceloneta -  La Fraternitat","adreca":"Carrer de Felícia Fuster i Viladecans, 8","barri":"la Barceloneta","districte":"Ciutat Vella","horari":[{"periode":"Horari habitualal llarg de l\u0027any","dia":"Dilluns, Dimecres i Divendres","hores":"de 15.00 h a 20.00 h"},{"periode":"Horari habitualal llarg de l\u0027any","dia":"Dimarts excepte 23 juny","hores":"de 09.30 h a 13.30 h i de 15.00 h a 20.00 h"},{"periode":"Horari habitualal llarg de l\u0027any","dia":"Dimarts 23 de juny","hores":"de 09.30 h a 13.30 h"},{"periode":"Horari habitualal llarg de l\u0027any","dia":"Dijous","hores":"de 09.30 h a 20.00 h"},{"periode":"Horari habitualal llarg de l\u0027any","dia":"Dissabte","hores":"de 10:00 h a 14:00 h"},{"periode":"Estiu 2026Del 24 juny al 31 juliol","dia":"Dilluns, Dimecres i Divendres","hores":"de 15.00 h a 20.00 h"},{"periode":"Estiu 2026Del 24 juny al 31 juliol","dia":"Dimarts","hores":"de 09.30 h a 13.30 h i de 15.00 h a 20.00 h"},{"periode":"Estiu 2026Del 24 juny al 31 juliol","dia":"Dijous","hores":"de 09.30 h a 20.00 h"},{"periode":"De l\u00271 agost al 31 agost","dia":"Tots el dies","hores":"Tancada"},{"periode":"De l\u00271 setembre al 24 setembre","dia":"Dilluns, Dimecres i Divendres","hores":"de 15.00 h a 20.00 h"},{"periode":"De l\u00271 setembre al 24 setembre","dia":"Dimarts","hores":"de 09.30 h a 13.30 h i de 15.00 h a 20.00 h"},{"periode":"De l\u00271 setembre al 24 setembre","dia":"Dijous","hores":"de 09.30 h a 20.00 h"}],"web":"","email":"b.barcelona.b@diba.cat"},"geometry":{"type":"Point","coordinates":[2.1888716402624535,41.379232628875933]}},{"type":"Feature","properties":{"nom":"Centre de Teràpies Sàlvia","adreca":"Carrer de Ricart, 3","barri":"el Poble-sec","districte":"Sants-Montjuïc","horari":[{"periode":"","dia":"De dilluns a divendres","hores":"de 10.30 h a 20.30 h"}],"web":"","email":"holasalviafertilitat@gmail.com"},"geometry":{"type":"Point","coordinates":[2.1584475446520868,41.374500032102368]}},{"type":"Feature","properties":{"nom":"Llibreria Cooperativa Abacus *Ausiàs Marc","adreca":"Carrer d\u0027Ausiàs Marc, 16","barri":"la Dreta de l\u0027Eixample","districte":"Eixample","horari":[{"periode":"","dia":"De dilluns a divendres","hores":"de 09:30 h a 21:00 h"},{"periode":"","dia":"Dissabte","hores":"de 10:00 h a 21:00 h"}],"web":"","email":"urquinaona@abacus.coop"},"geometry":{"type":"Point","coordinates":[2.1749934716652057,41.390755641755916]}},{"type":"Feature","properties":{"nom":"Biblioteca Horta - Can Mariner","adreca":"Carrer del Vent, 1","barri":"Horta","districte":"Horta-Guinardó","horari":[{"periode":"Horari habitualal llarg de l\u0027any","dia":"Dilluns i divendres","hores":"de 15.30 h a 20.00 h"},{"periode":"Horari habitualal llarg de l\u0027any","dia":"Dimarts i dijous excepte dimarts 23 de juny","hores":"de 09.30 h a 13.30 h i de 15.30 h a 20.00 h"},{"periode":"Horari habitualal llarg de l\u0027any","dia":"Dimarts 23 de juny","hores":"de 09.30 h a 13.30 h"},{"periode":"Horari habitualal llarg de l\u0027any","dia":"Dimecres","hores":"de 09.30 h a 20.00 h"},{"periode":"Horari habitualal llarg de l\u0027any","dia":"Dissabte","hores":"de 10.00 h a 14.00 h"},{"periode":"Estiu 2026Del 24 juny al 31 juliol","dia":"Dilluns i divendres","hores":"de 15.30 h a 20.00 h"},{"periode":"Estiu 2026Del 24 juny al 31 juliol","dia":"Dimarts i dijous","hores":"de 09.30 h a 13.30 h i de 15.30 h a 20.00 h"},{"periode":"Estiu 2026Del 24 juny al 31 juliol","dia":"Dimecres","hores":"de 09.30 h a 20.00 h"},{"periode":"De l\u00271 agost al 31 agost","dia":"Tancada","hores":""},{"periode":"De l\u00271 setembre al 24 setembre","dia":"Dilluns i divendres","hores":"de 15.30 h a 20.00 h"},{"periode":"De l\u00271 setembre al 24 setembre","dia":"Dimarts i dijous","hores":"de 09.30 h a 13.30 h i de 15.30 h a 20.00 h"},{"periode":"De l\u00271 setembre al 24 setembre","dia":"Dimecres","hores":"de 09.30 h a 20.00 h"}],"web":"http://www.barcelona.cat/bibcanmariner","email":""},"geometry":{"type":"Point","coordinates":[2.1607509372572986,41.43113637814168]}},{"type":"Feature","properties":{"nom":"Museu Etnològic i de Cultures del Món *Parc Montjuïc","adreca":"Passeig de Santa Madrona, 16","barri":"el Poble-sec","districte":"Sants-Montjuïc","horari":[{"periode":"De l\u00271 octubre al 30 abril","dia":"De dimarts a dissabte","hores":"de 10:00 h a 19:00 h"},{"periode":"De l\u00271 octubre al 30 abril","dia":"Diumenge i festius Tancat 25 desembre, 26 desembre, 1 gener i 6 gener","hores":"de 10:00 h a 20:00 h"},{"periode":"De l\u00271 maig al 30 setembre","dia":"De dimarts a diumenge i festiusTancat 1 de maig i 24 de juny","hores":""},{"periode":"De l\u00271 maig al 30 setembre","dia":"La Nit dels Museus 2026:16 de maig","hores":"de 19.00 h a 01.00 h"}],"web":"","email":"reservesmeb@bcn.cat"},"geometry":{"type":"Point","coordinates":[2.156001328720349,41.369093660609174]}},{"type":"Feature","properties":{"nom":"Biblioteca Oriol Bohigas","adreca":"Avinguda Diagonal, 649","barri":"la Maternitat i Sant Ramon","districte":"Les Corts","horari":[{"periode":"Horari al llarg de l\u0027any","dia":"De dilluns a divendres","hores":"de 08.30 h a 20.00 h"},{"periode":"Estiu 2026Del 22 juny al 31 juliol","dia":"De dilluns a divendres","hores":"de 08.30 h a 14.00 h"},{"periode":"De l\u00271 agost al 31 agost","dia":"Tots el dies","hores":"Tancada"},{"periode":"De l\u00271 setembre al 13 setembre","dia":"De dilluns a divendres","hores":"de 08.30 h a 14.00 h"}],"web":"","email":"etsab@upc.edu"},"geometry":{"type":"Point","coordinates":[2.1133706606272469,41.384423505592665]}},{"type":"Feature","properties":{"nom":"Quiromassatge Pardos","adreca":"Carrer de Coroleu, 6","barri":"Sant Andreu","districte":"Sant Andreu","horari":[{"periode":"","dia":"De dilluns a dijous","hores":"de 10.00 h a 20.30 h"},{"periode":"","dia":"Divendres","hores":"de 10.00 h a 19.00 h"}],"web":"https://www.quiromassatgepardos.es/","email":""},"geometry":{"type":"Point","coordinates":[2.1885707559482332,41.432808525750083]}},{"type":"Feature","properties":{"nom":"Supermercat Foodcoop BCN","adreca":"Passatge d\u0027Aragó, 9","barri":"l\u0027Antiga Esquerra de l\u0027Eixample","districte":"Eixample","horari":[{"periode":"Horari habitual","dia":"Dilluns","hores":"de 17.00 h a 21.00 h"},{"periode":"Horari habitual","dia":"Dimarts, dimecres i dijous","hores":"de 10.00 h a 14.00 h i de 17.00 h a 21.00 h"},{"periode":"Horari habitual","dia":"Divendres","hores":"de 10.00 h a 21.00 h"},{"periode":"Horari habitual","dia":"Dissabte","hores":"de 10.00 h a 14.00 h"},{"periode":"Del 4 agost al 17 agost","dia":"Tots els dies tancat","hores":"Tancat"}],"web":"","email":"hola@foodcoopbcn.cat"},"geometry":{"type":"Point","coordinates":[2.1573555655373515,41.385601116042025]}},{"type":"Feature","properties":{"nom":"Casal de Persones Grans del Casc Antic","adreca":"Carrer dels Mestres Casals i Martorell, 2","barri":"Sant Pere","districte":"01","horari":[{"periode":"","dia":"Cada dia","hores":"de 10.00 h a 12.30 h i de 15.00 h a 19.00 h"}],"web":"","email":""},"geometry":{"type":"Point","coordinates":[2.1785390509848854,41.38724491943708]}},{"type":"Feature","properties":{"nom":"Llibreria Jaimes","adreca":"Carrer de València, 318","barri":"la Dreta de l\u0027Eixample","districte":"Eixample","horari":[{"periode":"","dia":"De dilluns a dissabte","hores":"de 10.00 h a 14.00 h i de 16.00 h a 20.00 h"}],"web":"","email":"atencioalclient@jaimes.cat"},"geometry":{"type":"Point","coordinates":[2.1670076943305774,41.395340614590445]}},{"type":"Feature","properties":{"nom":"Centre Comercial Diagonal Mar","adreca":"Avinguda Diagonal, 3","barri":"Diagonal Mar i el Front Marítim del Poblenou","districte":"Sant Martí","horari":[{"periode":"Horari d\u0027hivern: de l\u00271 d\u0027octubre al 31 de maig","dia":"De dilluns a dissabtes","hores":"de 09:00 h a 21:00 h"},{"periode":"Horari d\u0027estiu: de l\u00271 de juny al 30 de setembre","dia":"De dilluns a dissabte","hores":"de 09:30 h a 22:00 h"},{"periode":"Horari d\u0027estiu: de l\u00271 de juny al 30 de setembre","dia":"Diumenge, fins el 15 de setembre","hores":"de 12.00 h a 20.00 h"}],"web":"","email":"info@diagonalmarcentre.com"},"geometry":{"type":"Point","coordinates":[2.2164033850480425,41.410440810866717]}},{"type":"Feature","properties":{"nom":"Museu d\u0027Art Contemporani de Barcelona","adreca":"Plaça dels Àngels, 1","barri":"el Raval","districte":"Ciutat Vella","horari":[{"periode":"Del 25 setembre al 24 juny","dia":"Dilluns, dimecres, dijous i divendres excepte 24 desembre i 31 desembre","hores":"d\u002711:00 h a 19:30 h"},{"periode":"Del 25 setembre al 24 juny","dia":"24 desembre i 31 desembre","hores":"d\u002711.00 h a 18.00 h"},{"periode":"Del 25 setembre al 24 juny","dia":"Dissabte","hores":"de 10:00 h a 20:00 h"},{"periode":"Del 25 setembre al 24 juny","dia":"Diumenge i festiusTancat 25 desembre i 1 gener","hores":"de 10:00 h a 15:00 h"},{"periode":"Del 25 setembre al 24 juny","dia":"Horari especial festiu:3 d\u0027abril, 6 d\u0027abril i 24 de juny","hores":"de 10.00 h a 20.00 h"},{"periode":"Del 25 setembre al 24 juny","dia":"La Nit dels Museus 2026:16 de maig","hores":"de 19.00 h a 01.00 h"},{"periode":"Del 25 juny al 24 setembre","dia":"Dilluns, dimecres, dijous, divendres, dissabtei festius (15 d\u0027agost i 11 i 24 de setembre)","hores":"de 10:00 h a 20:00 h"},{"periode":"Del 25 juny al 24 setembre","dia":"Diumenge","hores":"de 10:00 h a 15:00 h"}],"web":"","email":"macba@macba.cat"},"geometry":{"type":"Point","coordinates":[2.1678485289915796,41.383177415641065]}},{"type":"Feature","properties":{"nom":"La Fàbrica del Sol","adreca":"Pg Salvat Papasseit, 1","barri":"la Barceloneta","districte":"Ciutat Vella","horari":[{"periode":"De l\u00271 setembre al 30 juny","dia":"De dilluns a dijous excepte 5 gener, 2 abril, 23 juny, 24 desembre i 31 desembre","hores":"de 09.00 h a 18.30 h"},{"periode":"De l\u00271 setembre al 30 juny","dia":"5 gener, 2 abril, 23 juny, 24 desembre i 31 desembre","hores":"de 09.00 h a 14.30 h"},{"periode":"De l\u00271 setembre al 30 juny","dia":"Divendres","hores":"de 09.00 h a 15.00 h"},{"periode":"Estiu 2026De l\u00271 de juliol al 31 agost","dia":"De dilluns a divendres","hores":"de 09.00 h a 14.30 h"}],"web":"","email":"lafabricadelsol@bcn.cat"},"geometry":{"type":"Point","coordinates":[2.1912801963845494,41.383031580266]}},{"type":"Feature","properties":{"nom":"Casal de Barri Transformadors","adreca":"Carrer d\u0027Ausiàs Marc, 60","barri":"el Fort Pienc","districte":"Eixample","horari":[{"periode":"De l\u00271 setembre al 31 juliol","dia":"De dilluns a divendres","hores":"de 16.30 h a 21.00 h"},{"periode":"Estiu 2025De l\u00271 agost al 31 agost","dia":"Tots els dies tancat","hores":"Tancat"}],"web":"","email":"casaltransformadors@gmail.com"},"geometry":{"type":"Point","coordinates":[2.178604706991611,41.393462067935161]}},{"type":"Feature","properties":{"nom":"Casal de Barri Can Baró - El Pirineu","adreca":"C Josep Serrano, 59","barri":"Can Baró","districte":"Horta-Guinardó","horari":[{"periode":"De l\u00271 setembre al 31 juliol","dia":"De dilluns a divendres","hores":"de 16:30 h a 22:30 h"},{"periode":"De l\u00271 setembre al 31 juliol","dia":"Dissabte","hores":"de 09:00 h a 14:00 h"},{"periode":"De l\u00271 agost al 31 agost","dia":"Tots els dies","hores":"Tancat"}],"web":"","email":"direcciocbpirineu@canbaro.net"},"geometry":{"type":"Point","coordinates":[2.1624353098642413,41.417231096748139]}},{"type":"Feature","properties":{"nom":"Llibreria Cooperativa Abacus *Enric Granados","adreca":"Carrer d\u0027Enric Granados, 112","barri":"l\u0027Antiga Esquerra de l\u0027Eixample","districte":"Eixample","horari":[{"periode":"","dia":"De dilluns a divendres","hores":"de 09:30 h a 21:00 h"},{"periode":"","dia":"Dissabte","hores":"de 10:00 h a 21:00 h"}],"web":"","email":"espaiabacus@abacus.coop"},"geometry":{"type":"Point","coordinates":[2.1545858384153296,41.393832360810855]}},{"type":"Feature","properties":{"nom":"Casal de Barri Can Portabella","adreca":"C Virgili, 18","barri":"Sant Andreu","districte":"Sant Andreu","horari":[{"periode":"De l\u00271 setembre al 31 juliol","dia":"De dilluns a divendres","hores":"de 09:00 h a 14:00 h i de 16:00 h a 21:00 h"},{"periode":"De l\u00271 agost al 31 agost","dia":"Tots els dies tancat","hores":"Tancat"}],"web":"","email":"informacio@canportabella.cat"},"geometry":{"type":"Point","coordinates":[2.1939367005254655,41.4291308751184]}},{"type":"Feature","properties":{"nom":"Piscina Descoberta","adreca":"Passeig de la Vall d\u0027Hebron, 178","barri":"la Vall d\u0027Hebron","districte":"Horta-Guinardó","horari":[{"periode":"Estiu 2026:Del 8 juny al 13 setembre","dia":"De dilluns a divendres","hores":"de 10.00 h a 20.00 h"},{"periode":"Estiu 2026:Del 8 juny al 13 setembre","dia":"Dissabte, diumenge i festius","hores":"de 10.00 h a 19.00 h"}],"web":"","email":"atencioclients.vallhebron@eurofitness.com"},"geometry":{"type":"Point","coordinates":[2.1454720519149793,41.429747492230561]}},{"type":"Feature","properties":{"nom":"Casal de Gent Gran de la Trinitat Vella","adreca":"Carretera de Ribes, 85","barri":"la Trinitat Vella","districte":"Sant Andreu","horari":[{"periode":"De setembre a juliol","dia":"De dilluns a divendres","hores":"de 09.30 h a 13.00 h i de 16.00 h a 19.30 h"},{"periode":"De setembre a juliol","dia":"Dissabte i diumenge","hores":"de 10.00 h a 13.00 h i de 16.00 h a 19.30 h"},{"periode":"Agost","dia":"De dilluns a divendres","hores":"de 16.00 h a 20.00 h"},{"periode":"Agost","dia":"Dissabte","hores":"de 16.30 h a 19.45 h"},{"periode":"Agost","dia":"Diumenge","hores":"de 16.00 h a 20.00 h"}],"web":"","email":"infocggtrinitatvella@bcn.cat"},"geometry":{"type":"Point","coordinates":[2.1895350129614184,41.449925226360683]}},{"type":"Feature","properties":{"nom":"Biblioteca El Carmel - Juan Marsé","adreca":"Carrer de la Murtra, 135","barri":"el Carmel","districte":"Horta-Guinardó","horari":[{"periode":"Horari habitualal llarg de l\u0027any","dia":"De dilluns a dijousexcepte dimarts 23 de juny","hores":"de 09.30 h a 13.30 h i de 15.30 h a 20.00 h"},{"periode":"Horari habitualal llarg de l\u0027any","dia":"Dimarts 23 de juny","hores":"de 09.30 h a 13.30 h"},{"periode":"Horari habitualal llarg de l\u0027any","dia":"Divendres","hores":"de 09.30 h a 20.00 h"},{"periode":"Horari habitualal llarg de l\u0027any","dia":"Dissabte","hores":"de 10.00 h a 14.00 h i de 16.00 h a 20.00 h"},{"periode":"Horari habitualal llarg de l\u0027any","dia":"Diumenge","hores":"de 10.00 h a 14.00 h"},{"periode":"Estiu 2026Del 24 juny al 31 juliol","dia":"De dilluns a dijous","hores":"de 09.30 h a 13.30 h i de 15.30 h a 20.00 h"},{"periode":"Estiu 2026Del 24 juny al 31 juliol","dia":"Divendres","hores":"de 09.30 h a 20.00 h"},{"periode":"Estiu 2026Del 24 juny al 31 juliol","dia":"Dissabte","hores":"de 10.00 h a 14.00 h"},{"periode":"De l\u00271 agost al 31 agost","dia":"Tots els dies","hores":"Tancat"},{"periode":"De l\u00271 setembre al 24 setembre","dia":"De dilluns a dijous","hores":"de 09.30 h a 13.30 h i de 15.30 h a 20.00 h"},{"periode":"De l\u00271 setembre al 24 setembre","dia":"Divendres","hores":"de 09.30 h a 20.00 h"},{"periode":"De l\u00271 setembre al 24 setembre","dia":"Dissabte","hores":"de 10.00 h a 14.00 h"}],"web":"","email":"b.barcelona.jma@diba.cat"},"geometry":{"type":"Point","coordinates":[2.1551159636410184,41.421027795611622]}},{"type":"Feature","properties":{"nom":"Piscina Coberta","adreca":"Carrer de la Noguera Pallaresa, 34","barri":"la Bordeta","districte":"Sants-Montjuïc","horari":[{"periode":"","dia":"De dilluns a divendres","hores":"de 07:00 h a 23:00 h"},{"periode":"","dia":"Dissabte, diumenge i festius","hores":"de 08:00 h a 14:30 h"}],"web":"","email":"bordeta@atlesesports.cat"},"geometry":{"type":"Point","coordinates":[2.1391868181707934,41.372300592096963]}},{"type":"Feature","properties":{"nom":"Casal de Barri Cardener","adreca":"Carrer del Cardener, 45","barri":"la Salut","districte":"Gràcia","horari":[{"periode":"de l\u00271 de setembre al 31 de juliol","dia":"De dilluns a divendres","hores":"de 10:00 h a 13:00 h i de 16:00 h a 20:00 h"},{"periode":"de l\u00271 d\u0027agost al 31 d\u0027agost","dia":"Tots els dies","hores":"Tancat"}],"web":"","email":"info@cardener.cat"},"geometry":{"type":"Point","coordinates":[2.1570346295006129,41.41011609494813]}},{"type":"Feature","properties":{"nom":"Biblioteca Sant Antoni - Joan Oliver","adreca":"Carrer del Comte Borrell, 44","barri":"Sant Antoni","districte":"Eixample","horari":[{"periode":"Horari habitual al llarg de l\u0027any","dia":"Dilluns i divendres","hores":"de 15.30 h a 20.00 h"},{"periode":"Horari habitual al llarg de l\u0027any","dia":"Dimarts i dijous excepte 23 de juny","hores":"de 09.30 h a 13.30 h i de 15.30 h a 20.00 h"},{"periode":"Horari habitual al llarg de l\u0027any","dia":"Dimarts 23 de juny","hores":"de 09.30 h a 13.30 h"},{"periode":"Horari habitual al llarg de l\u0027any","dia":"Dimecres","hores":"de 09.30 h a 20.00 h"},{"periode":"Horari habitual al llarg de l\u0027any","dia":"Dissabte","hores":"de 10.00 h a 14.00 h"},{"periode":"Estiu 2026Del 24 juny al 31 juliol","dia":"Dilluns i divendres","hores":"de 15.30 h a 20.00 h"},{"periode":"Estiu 2026Del 24 juny al 31 juliol","dia":"Dimarts i dijous","hores":"de 09.30 h a 13.30 h i de 15.30 h a 20.00 h"},{"periode":"Estiu 2026Del 24 juny al 31 juliol","dia":"Dimecres","hores":"de 09.30 h a 20.00 h"},{"periode":"De l\u00271 agost al 31 agost","dia":"Tots el dies","hores":"Tancada"},{"periode":"De l\u00271 setembre al 24 setembre","dia":"Dilluns i divendres","hores":"de 15.30 h a 20.00 h"},{"periode":"De l\u00271 setembre al 24 setembre","dia":"Dimarts i dijous","hores":"de 09.30 h a 13.30 h i de 15.30 h a 20.00 h"},{"periode":"De l\u00271 setembre al 24 setembre","dia":"Dimecres","hores":"de 09.30 h a 20.00 h"}],"web":"","email":"b.barcelona.jo@diba.cat"},"geometry":{"type":"Point","coordinates":[2.1627959464021846,41.377416271144682]}},{"type":"Feature","properties":{"nom":"Col·legi Oficial de Metges de Barcelona","adreca":"Passeig de la Bonanova, 47","barri":"les Tres Torres","districte":"Sarrià-Sant Gervasi","horari":[{"periode":"De l\u00271 setembre al 31 juliol","dia":"De dilluns a dijous","hores":"de 08.00 h a 20.00 h"},{"periode":"De l\u00271 setembre al 31 juliol","dia":"Divendres","hores":"de 08.00 h a 15.00 h"},{"periode":"De l\u00271 agost al 31 agost","dia":"De dilluns a divendres","hores":"de 08.00 h a 15.00 h"}],"web":"","email":"col.metges@comb.cat"},"geometry":{"type":"Point","coordinates":[2.1293414548679932,41.404236241777]}},{"type":"Feature","properties":{"nom":"Supermercat Consum *Comte d\u0027Urgell","adreca":"Carrer del Comte d\u0027Urgell, 87","barri":"la Nova Esquerra de l\u0027Eixample","districte":"Eixample","horari":[],"web":"http://www.consum.es","email":""},"geometry":{"type":"Point","coordinates":[2.156521140095728,41.38348086326701]}},{"type":"Feature","properties":{"nom":"Supermercat Consum *Av. Madrid 160","adreca":"Avinguda de Madrid, 160","barri":"Sants","districte":"Sants-Montjuïc","horari":[],"web":"http://www.consum.es","email":""},"geometry":{"type":"Point","coordinates":[2.1311722659953203,41.380249364132567]}},{"type":"Feature","properties":{"nom":"Centre Cívic Casa Orlandai","adreca":"Carrer de Jaume Piquet, 23","barri":"Sarrià","districte":"Sarrià-Sant Gervasi","horari":[{"periode":"De setembre a juliol","dia":"De dilluns a dissabte","hores":"de 10.00 h a 14.00 h i de 16.00 h a 20.00 h"},{"periode":"Estiu 2026Agost","dia":"Tots els dies","hores":"Tancat"}],"web":"","email":"info@casaorlandai.cat"},"geometry":{"type":"Point","coordinates":[2.1246720318706647,41.3983599977031]}},{"type":"Feature","properties":{"nom":"Museu Olímpic i de l\u0027Esport Joan Antoni Samaranch de Barcelona","adreca":"Avinguda de l\u0027Estadi, 60","barri":"el Poble-sec","districte":"Sants-Montjuïc","horari":[{"periode":"De l\u00271 octubre al 31 març","dia":"De dimarts a dissabte","hores":"de 10:00 h a 18:00 h"},{"periode":"De l\u00271 octubre al 31 març","dia":"Diumenge i festius Tancat 25 desembre, 26 desembre i 1 gener","hores":"de 10:00 h a 14:30 h"},{"periode":"De l\u00271 abril al 30 setembre","dia":"De dimarts a dissabte","hores":"de 10.00 h a 19.00 h"},{"periode":"De l\u00271 abril al 30 setembre","dia":"Diumenge i festius Tancat 1 de maig","hores":"de 10.00 h a 14.30 h"},{"periode":"De l\u00271 abril al 30 setembre","dia":"La Nit dels Museus 2026:16 de maig","hores":"de 19.00 h a 01.00 h"}],"web":"","email":"info@fbolimpica.es"},"geometry":{"type":"Point","coordinates":[2.1570941364707474,41.366280925076076]}},{"type":"Feature","properties":{"nom":"Piscines Cobertes","adreca":"Travessera de les Corts, 252","barri":"les Corts","districte":"Les Corts","horari":[{"periode":"","dia":"De dilluns a divendres","hores":"de 06.30 h a 23.00 h"},{"periode":"","dia":"Dissabte","hores":"de 08.00 h a 20.00 h"},{"periode":"","dia":"Diumenge","hores":"de 09.00 h a 20.00 h"},{"periode":"","dia":"Festius","hores":"de 09.00 h a 15.00 h"}],"web":"","email":"infolescorts@forus.es"},"geometry":{"type":"Point","coordinates":[2.1341902003518096,41.385688397564522]}},{"type":"Feature","properties":{"nom":"Jardins Interior d\u0027Illa de Paula Montal","adreca":"Carrer de Viladomat, 149","barri":"la Nova Esquerra de l\u0027Eixample","districte":"Eixample","horari":[{"periode":"Horari d\u0027hivernde l\u00271 de novembre al 31 de març","dia":"Cada dia","hores":"de 10:00 h a 19:00 h"},{"periode":"Horari d\u0027estiude l\u00271 d\u0027abril al 31 d\u0027octubre","dia":"","hores":"de 10:00 h a 21:00 h"}],"web":"","email":""},"geometry":{"type":"Point","coordinates":[2.1543867487969446,41.381753328658114]}},{"type":"Feature","properties":{"nom":"Centre Cívic  Parc Sandaru","adreca":"Carrer de Buenaventura Muñoz, 21","barri":"el Parc i la Llacuna del Poblenou","districte":"Sant Martí","horari":[{"periode":"De l\u00271 setembre al 31 juliol","dia":"De dilluns a divendres","hores":"de 08.00 h a 21.00 h"},{"periode":"Estiu 2026:De l\u00271 agost al 31 agost","dia":"Tots els dies","hores":"Tancat"}],"web":"","email":"info@ccparcsandaru.cat"},"geometry":{"type":"Point","coordinates":[2.1847668215909439,41.391745709002443]}},{"type":"Feature","properties":{"nom":"Casal de Gent Gran de Sant Ramon","adreca":"Carrer del Cardenal Reig, 11","barri":"la Maternitat i Sant Ramon","districte":"Les Corts","horari":[{"periode":"De l\u00271 octubre al 30 juny","dia":"De dilluns a divendresExcepte dijous 2 d\u0027abril","hores":"de 09.30 h a 13.00 h i de 16.00 h a 19.30 h"},{"periode":"De l\u00271 octubre al 30 juny","dia":"Dijous 2 d\u0027abril","hores":"de 09.30 h a 13.30 h"},{"periode":"De l\u00271 octubre al 30 juny","dia":"Dissabte i diumenge Tancat 4 d\u0027abril i 5 d\u0027abril","hores":"de 18.00 h a 20.00 h"},{"periode":"De l\u00271 juliol al 31 juliol","dia":"De dilluns a divendresExcepte dijous 2 d\u0027abril","hores":"de 09.30 h a 13.00 h i de 16.00 h a 19.30 h"},{"periode":"De l\u00271 agost al 31 agost","dia":"Tots els dies","hores":"Tancat"},{"periode":"De l\u00271 setembre al 30 setembre","dia":"De dilluns a divendres","hores":"de 09.30 h a 13.00 h i de 16.00 h a 19.30 h"}],"web":"","email":"gentgranlescorts@bcn.cat"},"geometry":{"type":"Point","coordinates":[2.1139841718640282,41.377117979772208]}},{"type":"Feature","properties":{"nom":"Espai de Gent Gran de l\u0027Esquerra de l\u0027Eixample","adreca":"Carrer del Rosselló, 78","barri":"la Nova Esquerra de l\u0027Eixample","districte":"Eixample","horari":[{"periode":"De setembre a juliol","dia":"De dilluns a divendres Tancat 23 i 24 de juny","hores":"de 09.15 h a 13.30 h i de 16.30 h a 19.30 h"},{"periode":"Agost","dia":"Tots els dies tancat","hores":"Tancat"}],"web":"","email":"esquerra@gentgraneixample.cat"},"geometry":{"type":"Point","coordinates":[2.1489342360294073,41.386855714482415]}},{"type":"Feature","properties":{"nom":"Piscina Coberta","adreca":"Carrer de Pedrell, 192","barri":"el Carmel","districte":"Horta-Guinardó","horari":[{"periode":"","dia":"De dilluns a divendres","hores":"de 07.00 h a 21.45 h"},{"periode":"","dia":"Dissabte i diumenge i festius","hores":"de 09.00 h a 14.15 h"}],"web":"","email":"horta@eurofitness.com"},"geometry":{"type":"Point","coordinates":[2.1585534987288009,41.423176676163877]}},{"type":"Feature","properties":{"nom":"Supermercat Consum *Balmes","adreca":"Carrer de Balmes, 306","barri":"el Putxet i el Farró","districte":"Sarrià-Sant Gervasi","horari":[],"web":"https://www.consum.es/va/","email":""},"geometry":{"type":"Point","coordinates":[2.1455395781878281,41.402460599256138]}},{"type":"Feature","properties":{"nom":"Casal de Barri El Besòs","adreca":"C Cristóbal de Moura, 232","barri":"el Besòs i el Maresme","districte":"Sant Martí","horari":[{"periode":"De l\u00271 setembre al 31 juliol","dia":"De dilluns a divendres","hores":"de 09.00 h a 14.00 h i de 16.00 h a 20.00 h"},{"periode":"De l\u00271 agost al 31 agost","dia":"De dilluns a divendres","hores":"de 09.30 h a 13.30 h"}],"web":"","email":"cbelbesos@bcn.cat"},"geometry":{"type":"Point","coordinates":[2.2146691820171704,41.416989864157962]}},{"type":"Feature","properties":{"nom":"Fundació Privada Festa Major de Gràcia","adreca":"Carrer de l\u0027Alzina, 7","barri":"la Vila de Gràcia","districte":"Gràcia","horari":[{"periode":"De l\u00271 juny al 31 juliol","dia":"De dilluns a divendres","hores":"de 16.30 h a 20.30 h"},{"periode":"De l\u00271 agost al 22 agost","dia":"Cada dia","hores":"de 10.00 h a 21.00 h"}],"web":"","email":"info@festamajordegracia.cat"},"geometry":{"type":"Point","coordinates":[2.1566660407066065,41.406087116987941]}},{"type":"Feature","properties":{"nom":"Fundació Privada Gentis *Raval","adreca":"Carrer de Maria Casas Mira, 10","barri":"el Raval","districte":"Ciutat Vella","horari":[{"periode":"","dia":"De dilluns a divendres","hores":"de 08.00 h a 15.00 h"}],"web":"","email":"info@gentis.org"},"geometry":{"type":"Point","coordinates":[2.1701656612976454,41.379561855692536]}},{"type":"Feature","properties":{"nom":"Oficina Endesa Tarsis Renovables","adreca":"Baixada de la Plana, 33","barri":"Horta","districte":"Horta-Guinardó","horari":[{"periode":"","dia":"De dilluns a divendres","hores":"de 09.00 h a 17.00 h"}],"web":"https://www.endesa.com/","email":""},"geometry":{"type":"Point","coordinates":[2.1590864151250977,41.429418860481576]}},{"type":"Feature","properties":{"nom":"Casal de Gent Gran Vall d\u0027Hebron","adreca":"C Arquitecte Moragas, 5","barri":"la Vall d\u0027Hebron","districte":"Horta-Guinardó","horari":[{"periode":"De setembre a juliol","dia":"De dilluns a divendres","hores":"de 09.00 h a 13.30 h i de 16.00 h a 20.00 h"},{"periode":"De setembre a juliol","dia":"Dissabte","hores":"de 16:00 h a 20:00 h"},{"periode":"Agost","dia":"De dilluns a dissabte","hores":"de 16.00 h a 20.00 h"}],"web":"","email":"cggvallhebron@bcn.cat"},"geometry":{"type":"Point","coordinates":[2.1471299773501786,41.432808956960137]}},{"type":"Feature","properties":{"nom":"Casal Cívic i Comunitari Barcelona - Verdum Artesania","adreca":"Carrer de l\u0027Artesania, 96","barri":"Verdun","districte":"Nou Barris","horari":[{"periode":"De l\u00271 setembre al 31 juliol","dia":"De dilluns a divendres","hores":"de 09:00 h a 21:00 h"},{"periode":"De l\u00271 setembre al 31 juliol","dia":"Dissabte","hores":"de 10:00 h a 13:30 h i de 15:30 h a 21:00 h"},{"periode":"De l\u00271 agost al 31 agost","dia":"Tots els dies tancat","hores":"Tancat"}],"web":"","email":"cc.verdumartesania@gencat.cat"},"geometry":{"type":"Point","coordinates":[2.17255184212102,41.442428084710706]}},{"type":"Feature","properties":{"nom":"Jardins de Lina Òdena","adreca":"Carrer de Sardenya, 170","barri":"el Fort Pienc","districte":"Eixample","horari":[{"periode":"Horari d’hivern: de l\u00271 de novembre al 31 de març","dia":"Cada dia","hores":"de 09.30 h a 19.00 h"},{"periode":"Horari d’estiu: de l\u00271 d\u0027abril al 31 d\u0027octubre","dia":"","hores":"de 09.30 h a 21.00 h"}],"web":"","email":""},"geometry":{"type":"Point","coordinates":[2.1833082836130293,41.396455338949409]}},{"type":"Feature","properties":{"nom":"Jardí Botànic Històric","adreca":"Avinguda dels Montanyans, 30","barri":"el Poble-sec","districte":"Sants-Montjuïc","horari":[{"periode":"de l\u00271 de novembre al 31 de gener","dia":"Cada dia i festius Tancat 25 desembre i 1 gener","hores":"de 10:00 h a 17:00 h"},{"periode":"de l\u00271 de febrer al 31 de març","dia":"Tots els dies i festius","hores":"de 10:00 h a 18:00 h"},{"periode":"de l\u00271 d\u0027abril al 31 de maig","dia":"Tots els dies i festius Excepte 1 de maig","hores":"de 10:00 h a 19:00 h"},{"periode":"de l\u00271 de juny al 31 d\u0027agost","dia":"Tots els dies i festius Excepte 24 de juny","hores":"de 10:00 h a 20:00 h"},{"periode":"de l\u00271 de setembre al 31 d\u0027octubre","dia":"Tots els dies i festius","hores":"de 10:00 h a 19:00 h"}],"web":"","email":"pjardibotanic@bcn.cat"},"geometry":{"type":"Point","coordinates":[2.1523101998969025,41.366998796852336]}},{"type":"Feature","properties":{"nom":"Piscina Descoberta","adreca":"Rambla de Guipúscoa, 23","barri":"Sant Martí de Provençals","districte":"Sant Martí","horari":[{"periode":"Estiu 2026:Del 4 maig al 31 maig","dia":"De dilluns a divendres","hores":"d\u002711.00 h a 15.00 h"},{"periode":"Estiu 2026:Del 4 maig al 31 maig","dia":"Dissabte, diumenge i festius","hores":"de 10.00 h a 16.00 h"},{"periode":"De l\u00271 juny al 6 setembre","dia":"Cada dia i festius","hores":"de 10.00 h a 20.00 h"},{"periode":"Del 7 setembre al 27 setembre","dia":"De dilluns a divendres","hores":"d\u002711.00 h a 15.00 h"},{"periode":"Del 7 setembre al 27 setembre","dia":"Dissabte, diumenge i festius","hores":"d\u002711.00 h a 19.00 h"}],"web":"","email":"info@bacderodasport.com"},"geometry":{"type":"Point","coordinates":[2.1940695265677541,41.414350023455754]}},{"type":"Feature","properties":{"nom":"Piscines Cobertes","adreca":"Carrer de l\u0027Agricultura, 222","barri":"Sant Martí de Provençals","districte":"Sant Martí","horari":[{"periode":"","dia":"De dilluns a divendres","hores":"de 07:00 h a 23:00 h"},{"periode":"","dia":"Dissabte","hores":"de 09:00 h a 20:00 h"},{"periode":"","dia":"Diumenge i festius","hores":"de 09:00 h a 15:00 h"}],"web":"https://jupitersport.cat/","email":""},"geometry":{"type":"Point","coordinates":[2.2019962264468815,41.417712371205]}},{"type":"Feature","properties":{"nom":"Piscina Coberta","adreca":"Passeig de la Vall d\u0027Hebron, 166","barri":"la Vall d\u0027Hebron","districte":"Horta-Guinardó","horari":[{"periode":"De setembre a juliol","dia":"De dilluns a divendres","hores":"de 07.00 h a 21.30 h"},{"periode":"De setembre a juliol","dia":"Dissabte","hores":"de 09.00 h a 19.00 h"},{"periode":"De setembre a juliol","dia":"Diumenge","hores":"de 09.00 h a 14.00 h"},{"periode":"Agost","dia":"De dilluns a divendres","hores":"de 07.00 h a 21.30 h"},{"periode":"Agost","dia":"Dissabte","hores":"de 09.00 h a 14.00 h"}],"web":"","email":""},"geometry":{"type":"Point","coordinates":[2.1443788203815011,41.428069387410396]}},{"type":"Feature","properties":{"nom":"Centre Cívic  Vil·la Urània","adreca":"Carrer de Saragossa, 29","barri":"el Putxet i el Farró","districte":"Sarrià-Sant Gervasi","horari":[{"periode":"De l\u00271 setembre al 31 juliol","dia":"De dilluns a divendres excepte dimarts 23 de juny","hores":"de 09.00 h a 22.00 h"},{"periode":"De l\u00271 setembre al 31 juliol","dia":"Dimarts 23 de juny","hores":"de 09.00 h a 14.00 h"},{"periode":"De l\u00271 setembre al 31 juliol","dia":"Dissabte","hores":"de 10.00 h a 14.00 h i de 16.00 h a 20.00 h"},{"periode":"Estiu 2026De l\u00271 agost al 31 agost","dia":"Tots els dies tancat","hores":"Tancat"}],"web":"","email":"informacio@vilaurania.net"},"geometry":{"type":"Point","coordinates":[2.1498168417931329,41.401449119658849]}},{"type":"Feature","properties":{"nom":"Espai Veïnal Olzinelles","adreca":"Carrer d\u0027Olzinelles, 30","barri":"Sants","districte":"Sants-Montjuïc","horari":[{"periode":"De setembre a juliol","dia":"De dilluns a divendres","hores":"de 09.00 h a 20.45 h"},{"periode":"Agost","dia":"Tots els dies","hores":"Tancat"}],"web":"","email":"dte03_espaiveinalolzinelles@bcn.cat"},"geometry":{"type":"Point","coordinates":[2.1365287089778451,41.3728382875641]}},{"type":"Feature","properties":{"nom":"Espai Jove Ca La Panarra","adreca":"Carrer de Dolors Masferrer i Bosch, 29","barri":"les Corts","districte":"Les Corts","horari":[{"periode":"De setembre a juliol","dia":"De dilluns a dijous","hores":"de 10.00 h a 22.00 h"},{"periode":"De setembre a juliol","dia":"Divendres","hores":"de 10.00 h a 23.00 h"},{"periode":"De setembre a juliol","dia":"Dissabte","hores":"d\u002711.00 h a 14.00 h i de 16.00 h a 23.00 h"},{"periode":"Agost","dia":"Tots els dies","hores":"Tancat"}],"web":"","email":"info@calapanarra.cat"},"geometry":{"type":"Point","coordinates":[2.1285702863595408,41.385023503483772]}},{"type":"Feature","properties":{"nom":"El Centre de la Platja","adreca":"Passeig Marítim de la Barceloneta - Oriol Bohigas, 25","barri":"la Barceloneta","districte":"Ciutat Vella","horari":[{"periode":"Del 7 abril al 31 juliol","dia":"Dimarts, dimecres, dijous, divendres, dissabte i diumenge","hores":"de 10.00 h a 14.00 h"},{"periode":"De l\u00271 agost al 31 agost","dia":"Tancat","hores":"Amb activitats puntuals"},{"periode":"De l\u00271 setembre al 31 octubre","dia":"Dimarts, dimecres, dijous, divendres, dissabte i diumenge","hores":"de 10.00 h a 14.00 h"},{"periode":"De l\u00271 novembre al 31 març","dia":"Tancat","hores":"Amb activitats puntuals"}],"web":"","email":"centreplatja@bcn.cat"},"geometry":{"type":"Point","coordinates":[2.1950849442696727,41.382770482481085]}},{"type":"Feature","properties":{"nom":"Piscina Coberta","adreca":"Carrer del Consell de Cent, 623","barri":"el Clot","districte":"Sant Martí","horari":[{"periode":"","dia":"De dilluns a divendres","hores":"de 07:00 h a 23:00 h"},{"periode":"","dia":"Dissabte","hores":"de 08:00 h a 20:00 h"},{"periode":"","dia":"Diumenge i festius","hores":"de 09:00 h a 15:00 h"}],"web":"","email":"vintro@asme.cat"},"geometry":{"type":"Point","coordinates":[2.1862748182374809,41.406657337510914]}}]}