{"type":"FeatureCollection","features":[{"type":"Feature","properties":{"incr":1.556},"geometry":{"type":"Polygon","coordinates":[[[1.860771,41.230465],[1.860771,41.241044],[1.871350,41.241044],[1.871350,41.230465],[1.860771,41.230465]]]}},{"type":"Feature","properties":{"incr":1.568},"geometry":{"type":"Polygon","coordinates":[[[1.818455,41.230465],[1.818455,41.241044],[1.829034,41.241044],[1.829034,41.230465],[1.818455,41.230465]]]}},{"type":"Feature","properties":{"incr":1.611},"geometry":{"type":"Polygon","coordinates":[[[1.829034,41.230465],[1.829034,41.241044],[1.839613,41.241044],[1.839613,41.230465],[1.829034,41.230465]]]}},{"type":"Feature","properties":{"incr":1.635},"geometry":{"type":"Polygon","coordinates":[[[1.839613,41.230465],[1.839613,41.241044],[1.850192,41.241044],[1.850192,41.230465],[1.839613,41.230465]]]}},{"type":"Feature","properties":{"incr":1.591},"geometry":{"type":"Polygon","coordinates":[[[1.850192,41.230465],[1.850192,41.241044],[1.860771,41.241044],[1.860771,41.230465],[1.850192,41.230465]]]}},{"type":"Feature","properties":{"incr":1.531},"geometry":{"type":"Polygon","coordinates":[[[1.818455,41.219886],[1.818455,41.230465],[1.829034,41.230465],[1.829034,41.219886],[1.818455,41.219886]]]}},{"type":"Feature","properties":{"incr":1.598},"geometry":{"type":"Polygon","coordinates":[[[1.818455,41.241044],[1.818455,41.251623],[1.829034,41.251623],[1.829034,41.241044],[1.818455,41.241044]]]}},{"type":"Feature","properties":{"incr":1.663},"geometry":{"type":"Polygon","coordinates":[[[1.829034,41.241044],[1.829034,41.251623],[1.839613,41.251623],[1.839613,41.241044],[1.829034,41.241044]]]}},{"type":"Feature","properties":{"incr":1.686},"geometry":{"type":"Polygon","coordinates":[[[1.839613,41.241044],[1.839613,41.251623],[1.850192,41.251623],[1.850192,41.241044],[1.839613,41.241044]]]}},{"type":"Feature","properties":{"incr":1.645},"geometry":{"type":"Polygon","coordinates":[[[1.850192,41.241044],[1.850192,41.251623],[1.860771,41.251623],[1.860771,41.241044],[1.850192,41.241044]]]}},{"type":"Feature","properties":{"incr":1.650},"geometry":{"type":"Polygon","coordinates":[[[1.860771,41.241044],[1.860771,41.251623],[1.871350,41.251623],[1.871350,41.241044],[1.860771,41.241044]]]}},{"type":"Feature","properties":{"incr":1.651},"geometry":{"type":"Polygon","coordinates":[[[1.871350,41.241044],[1.871350,41.251623],[1.881929,41.251623],[1.881929,41.241044],[1.871350,41.241044]]]}},{"type":"Feature","properties":{"incr":1.593},"geometry":{"type":"Polygon","coordinates":[[[1.881929,41.241044],[1.881929,41.251623],[1.892508,41.251623],[1.892508,41.241044],[1.881929,41.241044]]]}},{"type":"Feature","properties":{"incr":1.597},"geometry":{"type":"Polygon","coordinates":[[[1.892508,41.241044],[1.892508,41.251623],[1.903087,41.251623],[1.903087,41.241044],[1.892508,41.241044]]]}},{"type":"Feature","properties":{"incr":1.604},"geometry":{"type":"Polygon","coordinates":[[[1.818455,41.251623],[1.818455,41.262202],[1.829034,41.262202],[1.829034,41.251623],[1.818455,41.251623]]]}},{"type":"Feature","properties":{"incr":1.655},"geometry":{"type":"Polygon","coordinates":[[[1.829034,41.251623],[1.829034,41.262202],[1.839613,41.262202],[1.839613,41.251623],[1.829034,41.251623]]]}},{"type":"Feature","properties":{"incr":1.668},"geometry":{"type":"Polygon","coordinates":[[[1.839613,41.251623],[1.839613,41.262202],[1.850192,41.262202],[1.850192,41.251623],[1.839613,41.251623]]]}},{"type":"Feature","properties":{"incr":1.667},"geometry":{"type":"Polygon","coordinates":[[[1.850192,41.251623],[1.850192,41.262202],[1.860771,41.262202],[1.860771,41.251623],[1.850192,41.251623]]]}},{"type":"Feature","properties":{"incr":1.698},"geometry":{"type":"Polygon","coordinates":[[[1.860771,41.251623],[1.860771,41.262202],[1.871350,41.262202],[1.871350,41.251623],[1.860771,41.251623]]]}},{"type":"Feature","properties":{"incr":1.719},"geometry":{"type":"Polygon","coordinates":[[[1.871350,41.251623],[1.871350,41.262202],[1.881929,41.262202],[1.881929,41.251623],[1.871350,41.251623]]]}},{"type":"Feature","properties":{"incr":1.704},"geometry":{"type":"Polygon","coordinates":[[[1.881929,41.251623],[1.881929,41.262202],[1.892508,41.262202],[1.892508,41.251623],[1.881929,41.251623]]]}},{"type":"Feature","properties":{"incr":1.666},"geometry":{"type":"Polygon","coordinates":[[[1.892508,41.251623],[1.892508,41.262202],[1.903087,41.262202],[1.903087,41.251623],[1.892508,41.251623]]]}},{"type":"Feature","properties":{"incr":1.662},"geometry":{"type":"Polygon","coordinates":[[[1.966562,41.251623],[1.966562,41.262202],[1.977141,41.262202],[1.977141,41.251623],[1.966562,41.251623]]]}},{"type":"Feature","properties":{"incr":1.663},"geometry":{"type":"Polygon","coordinates":[[[1.977141,41.251623],[1.977141,41.262202],[1.987720,41.262202],[1.987720,41.251623],[1.977141,41.251623]]]}},{"type":"Feature","properties":{"incr":1.676},"geometry":{"type":"Polygon","coordinates":[[[1.987720,41.251623],[1.987720,41.262202],[1.998299,41.262202],[1.998299,41.251623],[1.987720,41.251623]]]}},{"type":"Feature","properties":{"incr":1.628},"geometry":{"type":"Polygon","coordinates":[[[1.903087,41.251623],[1.903087,41.262202],[1.913666,41.262202],[1.913666,41.251623],[1.903087,41.251623]]]}},{"type":"Feature","properties":{"incr":1.642},"geometry":{"type":"Polygon","coordinates":[[[1.913666,41.251623],[1.913666,41.262202],[1.924246,41.262202],[1.924246,41.251623],[1.913666,41.251623]]]}},{"type":"Feature","properties":{"incr":1.605},"geometry":{"type":"Polygon","coordinates":[[[1.924246,41.251623],[1.924246,41.262202],[1.934825,41.262202],[1.934825,41.251623],[1.924246,41.251623]]]}},{"type":"Feature","properties":{"incr":1.651},"geometry":{"type":"Polygon","coordinates":[[[1.934825,41.251623],[1.934825,41.262202],[1.945404,41.262202],[1.945404,41.251623],[1.934825,41.251623]]]}},{"type":"Feature","properties":{"incr":1.666},"geometry":{"type":"Polygon","coordinates":[[[1.945404,41.251623],[1.945404,41.262202],[1.955983,41.262202],[1.955983,41.251623],[1.945404,41.251623]]]}},{"type":"Feature","properties":{"incr":1.669},"geometry":{"type":"Polygon","coordinates":[[[1.955983,41.251623],[1.955983,41.262202],[1.966562,41.262202],[1.966562,41.251623],[1.955983,41.251623]]]}},{"type":"Feature","properties":{"incr":1.688},"geometry":{"type":"Polygon","coordinates":[[[1.998299,41.251623],[1.998299,41.262202],[2.008878,41.262202],[2.008878,41.251623],[1.998299,41.251623]]]}},{"type":"Feature","properties":{"incr":1.694},"geometry":{"type":"Polygon","coordinates":[[[2.008878,41.251623],[2.008878,41.262202],[2.019458,41.262202],[2.019458,41.251623],[2.008878,41.251623]]]}},{"type":"Feature","properties":{"incr":1.761},"geometry":{"type":"Polygon","coordinates":[[[1.871350,41.262202],[1.871350,41.272781],[1.881929,41.272781],[1.881929,41.262202],[1.871350,41.262202]]]}},{"type":"Feature","properties":{"incr":1.755},"geometry":{"type":"Polygon","coordinates":[[[1.881929,41.262202],[1.881929,41.272781],[1.892508,41.272781],[1.892508,41.262202],[1.881929,41.262202]]]}},{"type":"Feature","properties":{"incr":1.767},"geometry":{"type":"Polygon","coordinates":[[[1.892508,41.262202],[1.892508,41.272781],[1.903087,41.272781],[1.903087,41.262202],[1.892508,41.262202]]]}},{"type":"Feature","properties":{"incr":1.597},"geometry":{"type":"Polygon","coordinates":[[[1.818455,41.262202],[1.818455,41.272781],[1.829034,41.272781],[1.829034,41.262202],[1.818455,41.262202]]]}},{"type":"Feature","properties":{"incr":1.653},"geometry":{"type":"Polygon","coordinates":[[[1.829034,41.262202],[1.829034,41.272781],[1.839613,41.272781],[1.839613,41.262202],[1.829034,41.262202]]]}},{"type":"Feature","properties":{"incr":1.676},"geometry":{"type":"Polygon","coordinates":[[[1.839613,41.262202],[1.839613,41.272781],[1.850192,41.272781],[1.850192,41.262202],[1.839613,41.262202]]]}},{"type":"Feature","properties":{"incr":1.702},"geometry":{"type":"Polygon","coordinates":[[[1.850192,41.262202],[1.850192,41.272781],[1.860771,41.272781],[1.860771,41.262202],[1.850192,41.262202]]]}},{"type":"Feature","properties":{"incr":1.735},"geometry":{"type":"Polygon","coordinates":[[[1.860771,41.262202],[1.860771,41.272781],[1.871350,41.272781],[1.871350,41.262202],[1.860771,41.262202]]]}},{"type":"Feature","properties":{"incr":1.689},"geometry":{"type":"Polygon","coordinates":[[[1.966562,41.262202],[1.966562,41.272781],[1.977141,41.272781],[1.977141,41.262202],[1.966562,41.262202]]]}},{"type":"Feature","properties":{"incr":1.680},"geometry":{"type":"Polygon","coordinates":[[[1.977141,41.262202],[1.977141,41.272781],[1.987720,41.272781],[1.987720,41.262202],[1.977141,41.262202]]]}},{"type":"Feature","properties":{"incr":1.594},"geometry":{"type":"Polygon","coordinates":[[[1.987720,41.262202],[1.987720,41.272781],[1.998299,41.272781],[1.998299,41.262202],[1.987720,41.262202]]]}},{"type":"Feature","properties":{"incr":1.599},"geometry":{"type":"Polygon","coordinates":[[[1.998299,41.262202],[1.998299,41.272781],[2.008878,41.272781],[2.008878,41.262202],[1.998299,41.262202]]]}},{"type":"Feature","properties":{"incr":1.614},"geometry":{"type":"Polygon","coordinates":[[[2.008878,41.262202],[2.008878,41.272781],[2.019458,41.272781],[2.019458,41.262202],[2.008878,41.262202]]]}},{"type":"Feature","properties":{"incr":1.699},"geometry":{"type":"Polygon","coordinates":[[[2.019458,41.262202],[2.019458,41.272781],[2.030037,41.272781],[2.030037,41.262202],[2.019458,41.262202]]]}},{"type":"Feature","properties":{"incr":1.639},"geometry":{"type":"Polygon","coordinates":[[[2.030037,41.262202],[2.030037,41.272781],[2.040616,41.272781],[2.040616,41.262202],[2.030037,41.262202]]]}},{"type":"Feature","properties":{"incr":1.661},"geometry":{"type":"Polygon","coordinates":[[[2.040616,41.262202],[2.040616,41.272781],[2.051195,41.272781],[2.051195,41.262202],[2.040616,41.262202]]]}},{"type":"Feature","properties":{"incr":1.603},"geometry":{"type":"Polygon","coordinates":[[[2.051195,41.262202],[2.051195,41.272781],[2.061774,41.272781],[2.061774,41.262202],[2.051195,41.262202]]]}},{"type":"Feature","properties":{"incr":1.561},"geometry":{"type":"Polygon","coordinates":[[[2.061774,41.262202],[2.061774,41.272781],[2.072353,41.272781],[2.072353,41.262202],[2.061774,41.262202]]]}},{"type":"Feature","properties":{"incr":1.765},"geometry":{"type":"Polygon","coordinates":[[[1.903087,41.262202],[1.903087,41.272781],[1.913666,41.272781],[1.913666,41.262202],[1.903087,41.262202]]]}},{"type":"Feature","properties":{"incr":1.782},"geometry":{"type":"Polygon","coordinates":[[[1.913666,41.262202],[1.913666,41.272781],[1.924246,41.272781],[1.924246,41.262202],[1.913666,41.262202]]]}},{"type":"Feature","properties":{"incr":1.734},"geometry":{"type":"Polygon","coordinates":[[[1.924246,41.262202],[1.924246,41.272781],[1.934825,41.272781],[1.934825,41.262202],[1.924246,41.262202]]]}},{"type":"Feature","properties":{"incr":1.706},"geometry":{"type":"Polygon","coordinates":[[[1.934825,41.262202],[1.934825,41.272781],[1.945404,41.272781],[1.945404,41.262202],[1.934825,41.262202]]]}},{"type":"Feature","properties":{"incr":1.702},"geometry":{"type":"Polygon","coordinates":[[[1.945404,41.262202],[1.945404,41.272781],[1.955983,41.272781],[1.955983,41.262202],[1.945404,41.262202]]]}},{"type":"Feature","properties":{"incr":1.693},"geometry":{"type":"Polygon","coordinates":[[[1.955983,41.262202],[1.955983,41.272781],[1.966562,41.272781],[1.966562,41.262202],[1.955983,41.262202]]]}},{"type":"Feature","properties":{"incr":1.585},"geometry":{"type":"Polygon","coordinates":[[[1.818455,41.272781],[1.818455,41.283360],[1.829034,41.283360],[1.829034,41.272781],[1.818455,41.272781]]]}},{"type":"Feature","properties":{"incr":1.629},"geometry":{"type":"Polygon","coordinates":[[[1.829034,41.272781],[1.829034,41.283360],[1.839613,41.283360],[1.839613,41.272781],[1.829034,41.272781]]]}},{"type":"Feature","properties":{"incr":1.675},"geometry":{"type":"Polygon","coordinates":[[[1.839613,41.272781],[1.839613,41.283360],[1.850192,41.283360],[1.850192,41.272781],[1.839613,41.272781]]]}},{"type":"Feature","properties":{"incr":1.689},"geometry":{"type":"Polygon","coordinates":[[[1.977141,41.272781],[1.977141,41.283360],[1.987720,41.283360],[1.987720,41.272781],[1.977141,41.272781]]]}},{"type":"Feature","properties":{"incr":1.585},"geometry":{"type":"Polygon","coordinates":[[[1.987720,41.272781],[1.987720,41.283360],[1.998299,41.283360],[1.998299,41.272781],[1.987720,41.272781]]]}},{"type":"Feature","properties":{"incr":1.610},"geometry":{"type":"Polygon","coordinates":[[[1.998299,41.272781],[1.998299,41.283360],[2.008878,41.283360],[2.008878,41.272781],[1.998299,41.272781]]]}},{"type":"Feature","properties":{"incr":1.726},"geometry":{"type":"Polygon","coordinates":[[[1.850192,41.272781],[1.850192,41.283360],[1.860771,41.283360],[1.860771,41.272781],[1.850192,41.272781]]]}},{"type":"Feature","properties":{"incr":1.783},"geometry":{"type":"Polygon","coordinates":[[[1.860771,41.272781],[1.860771,41.283360],[1.871350,41.283360],[1.871350,41.272781],[1.860771,41.272781]]]}},{"type":"Feature","properties":{"incr":1.809},"geometry":{"type":"Polygon","coordinates":[[[1.871350,41.272781],[1.871350,41.283360],[1.881929,41.283360],[1.881929,41.272781],[1.871350,41.272781]]]}},{"type":"Feature","properties":{"incr":1.825},"geometry":{"type":"Polygon","coordinates":[[[1.881929,41.272781],[1.881929,41.283360],[1.892508,41.283360],[1.892508,41.272781],[1.881929,41.272781]]]}},{"type":"Feature","properties":{"incr":1.844},"geometry":{"type":"Polygon","coordinates":[[[1.892508,41.272781],[1.892508,41.283360],[1.903087,41.283360],[1.903087,41.272781],[1.892508,41.272781]]]}},{"type":"Feature","properties":{"incr":1.829},"geometry":{"type":"Polygon","coordinates":[[[1.903087,41.272781],[1.903087,41.283360],[1.913666,41.283360],[1.913666,41.272781],[1.903087,41.272781]]]}},{"type":"Feature","properties":{"incr":1.853},"geometry":{"type":"Polygon","coordinates":[[[1.913666,41.272781],[1.913666,41.283360],[1.924246,41.283360],[1.924246,41.272781],[1.913666,41.272781]]]}},{"type":"Feature","properties":{"incr":1.855},"geometry":{"type":"Polygon","coordinates":[[[1.924246,41.272781],[1.924246,41.283360],[1.934825,41.283360],[1.934825,41.272781],[1.924246,41.272781]]]}},{"type":"Feature","properties":{"incr":1.837},"geometry":{"type":"Polygon","coordinates":[[[1.934825,41.272781],[1.934825,41.283360],[1.945404,41.283360],[1.945404,41.272781],[1.934825,41.272781]]]}},{"type":"Feature","properties":{"incr":1.795},"geometry":{"type":"Polygon","coordinates":[[[1.945404,41.272781],[1.945404,41.283360],[1.955983,41.283360],[1.955983,41.272781],[1.945404,41.272781]]]}},{"type":"Feature","properties":{"incr":1.751},"geometry":{"type":"Polygon","coordinates":[[[1.955983,41.272781],[1.955983,41.283360],[1.966562,41.283360],[1.966562,41.272781],[1.955983,41.272781]]]}},{"type":"Feature","properties":{"incr":1.725},"geometry":{"type":"Polygon","coordinates":[[[1.966562,41.272781],[1.966562,41.283360],[1.977141,41.283360],[1.977141,41.272781],[1.966562,41.272781]]]}},{"type":"Feature","properties":{"incr":1.391},"geometry":{"type":"Polygon","coordinates":[[[2.072353,41.272781],[2.072353,41.283360],[2.082932,41.283360],[2.082932,41.272781],[2.072353,41.272781]]]}},{"type":"Feature","properties":{"incr":1.416},"geometry":{"type":"Polygon","coordinates":[[[2.082932,41.272781],[2.082932,41.283360],[2.093511,41.283360],[2.093511,41.272781],[2.082932,41.272781]]]}},{"type":"Feature","properties":{"incr":1.456},"geometry":{"type":"Polygon","coordinates":[[[2.093511,41.272781],[2.093511,41.283360],[2.104090,41.283360],[2.104090,41.272781],[2.093511,41.272781]]]}},{"type":"Feature","properties":{"incr":1.662},"geometry":{"type":"Polygon","coordinates":[[[1.829034,41.283360],[1.829034,41.293940],[1.839613,41.293940],[1.839613,41.283360],[1.829034,41.283360]]]}},{"type":"Feature","properties":{"incr":1.705},"geometry":{"type":"Polygon","coordinates":[[[1.839613,41.283360],[1.839613,41.293940],[1.850192,41.293940],[1.850192,41.283360],[1.839613,41.283360]]]}},{"type":"Feature","properties":{"incr":1.747},"geometry":{"type":"Polygon","coordinates":[[[1.850192,41.283360],[1.850192,41.293940],[1.860771,41.293940],[1.860771,41.283360],[1.850192,41.283360]]]}},{"type":"Feature","properties":{"incr":1.618},"geometry":{"type":"Polygon","coordinates":[[[1.818455,41.283360],[1.818455,41.293940],[1.829034,41.293940],[1.829034,41.283360],[1.818455,41.283360]]]}},{"type":"Feature","properties":{"incr":1.639},"geometry":{"type":"Polygon","coordinates":[[[2.008878,41.272781],[2.008878,41.283360],[2.019458,41.283360],[2.019458,41.272781],[2.008878,41.272781]]]}},{"type":"Feature","properties":{"incr":1.757},"geometry":{"type":"Polygon","coordinates":[[[2.019458,41.272781],[2.019458,41.283360],[2.030037,41.283360],[2.030037,41.272781],[2.019458,41.272781]]]}},{"type":"Feature","properties":{"incr":1.720},"geometry":{"type":"Polygon","coordinates":[[[2.030037,41.272781],[2.030037,41.283360],[2.040616,41.283360],[2.040616,41.272781],[2.030037,41.272781]]]}},{"type":"Feature","properties":{"incr":1.674},"geometry":{"type":"Polygon","coordinates":[[[2.040616,41.272781],[2.040616,41.283360],[2.051195,41.283360],[2.051195,41.272781],[2.040616,41.272781]]]}},{"type":"Feature","properties":{"incr":1.535},"geometry":{"type":"Polygon","coordinates":[[[2.051195,41.272781],[2.051195,41.283360],[2.061774,41.283360],[2.061774,41.272781],[2.051195,41.272781]]]}},{"type":"Feature","properties":{"incr":1.384},"geometry":{"type":"Polygon","coordinates":[[[2.061774,41.272781],[2.061774,41.283360],[2.072353,41.283360],[2.072353,41.272781],[2.061774,41.272781]]]}},{"type":"Feature","properties":{"incr":1.794},"geometry":{"type":"Polygon","coordinates":[[[1.860771,41.283360],[1.860771,41.293940],[1.871350,41.293940],[1.871350,41.283360],[1.860771,41.283360]]]}},{"type":"Feature","properties":{"incr":1.834},"geometry":{"type":"Polygon","coordinates":[[[1.871350,41.283360],[1.871350,41.293940],[1.881929,41.293940],[1.881929,41.283360],[1.871350,41.283360]]]}},{"type":"Feature","properties":{"incr":1.883},"geometry":{"type":"Polygon","coordinates":[[[1.881929,41.283360],[1.881929,41.293940],[1.892508,41.293940],[1.892508,41.283360],[1.881929,41.283360]]]}},{"type":"Feature","properties":{"incr":1.917},"geometry":{"type":"Polygon","coordinates":[[[1.892508,41.283360],[1.892508,41.293940],[1.903087,41.293940],[1.903087,41.283360],[1.892508,41.283360]]]}},{"type":"Feature","properties":{"incr":1.925},"geometry":{"type":"Polygon","coordinates":[[[1.903087,41.283360],[1.903087,41.293940],[1.913666,41.293940],[1.913666,41.283360],[1.903087,41.283360]]]}},{"type":"Feature","properties":{"incr":1.969},"geometry":{"type":"Polygon","coordinates":[[[1.913666,41.283360],[1.913666,41.293940],[1.924246,41.293940],[1.924246,41.283360],[1.913666,41.283360]]]}},{"type":"Feature","properties":{"incr":1.548},"geometry":{"type":"Polygon","coordinates":[[[2.051195,41.283360],[2.051195,41.293940],[2.061774,41.293940],[2.061774,41.283360],[2.051195,41.283360]]]}},{"type":"Feature","properties":{"incr":1.417},"geometry":{"type":"Polygon","coordinates":[[[2.061774,41.283360],[2.061774,41.293940],[2.072353,41.293940],[2.072353,41.283360],[2.061774,41.283360]]]}},{"type":"Feature","properties":{"incr":1.310},"geometry":{"type":"Polygon","coordinates":[[[2.072353,41.283360],[2.072353,41.293940],[2.082932,41.293940],[2.082932,41.283360],[2.072353,41.283360]]]}},{"type":"Feature","properties":{"incr":1.944},"geometry":{"type":"Polygon","coordinates":[[[1.924246,41.283360],[1.924246,41.293940],[1.934825,41.293940],[1.934825,41.283360],[1.924246,41.283360]]]}},{"type":"Feature","properties":{"incr":1.916},"geometry":{"type":"Polygon","coordinates":[[[1.934825,41.283360],[1.934825,41.293940],[1.945404,41.293940],[1.945404,41.283360],[1.934825,41.283360]]]}},{"type":"Feature","properties":{"incr":1.877},"geometry":{"type":"Polygon","coordinates":[[[1.945404,41.283360],[1.945404,41.293940],[1.955983,41.293940],[1.955983,41.283360],[1.945404,41.283360]]]}},{"type":"Feature","properties":{"incr":1.802},"geometry":{"type":"Polygon","coordinates":[[[1.955983,41.283360],[1.955983,41.293940],[1.966562,41.293940],[1.966562,41.283360],[1.955983,41.283360]]]}},{"type":"Feature","properties":{"incr":1.753},"geometry":{"type":"Polygon","coordinates":[[[1.966562,41.283360],[1.966562,41.293940],[1.977141,41.293940],[1.977141,41.283360],[1.966562,41.283360]]]}},{"type":"Feature","properties":{"incr":1.710},"geometry":{"type":"Polygon","coordinates":[[[1.977141,41.283360],[1.977141,41.293940],[1.987720,41.293940],[1.987720,41.283360],[1.977141,41.283360]]]}},{"type":"Feature","properties":{"incr":1.664},"geometry":{"type":"Polygon","coordinates":[[[1.987720,41.283360],[1.987720,41.293940],[1.998299,41.293940],[1.998299,41.283360],[1.987720,41.283360]]]}},{"type":"Feature","properties":{"incr":1.631},"geometry":{"type":"Polygon","coordinates":[[[1.998299,41.283360],[1.998299,41.293940],[2.008878,41.293940],[2.008878,41.283360],[1.998299,41.283360]]]}},{"type":"Feature","properties":{"incr":1.681},"geometry":{"type":"Polygon","coordinates":[[[2.008878,41.283360],[2.008878,41.293940],[2.019458,41.293940],[2.019458,41.283360],[2.008878,41.283360]]]}},{"type":"Feature","properties":{"incr":1.790},"geometry":{"type":"Polygon","coordinates":[[[2.019458,41.283360],[2.019458,41.293940],[2.030037,41.293940],[2.030037,41.283360],[2.019458,41.283360]]]}},{"type":"Feature","properties":{"incr":1.795},"geometry":{"type":"Polygon","coordinates":[[[2.030037,41.283360],[2.030037,41.293940],[2.040616,41.293940],[2.040616,41.283360],[2.030037,41.283360]]]}},{"type":"Feature","properties":{"incr":1.690},"geometry":{"type":"Polygon","coordinates":[[[2.040616,41.283360],[2.040616,41.293940],[2.051195,41.293940],[2.051195,41.283360],[2.040616,41.283360]]]}},{"type":"Feature","properties":{"incr":1.583},"geometry":{"type":"Polygon","coordinates":[[[2.146407,41.283360],[2.146407,41.293940],[2.156986,41.293940],[2.156986,41.283360],[2.146407,41.283360]]]}},{"type":"Feature","properties":{"incr":1.786},"geometry":{"type":"Polygon","coordinates":[[[1.850192,41.293940],[1.850192,41.304519],[1.860771,41.304519],[1.860771,41.293940],[1.850192,41.293940]]]}},{"type":"Feature","properties":{"incr":1.846},"geometry":{"type":"Polygon","coordinates":[[[1.860771,41.293940],[1.860771,41.304519],[1.871350,41.304519],[1.871350,41.293940],[1.860771,41.293940]]]}},{"type":"Feature","properties":{"incr":1.880},"geometry":{"type":"Polygon","coordinates":[[[1.871350,41.293940],[1.871350,41.304519],[1.881929,41.304519],[1.881929,41.293940],[1.871350,41.293940]]]}},{"type":"Feature","properties":{"incr":1.674},"geometry":{"type":"Polygon","coordinates":[[[1.818455,41.293940],[1.818455,41.304519],[1.829034,41.304519],[1.829034,41.293940],[1.818455,41.293940]]]}},{"type":"Feature","properties":{"incr":1.710},"geometry":{"type":"Polygon","coordinates":[[[1.829034,41.293940],[1.829034,41.304519],[1.839613,41.304519],[1.839613,41.293940],[1.829034,41.293940]]]}},{"type":"Feature","properties":{"incr":1.737},"geometry":{"type":"Polygon","coordinates":[[[1.839613,41.293940],[1.839613,41.304519],[1.850192,41.304519],[1.850192,41.293940],[1.839613,41.293940]]]}},{"type":"Feature","properties":{"incr":1.310},"geometry":{"type":"Polygon","coordinates":[[[2.082932,41.283360],[2.082932,41.293940],[2.093511,41.293940],[2.093511,41.283360],[2.082932,41.283360]]]}},{"type":"Feature","properties":{"incr":1.327},"geometry":{"type":"Polygon","coordinates":[[[2.093511,41.283360],[2.093511,41.293940],[2.104090,41.293940],[2.104090,41.283360],[2.093511,41.283360]]]}},{"type":"Feature","properties":{"incr":1.350},"geometry":{"type":"Polygon","coordinates":[[[2.104090,41.283360],[2.104090,41.293940],[2.114670,41.293940],[2.114670,41.283360],[2.104090,41.283360]]]}},{"type":"Feature","properties":{"incr":1.446},"geometry":{"type":"Polygon","coordinates":[[[2.114670,41.283360],[2.114670,41.293940],[2.125249,41.293940],[2.125249,41.283360],[2.114670,41.283360]]]}},{"type":"Feature","properties":{"incr":1.508},"geometry":{"type":"Polygon","coordinates":[[[2.125249,41.283360],[2.125249,41.293940],[2.135828,41.293940],[2.135828,41.283360],[2.125249,41.283360]]]}},{"type":"Feature","properties":{"incr":1.544},"geometry":{"type":"Polygon","coordinates":[[[2.135828,41.283360],[2.135828,41.293940],[2.146407,41.293940],[2.146407,41.283360],[2.135828,41.283360]]]}},{"type":"Feature","properties":{"incr":1.911},"geometry":{"type":"Polygon","coordinates":[[[1.881929,41.293940],[1.881929,41.304519],[1.892508,41.304519],[1.892508,41.293940],[1.881929,41.293940]]]}},{"type":"Feature","properties":{"incr":1.954},"geometry":{"type":"Polygon","coordinates":[[[1.892508,41.293940],[1.892508,41.304519],[1.903087,41.304519],[1.903087,41.293940],[1.892508,41.293940]]]}},{"type":"Feature","properties":{"incr":1.985},"geometry":{"type":"Polygon","coordinates":[[[1.903087,41.293940],[1.903087,41.304519],[1.913666,41.304519],[1.913666,41.293940],[1.903087,41.293940]]]}},{"type":"Feature","properties":{"incr":2.016},"geometry":{"type":"Polygon","coordinates":[[[1.913666,41.293940],[1.913666,41.304519],[1.924246,41.304519],[1.924246,41.293940],[1.913666,41.293940]]]}},{"type":"Feature","properties":{"incr":2.030},"geometry":{"type":"Polygon","coordinates":[[[1.924246,41.293940],[1.924246,41.304519],[1.934825,41.304519],[1.934825,41.293940],[1.924246,41.293940]]]}},{"type":"Feature","properties":{"incr":1.963},"geometry":{"type":"Polygon","coordinates":[[[1.934825,41.293940],[1.934825,41.304519],[1.945404,41.304519],[1.945404,41.293940],[1.934825,41.293940]]]}},{"type":"Feature","properties":{"incr":1.329},"geometry":{"type":"Polygon","coordinates":[[[2.072353,41.293940],[2.072353,41.304519],[2.082932,41.304519],[2.082932,41.293940],[2.072353,41.293940]]]}},{"type":"Feature","properties":{"incr":1.259},"geometry":{"type":"Polygon","coordinates":[[[2.082932,41.293940],[2.082932,41.304519],[2.093511,41.304519],[2.093511,41.293940],[2.082932,41.293940]]]}},{"type":"Feature","properties":{"incr":1.381},"geometry":{"type":"Polygon","coordinates":[[[2.093511,41.293940],[2.093511,41.304519],[2.104090,41.304519],[2.104090,41.293940],[2.093511,41.293940]]]}},{"type":"Feature","properties":{"incr":1.889},"geometry":{"type":"Polygon","coordinates":[[[1.945404,41.293940],[1.945404,41.304519],[1.955983,41.304519],[1.955983,41.293940],[1.945404,41.293940]]]}},{"type":"Feature","properties":{"incr":1.831},"geometry":{"type":"Polygon","coordinates":[[[1.955983,41.293940],[1.955983,41.304519],[1.966562,41.304519],[1.966562,41.293940],[1.955983,41.293940]]]}},{"type":"Feature","properties":{"incr":1.759},"geometry":{"type":"Polygon","coordinates":[[[1.966562,41.293940],[1.966562,41.304519],[1.977141,41.304519],[1.977141,41.293940],[1.966562,41.293940]]]}},{"type":"Feature","properties":{"incr":1.700},"geometry":{"type":"Polygon","coordinates":[[[1.977141,41.293940],[1.977141,41.304519],[1.987720,41.304519],[1.987720,41.293940],[1.977141,41.293940]]]}},{"type":"Feature","properties":{"incr":1.647},"geometry":{"type":"Polygon","coordinates":[[[1.987720,41.293940],[1.987720,41.304519],[1.998299,41.304519],[1.998299,41.293940],[1.987720,41.293940]]]}},{"type":"Feature","properties":{"incr":1.632},"geometry":{"type":"Polygon","coordinates":[[[1.998299,41.293940],[1.998299,41.304519],[2.008878,41.304519],[2.008878,41.293940],[1.998299,41.293940]]]}},{"type":"Feature","properties":{"incr":1.705},"geometry":{"type":"Polygon","coordinates":[[[2.008878,41.293940],[2.008878,41.304519],[2.019458,41.304519],[2.019458,41.293940],[2.008878,41.293940]]]}},{"type":"Feature","properties":{"incr":1.750},"geometry":{"type":"Polygon","coordinates":[[[2.019458,41.293940],[2.019458,41.304519],[2.030037,41.304519],[2.030037,41.293940],[2.019458,41.293940]]]}},{"type":"Feature","properties":{"incr":1.841},"geometry":{"type":"Polygon","coordinates":[[[2.030037,41.293940],[2.030037,41.304519],[2.040616,41.304519],[2.040616,41.293940],[2.030037,41.293940]]]}},{"type":"Feature","properties":{"incr":1.762},"geometry":{"type":"Polygon","coordinates":[[[2.040616,41.293940],[2.040616,41.304519],[2.051195,41.304519],[2.051195,41.293940],[2.040616,41.293940]]]}},{"type":"Feature","properties":{"incr":1.596},"geometry":{"type":"Polygon","coordinates":[[[2.051195,41.293940],[2.051195,41.304519],[2.061774,41.304519],[2.061774,41.293940],[2.051195,41.293940]]]}},{"type":"Feature","properties":{"incr":1.393},"geometry":{"type":"Polygon","coordinates":[[[2.061774,41.293940],[2.061774,41.304519],[2.072353,41.304519],[2.072353,41.293940],[2.061774,41.293940]]]}},{"type":"Feature","properties":{"incr":1.871},"geometry":{"type":"Polygon","coordinates":[[[1.860771,41.304519],[1.860771,41.315098],[1.871350,41.315098],[1.871350,41.304519],[1.860771,41.304519]]]}},{"type":"Feature","properties":{"incr":1.925},"geometry":{"type":"Polygon","coordinates":[[[1.871350,41.304519],[1.871350,41.315098],[1.881929,41.315098],[1.881929,41.304519],[1.871350,41.304519]]]}},{"type":"Feature","properties":{"incr":1.977},"geometry":{"type":"Polygon","coordinates":[[[1.881929,41.304519],[1.881929,41.315098],[1.892508,41.315098],[1.892508,41.304519],[1.881929,41.304519]]]}},{"type":"Feature","properties":{"incr":1.723},"geometry":{"type":"Polygon","coordinates":[[[1.818455,41.304519],[1.818455,41.315098],[1.829034,41.315098],[1.829034,41.304519],[1.818455,41.304519]]]}},{"type":"Feature","properties":{"incr":1.752},"geometry":{"type":"Polygon","coordinates":[[[1.829034,41.304519],[1.829034,41.315098],[1.839613,41.315098],[1.839613,41.304519],[1.829034,41.304519]]]}},{"type":"Feature","properties":{"incr":1.801},"geometry":{"type":"Polygon","coordinates":[[[1.839613,41.304519],[1.839613,41.315098],[1.850192,41.315098],[1.850192,41.304519],[1.839613,41.304519]]]}},{"type":"Feature","properties":{"incr":1.824},"geometry":{"type":"Polygon","coordinates":[[[1.850192,41.304519],[1.850192,41.315098],[1.860771,41.315098],[1.860771,41.304519],[1.850192,41.304519]]]}},{"type":"Feature","properties":{"incr":1.405},"geometry":{"type":"Polygon","coordinates":[[[2.104090,41.293940],[2.104090,41.304519],[2.114670,41.304519],[2.114670,41.293940],[2.104090,41.293940]]]}},{"type":"Feature","properties":{"incr":1.411},"geometry":{"type":"Polygon","coordinates":[[[2.114670,41.293940],[2.114670,41.304519],[2.125249,41.304519],[2.125249,41.293940],[2.114670,41.293940]]]}},{"type":"Feature","properties":{"incr":1.391},"geometry":{"type":"Polygon","coordinates":[[[2.125249,41.293940],[2.125249,41.304519],[2.135828,41.304519],[2.135828,41.293940],[2.125249,41.293940]]]}},{"type":"Feature","properties":{"incr":1.454},"geometry":{"type":"Polygon","coordinates":[[[2.135828,41.293940],[2.135828,41.304519],[2.146407,41.304519],[2.146407,41.293940],[2.135828,41.293940]]]}},{"type":"Feature","properties":{"incr":1.541},"geometry":{"type":"Polygon","coordinates":[[[2.146407,41.293940],[2.146407,41.304519],[2.156986,41.304519],[2.156986,41.293940],[2.146407,41.293940]]]}},{"type":"Feature","properties":{"incr":1.593},"geometry":{"type":"Polygon","coordinates":[[[2.156986,41.293940],[2.156986,41.304519],[2.167565,41.304519],[2.167565,41.293940],[2.156986,41.293940]]]}},{"type":"Feature","properties":{"incr":2.009},"geometry":{"type":"Polygon","coordinates":[[[1.892508,41.304519],[1.892508,41.315098],[1.903087,41.315098],[1.903087,41.304519],[1.892508,41.304519]]]}},{"type":"Feature","properties":{"incr":2.065},"geometry":{"type":"Polygon","coordinates":[[[1.903087,41.304519],[1.903087,41.315098],[1.913666,41.315098],[1.913666,41.304519],[1.903087,41.304519]]]}},{"type":"Feature","properties":{"incr":2.089},"geometry":{"type":"Polygon","coordinates":[[[1.913666,41.304519],[1.913666,41.315098],[1.924246,41.315098],[1.924246,41.304519],[1.913666,41.304519]]]}},{"type":"Feature","properties":{"incr":2.091},"geometry":{"type":"Polygon","coordinates":[[[1.924246,41.304519],[1.924246,41.315098],[1.934825,41.315098],[1.934825,41.304519],[1.924246,41.304519]]]}},{"type":"Feature","properties":{"incr":2.053},"geometry":{"type":"Polygon","coordinates":[[[1.934825,41.304519],[1.934825,41.315098],[1.945404,41.315098],[1.945404,41.304519],[1.934825,41.304519]]]}},{"type":"Feature","properties":{"incr":1.966},"geometry":{"type":"Polygon","coordinates":[[[1.945404,41.304519],[1.945404,41.315098],[1.955983,41.315098],[1.955983,41.304519],[1.945404,41.304519]]]}},{"type":"Feature","properties":{"incr":1.409},"geometry":{"type":"Polygon","coordinates":[[[2.082932,41.304519],[2.082932,41.315098],[2.093511,41.315098],[2.093511,41.304519],[2.082932,41.304519]]]}},{"type":"Feature","properties":{"incr":1.428},"geometry":{"type":"Polygon","coordinates":[[[2.093511,41.304519],[2.093511,41.315098],[2.104090,41.315098],[2.104090,41.304519],[2.093511,41.304519]]]}},{"type":"Feature","properties":{"incr":1.437},"geometry":{"type":"Polygon","coordinates":[[[2.104090,41.304519],[2.104090,41.315098],[2.114670,41.315098],[2.114670,41.304519],[2.104090,41.304519]]]}},{"type":"Feature","properties":{"incr":1.850},"geometry":{"type":"Polygon","coordinates":[[[1.955983,41.304519],[1.955983,41.315098],[1.966562,41.315098],[1.966562,41.304519],[1.955983,41.304519]]]}},{"type":"Feature","properties":{"incr":1.760},"geometry":{"type":"Polygon","coordinates":[[[1.966562,41.304519],[1.966562,41.315098],[1.977141,41.315098],[1.977141,41.304519],[1.966562,41.304519]]]}},{"type":"Feature","properties":{"incr":1.687},"geometry":{"type":"Polygon","coordinates":[[[1.977141,41.304519],[1.977141,41.315098],[1.987720,41.315098],[1.987720,41.304519],[1.977141,41.304519]]]}},{"type":"Feature","properties":{"incr":1.630},"geometry":{"type":"Polygon","coordinates":[[[1.987720,41.304519],[1.987720,41.315098],[1.998299,41.315098],[1.998299,41.304519],[1.987720,41.304519]]]}},{"type":"Feature","properties":{"incr":1.610},"geometry":{"type":"Polygon","coordinates":[[[1.998299,41.304519],[1.998299,41.315098],[2.008878,41.315098],[2.008878,41.304519],[1.998299,41.304519]]]}},{"type":"Feature","properties":{"incr":1.693},"geometry":{"type":"Polygon","coordinates":[[[2.008878,41.304519],[2.008878,41.315098],[2.019458,41.315098],[2.019458,41.304519],[2.008878,41.304519]]]}},{"type":"Feature","properties":{"incr":1.759},"geometry":{"type":"Polygon","coordinates":[[[2.019458,41.304519],[2.019458,41.315098],[2.030037,41.315098],[2.030037,41.304519],[2.019458,41.304519]]]}},{"type":"Feature","properties":{"incr":1.803},"geometry":{"type":"Polygon","coordinates":[[[2.030037,41.304519],[2.030037,41.315098],[2.040616,41.315098],[2.040616,41.304519],[2.030037,41.304519]]]}},{"type":"Feature","properties":{"incr":1.762},"geometry":{"type":"Polygon","coordinates":[[[2.040616,41.304519],[2.040616,41.315098],[2.051195,41.315098],[2.051195,41.304519],[2.040616,41.304519]]]}},{"type":"Feature","properties":{"incr":1.646},"geometry":{"type":"Polygon","coordinates":[[[2.051195,41.304519],[2.051195,41.315098],[2.061774,41.315098],[2.061774,41.304519],[2.051195,41.304519]]]}},{"type":"Feature","properties":{"incr":1.481},"geometry":{"type":"Polygon","coordinates":[[[2.061774,41.304519],[2.061774,41.315098],[2.072353,41.315098],[2.072353,41.304519],[2.061774,41.304519]]]}},{"type":"Feature","properties":{"incr":1.430},"geometry":{"type":"Polygon","coordinates":[[[2.072353,41.304519],[2.072353,41.315098],[2.082932,41.315098],[2.082932,41.304519],[2.072353,41.304519]]]}},{"type":"Feature","properties":{"incr":1.953},"geometry":{"type":"Polygon","coordinates":[[[1.871350,41.315098],[1.871350,41.325677],[1.881929,41.325677],[1.881929,41.315098],[1.871350,41.315098]]]}},{"type":"Feature","properties":{"incr":2.015},"geometry":{"type":"Polygon","coordinates":[[[1.881929,41.315098],[1.881929,41.325677],[1.892508,41.325677],[1.892508,41.315098],[1.881929,41.315098]]]}},{"type":"Feature","properties":{"incr":2.060},"geometry":{"type":"Polygon","coordinates":[[[1.892508,41.315098],[1.892508,41.325677],[1.903087,41.325677],[1.903087,41.315098],[1.892508,41.315098]]]}},{"type":"Feature","properties":{"incr":1.758},"geometry":{"type":"Polygon","coordinates":[[[1.818455,41.315098],[1.818455,41.325677],[1.829034,41.325677],[1.829034,41.315098],[1.818455,41.315098]]]}},{"type":"Feature","properties":{"incr":1.780},"geometry":{"type":"Polygon","coordinates":[[[1.829034,41.315098],[1.829034,41.325677],[1.839613,41.325677],[1.839613,41.315098],[1.829034,41.315098]]]}},{"type":"Feature","properties":{"incr":1.828},"geometry":{"type":"Polygon","coordinates":[[[1.839613,41.315098],[1.839613,41.325677],[1.850192,41.325677],[1.850192,41.315098],[1.839613,41.315098]]]}},{"type":"Feature","properties":{"incr":1.872},"geometry":{"type":"Polygon","coordinates":[[[1.850192,41.315098],[1.850192,41.325677],[1.860771,41.325677],[1.860771,41.315098],[1.850192,41.315098]]]}},{"type":"Feature","properties":{"incr":1.898},"geometry":{"type":"Polygon","coordinates":[[[1.860771,41.315098],[1.860771,41.325677],[1.871350,41.325677],[1.871350,41.315098],[1.860771,41.315098]]]}},{"type":"Feature","properties":{"incr":1.431},"geometry":{"type":"Polygon","coordinates":[[[2.114670,41.304519],[2.114670,41.315098],[2.125249,41.315098],[2.125249,41.304519],[2.114670,41.304519]]]}},{"type":"Feature","properties":{"incr":1.436},"geometry":{"type":"Polygon","coordinates":[[[2.125249,41.304519],[2.125249,41.315098],[2.135828,41.315098],[2.135828,41.304519],[2.125249,41.304519]]]}},{"type":"Feature","properties":{"incr":1.408},"geometry":{"type":"Polygon","coordinates":[[[2.135828,41.304519],[2.135828,41.315098],[2.146407,41.315098],[2.146407,41.304519],[2.135828,41.304519]]]}},{"type":"Feature","properties":{"incr":1.503},"geometry":{"type":"Polygon","coordinates":[[[2.146407,41.304519],[2.146407,41.315098],[2.156986,41.315098],[2.156986,41.304519],[2.146407,41.304519]]]}},{"type":"Feature","properties":{"incr":1.570},"geometry":{"type":"Polygon","coordinates":[[[2.156986,41.304519],[2.156986,41.315098],[2.167565,41.315098],[2.167565,41.304519],[2.156986,41.304519]]]}},{"type":"Feature","properties":{"incr":2.106},"geometry":{"type":"Polygon","coordinates":[[[1.903087,41.315098],[1.903087,41.325677],[1.913666,41.325677],[1.913666,41.315098],[1.903087,41.315098]]]}},{"type":"Feature","properties":{"incr":2.160},"geometry":{"type":"Polygon","coordinates":[[[1.913666,41.315098],[1.913666,41.325677],[1.924246,41.325677],[1.924246,41.315098],[1.913666,41.315098]]]}},{"type":"Feature","properties":{"incr":2.152},"geometry":{"type":"Polygon","coordinates":[[[1.924246,41.315098],[1.924246,41.325677],[1.934825,41.325677],[1.934825,41.315098],[1.924246,41.315098]]]}},{"type":"Feature","properties":{"incr":2.086},"geometry":{"type":"Polygon","coordinates":[[[1.934825,41.315098],[1.934825,41.325677],[1.945404,41.325677],[1.945404,41.315098],[1.934825,41.315098]]]}},{"type":"Feature","properties":{"incr":1.951},"geometry":{"type":"Polygon","coordinates":[[[1.945404,41.315098],[1.945404,41.325677],[1.955983,41.325677],[1.955983,41.315098],[1.945404,41.315098]]]}},{"type":"Feature","properties":{"incr":1.828},"geometry":{"type":"Polygon","coordinates":[[[1.955983,41.315098],[1.955983,41.325677],[1.966562,41.325677],[1.966562,41.315098],[1.955983,41.315098]]]}},{"type":"Feature","properties":{"incr":1.445},"geometry":{"type":"Polygon","coordinates":[[[2.093511,41.315098],[2.093511,41.325677],[2.104090,41.325677],[2.104090,41.315098],[2.093511,41.315098]]]}},{"type":"Feature","properties":{"incr":1.430},"geometry":{"type":"Polygon","coordinates":[[[2.104090,41.315098],[2.104090,41.325677],[2.114670,41.325677],[2.114670,41.315098],[2.104090,41.315098]]]}},{"type":"Feature","properties":{"incr":1.396},"geometry":{"type":"Polygon","coordinates":[[[2.114670,41.315098],[2.114670,41.325677],[2.125249,41.325677],[2.125249,41.315098],[2.114670,41.315098]]]}},{"type":"Feature","properties":{"incr":1.745},"geometry":{"type":"Polygon","coordinates":[[[1.966562,41.315098],[1.966562,41.325677],[1.977141,41.325677],[1.977141,41.315098],[1.966562,41.315098]]]}},{"type":"Feature","properties":{"incr":1.687},"geometry":{"type":"Polygon","coordinates":[[[1.977141,41.315098],[1.977141,41.325677],[1.987720,41.325677],[1.987720,41.315098],[1.977141,41.315098]]]}},{"type":"Feature","properties":{"incr":1.650},"geometry":{"type":"Polygon","coordinates":[[[1.987720,41.315098],[1.987720,41.325677],[1.998299,41.325677],[1.998299,41.315098],[1.987720,41.315098]]]}},{"type":"Feature","properties":{"incr":1.623},"geometry":{"type":"Polygon","coordinates":[[[1.998299,41.315098],[1.998299,41.325677],[2.008878,41.325677],[2.008878,41.315098],[1.998299,41.315098]]]}},{"type":"Feature","properties":{"incr":1.674},"geometry":{"type":"Polygon","coordinates":[[[2.008878,41.315098],[2.008878,41.325677],[2.019458,41.325677],[2.019458,41.315098],[2.008878,41.315098]]]}},{"type":"Feature","properties":{"incr":1.721},"geometry":{"type":"Polygon","coordinates":[[[2.019458,41.315098],[2.019458,41.325677],[2.030037,41.325677],[2.030037,41.315098],[2.019458,41.315098]]]}},{"type":"Feature","properties":{"incr":1.733},"geometry":{"type":"Polygon","coordinates":[[[2.030037,41.315098],[2.030037,41.325677],[2.040616,41.325677],[2.040616,41.315098],[2.030037,41.315098]]]}},{"type":"Feature","properties":{"incr":1.704},"geometry":{"type":"Polygon","coordinates":[[[2.040616,41.315098],[2.040616,41.325677],[2.051195,41.325677],[2.051195,41.315098],[2.040616,41.315098]]]}},{"type":"Feature","properties":{"incr":1.629},"geometry":{"type":"Polygon","coordinates":[[[2.051195,41.315098],[2.051195,41.325677],[2.061774,41.325677],[2.061774,41.315098],[2.051195,41.315098]]]}},{"type":"Feature","properties":{"incr":1.552},"geometry":{"type":"Polygon","coordinates":[[[2.061774,41.315098],[2.061774,41.325677],[2.072353,41.325677],[2.072353,41.315098],[2.061774,41.315098]]]}},{"type":"Feature","properties":{"incr":1.517},"geometry":{"type":"Polygon","coordinates":[[[2.072353,41.315098],[2.072353,41.325677],[2.082932,41.325677],[2.082932,41.315098],[2.072353,41.315098]]]}},{"type":"Feature","properties":{"incr":1.490},"geometry":{"type":"Polygon","coordinates":[[[2.082932,41.315098],[2.082932,41.325677],[2.093511,41.325677],[2.093511,41.315098],[2.082932,41.315098]]]}},{"type":"Feature","properties":{"incr":1.990},"geometry":{"type":"Polygon","coordinates":[[[1.881929,41.325677],[1.881929,41.336256],[1.892508,41.336256],[1.892508,41.325677],[1.881929,41.325677]]]}},{"type":"Feature","properties":{"incr":2.048},"geometry":{"type":"Polygon","coordinates":[[[1.892508,41.325677],[1.892508,41.336256],[1.903087,41.336256],[1.903087,41.325677],[1.892508,41.325677]]]}},{"type":"Feature","properties":{"incr":2.124},"geometry":{"type":"Polygon","coordinates":[[[1.903087,41.325677],[1.903087,41.336256],[1.913666,41.336256],[1.913666,41.325677],[1.903087,41.325677]]]}},{"type":"Feature","properties":{"incr":1.779},"geometry":{"type":"Polygon","coordinates":[[[1.818455,41.325677],[1.818455,41.336256],[1.829034,41.336256],[1.829034,41.325677],[1.818455,41.325677]]]}},{"type":"Feature","properties":{"incr":1.794},"geometry":{"type":"Polygon","coordinates":[[[1.829034,41.325677],[1.829034,41.336256],[1.839613,41.336256],[1.839613,41.325677],[1.829034,41.325677]]]}},{"type":"Feature","properties":{"incr":1.821},"geometry":{"type":"Polygon","coordinates":[[[1.839613,41.325677],[1.839613,41.336256],[1.850192,41.336256],[1.850192,41.325677],[1.839613,41.325677]]]}},{"type":"Feature","properties":{"incr":1.871},"geometry":{"type":"Polygon","coordinates":[[[1.850192,41.325677],[1.850192,41.336256],[1.860771,41.336256],[1.860771,41.325677],[1.850192,41.325677]]]}},{"type":"Feature","properties":{"incr":1.885},"geometry":{"type":"Polygon","coordinates":[[[1.860771,41.325677],[1.860771,41.336256],[1.871350,41.336256],[1.871350,41.325677],[1.860771,41.325677]]]}},{"type":"Feature","properties":{"incr":1.932},"geometry":{"type":"Polygon","coordinates":[[[1.871350,41.325677],[1.871350,41.336256],[1.881929,41.336256],[1.881929,41.325677],[1.871350,41.325677]]]}},{"type":"Feature","properties":{"incr":1.427},"geometry":{"type":"Polygon","coordinates":[[[2.125249,41.315098],[2.125249,41.325677],[2.135828,41.325677],[2.135828,41.315098],[2.125249,41.315098]]]}},{"type":"Feature","properties":{"incr":1.426},"geometry":{"type":"Polygon","coordinates":[[[2.135828,41.315098],[2.135828,41.325677],[2.146407,41.325677],[2.146407,41.315098],[2.135828,41.315098]]]}},{"type":"Feature","properties":{"incr":1.447},"geometry":{"type":"Polygon","coordinates":[[[2.146407,41.315098],[2.146407,41.325677],[2.156986,41.325677],[2.156986,41.315098],[2.146407,41.315098]]]}},{"type":"Feature","properties":{"incr":1.550},"geometry":{"type":"Polygon","coordinates":[[[2.156986,41.315098],[2.156986,41.325677],[2.167565,41.325677],[2.167565,41.315098],[2.156986,41.315098]]]}},{"type":"Feature","properties":{"incr":1.901},"geometry":{"type":"Polygon","coordinates":[[[1.924246,41.346835],[1.924246,41.357414],[1.934825,41.357414],[1.934825,41.346835],[1.924246,41.346835]]]}},{"type":"Feature","properties":{"incr":1.770},"geometry":{"type":"Polygon","coordinates":[[[1.934825,41.346835],[1.934825,41.357414],[1.945404,41.357414],[1.945404,41.346835],[1.934825,41.346835]]]}},{"type":"Feature","properties":{"incr":1.680},"geometry":{"type":"Polygon","coordinates":[[[1.945404,41.346835],[1.945404,41.357414],[1.955983,41.357414],[1.955983,41.346835],[1.945404,41.346835]]]}},{"type":"Feature","properties":{"incr":1.285},"geometry":{"type":"Polygon","coordinates":[[[1.934825,41.367993],[1.934825,41.378572],[1.945404,41.378572],[1.945404,41.367993],[1.934825,41.367993]]]}},{"type":"Feature","properties":{"incr":1.310},"geometry":{"type":"Polygon","coordinates":[[[1.945404,41.367993],[1.945404,41.378572],[1.955983,41.378572],[1.955983,41.367993],[1.945404,41.367993]]]}},{"type":"Feature","properties":{"incr":1.321},"geometry":{"type":"Polygon","coordinates":[[[1.955983,41.367993],[1.955983,41.378572],[1.966562,41.378572],[1.966562,41.367993],[1.955983,41.367993]]]}},{"type":"Feature","properties":{"incr":2.226},"geometry":{"type":"Polygon","coordinates":[[[1.913666,41.325677],[1.913666,41.336256],[1.924246,41.336256],[1.924246,41.325677],[1.913666,41.325677]]]}},{"type":"Feature","properties":{"incr":2.212},"geometry":{"type":"Polygon","coordinates":[[[1.924246,41.325677],[1.924246,41.336256],[1.934825,41.336256],[1.934825,41.325677],[1.924246,41.325677]]]}},{"type":"Feature","properties":{"incr":2.076},"geometry":{"type":"Polygon","coordinates":[[[1.934825,41.325677],[1.934825,41.336256],[1.945404,41.336256],[1.945404,41.325677],[1.934825,41.325677]]]}},{"type":"Feature","properties":{"incr":2.123},"geometry":{"type":"Polygon","coordinates":[[[1.924246,41.336256],[1.924246,41.346835],[1.934825,41.346835],[1.934825,41.336256],[1.924246,41.336256]]]}},{"type":"Feature","properties":{"incr":1.963},"geometry":{"type":"Polygon","coordinates":[[[1.934825,41.336256],[1.934825,41.346835],[1.945404,41.346835],[1.945404,41.336256],[1.934825,41.336256]]]}},{"type":"Feature","properties":{"incr":1.808},"geometry":{"type":"Polygon","coordinates":[[[1.945404,41.336256],[1.945404,41.346835],[1.955983,41.346835],[1.955983,41.336256],[1.945404,41.336256]]]}},{"type":"Feature","properties":{"incr":1.522},"geometry":{"type":"Polygon","coordinates":[[[1.945404,41.357414],[1.945404,41.367993],[1.955983,41.367993],[1.955983,41.357414],[1.945404,41.357414]]]}},{"type":"Feature","properties":{"incr":1.469},"geometry":{"type":"Polygon","coordinates":[[[1.955983,41.357414],[1.955983,41.367993],[1.966562,41.367993],[1.966562,41.357414],[1.955983,41.357414]]]}},{"type":"Feature","properties":{"incr":1.447},"geometry":{"type":"Polygon","coordinates":[[[1.966562,41.357414],[1.966562,41.367993],[1.977141,41.367993],[1.977141,41.357414],[1.966562,41.357414]]]}},{"type":"Feature","properties":{"incr":1.596},"geometry":{"type":"Polygon","coordinates":[[[1.955983,41.346835],[1.955983,41.357414],[1.966562,41.357414],[1.966562,41.346835],[1.955983,41.346835]]]}},{"type":"Feature","properties":{"incr":1.551},"geometry":{"type":"Polygon","coordinates":[[[1.966562,41.346835],[1.966562,41.357414],[1.977141,41.357414],[1.977141,41.346835],[1.966562,41.346835]]]}},{"type":"Feature","properties":{"incr":1.523},"geometry":{"type":"Polygon","coordinates":[[[1.977141,41.346835],[1.977141,41.357414],[1.987720,41.357414],[1.987720,41.346835],[1.977141,41.346835]]]}},{"type":"Feature","properties":{"incr":1.902},"geometry":{"type":"Polygon","coordinates":[[[1.945404,41.325677],[1.945404,41.336256],[1.955983,41.336256],[1.955983,41.325677],[1.945404,41.325677]]]}},{"type":"Feature","properties":{"incr":1.804},"geometry":{"type":"Polygon","coordinates":[[[1.955983,41.325677],[1.955983,41.336256],[1.966562,41.336256],[1.966562,41.325677],[1.955983,41.325677]]]}},{"type":"Feature","properties":{"incr":1.715},"geometry":{"type":"Polygon","coordinates":[[[1.966562,41.325677],[1.966562,41.336256],[1.977141,41.336256],[1.977141,41.325677],[1.966562,41.325677]]]}},{"type":"Feature","properties":{"incr":1.709},"geometry":{"type":"Polygon","coordinates":[[[1.955983,41.336256],[1.955983,41.346835],[1.966562,41.346835],[1.966562,41.336256],[1.955983,41.336256]]]}},{"type":"Feature","properties":{"incr":1.656},"geometry":{"type":"Polygon","coordinates":[[[1.966562,41.336256],[1.966562,41.346835],[1.977141,41.346835],[1.977141,41.336256],[1.966562,41.336256]]]}},{"type":"Feature","properties":{"incr":1.614},"geometry":{"type":"Polygon","coordinates":[[[1.977141,41.336256],[1.977141,41.346835],[1.987720,41.346835],[1.987720,41.336256],[1.977141,41.336256]]]}},{"type":"Feature","properties":{"incr":1.430},"geometry":{"type":"Polygon","coordinates":[[[1.977141,41.357414],[1.977141,41.367993],[1.987720,41.367993],[1.987720,41.357414],[1.977141,41.357414]]]}},{"type":"Feature","properties":{"incr":1.472},"geometry":{"type":"Polygon","coordinates":[[[1.987720,41.357414],[1.987720,41.367993],[1.998299,41.367993],[1.998299,41.357414],[1.987720,41.357414]]]}},{"type":"Feature","properties":{"incr":1.437},"geometry":{"type":"Polygon","coordinates":[[[1.998299,41.357414],[1.998299,41.367993],[2.008878,41.367993],[2.008878,41.357414],[1.998299,41.357414]]]}},{"type":"Feature","properties":{"incr":1.548},"geometry":{"type":"Polygon","coordinates":[[[1.987720,41.346835],[1.987720,41.357414],[1.998299,41.357414],[1.998299,41.346835],[1.987720,41.346835]]]}},{"type":"Feature","properties":{"incr":1.515},"geometry":{"type":"Polygon","coordinates":[[[1.998299,41.346835],[1.998299,41.357414],[2.008878,41.357414],[2.008878,41.346835],[1.998299,41.346835]]]}},{"type":"Feature","properties":{"incr":1.490},"geometry":{"type":"Polygon","coordinates":[[[2.008878,41.346835],[2.008878,41.357414],[2.019458,41.357414],[2.019458,41.346835],[2.008878,41.346835]]]}},{"type":"Feature","properties":{"incr":1.650},"geometry":{"type":"Polygon","coordinates":[[[1.977141,41.325677],[1.977141,41.336256],[1.987720,41.336256],[1.987720,41.325677],[1.977141,41.325677]]]}},{"type":"Feature","properties":{"incr":1.610},"geometry":{"type":"Polygon","coordinates":[[[1.987720,41.325677],[1.987720,41.336256],[1.998299,41.336256],[1.998299,41.325677],[1.987720,41.325677]]]}},{"type":"Feature","properties":{"incr":1.630},"geometry":{"type":"Polygon","coordinates":[[[1.998299,41.325677],[1.998299,41.336256],[2.008878,41.336256],[2.008878,41.325677],[1.998299,41.325677]]]}},{"type":"Feature","properties":{"incr":1.572},"geometry":{"type":"Polygon","coordinates":[[[1.987720,41.336256],[1.987720,41.346835],[1.998299,41.346835],[1.998299,41.336256],[1.987720,41.336256]]]}},{"type":"Feature","properties":{"incr":1.584},"geometry":{"type":"Polygon","coordinates":[[[1.998299,41.336256],[1.998299,41.346835],[2.008878,41.346835],[2.008878,41.336256],[1.998299,41.336256]]]}},{"type":"Feature","properties":{"incr":1.579},"geometry":{"type":"Polygon","coordinates":[[[2.008878,41.336256],[2.008878,41.346835],[2.019458,41.346835],[2.019458,41.336256],[2.008878,41.336256]]]}},{"type":"Feature","properties":{"incr":1.410},"geometry":{"type":"Polygon","coordinates":[[[2.008878,41.357414],[2.008878,41.367993],[2.019458,41.367993],[2.019458,41.357414],[2.008878,41.357414]]]}},{"type":"Feature","properties":{"incr":1.408},"geometry":{"type":"Polygon","coordinates":[[[2.019458,41.357414],[2.019458,41.367993],[2.030037,41.367993],[2.030037,41.357414],[2.019458,41.357414]]]}},{"type":"Feature","properties":{"incr":1.375},"geometry":{"type":"Polygon","coordinates":[[[2.030037,41.357414],[2.030037,41.367993],[2.040616,41.367993],[2.040616,41.357414],[2.030037,41.357414]]]}},{"type":"Feature","properties":{"incr":1.496},"geometry":{"type":"Polygon","coordinates":[[[2.019458,41.346835],[2.019458,41.357414],[2.030037,41.357414],[2.030037,41.346835],[2.019458,41.346835]]]}},{"type":"Feature","properties":{"incr":1.460},"geometry":{"type":"Polygon","coordinates":[[[2.030037,41.346835],[2.030037,41.357414],[2.040616,41.357414],[2.040616,41.346835],[2.030037,41.346835]]]}},{"type":"Feature","properties":{"incr":1.394},"geometry":{"type":"Polygon","coordinates":[[[2.040616,41.346835],[2.040616,41.357414],[2.051195,41.357414],[2.051195,41.346835],[2.040616,41.346835]]]}},{"type":"Feature","properties":{"incr":1.644},"geometry":{"type":"Polygon","coordinates":[[[2.008878,41.325677],[2.008878,41.336256],[2.019458,41.336256],[2.019458,41.325677],[2.008878,41.325677]]]}},{"type":"Feature","properties":{"incr":1.683},"geometry":{"type":"Polygon","coordinates":[[[2.019458,41.325677],[2.019458,41.336256],[2.030037,41.336256],[2.030037,41.325677],[2.019458,41.325677]]]}},{"type":"Feature","properties":{"incr":1.674},"geometry":{"type":"Polygon","coordinates":[[[2.030037,41.325677],[2.030037,41.336256],[2.040616,41.336256],[2.040616,41.325677],[2.030037,41.325677]]]}},{"type":"Feature","properties":{"incr":1.603},"geometry":{"type":"Polygon","coordinates":[[[2.019458,41.336256],[2.019458,41.346835],[2.030037,41.346835],[2.030037,41.336256],[2.019458,41.336256]]]}},{"type":"Feature","properties":{"incr":1.591},"geometry":{"type":"Polygon","coordinates":[[[2.030037,41.336256],[2.030037,41.346835],[2.040616,41.346835],[2.040616,41.336256],[2.030037,41.336256]]]}},{"type":"Feature","properties":{"incr":1.517},"geometry":{"type":"Polygon","coordinates":[[[2.040616,41.336256],[2.040616,41.346835],[2.051195,41.346835],[2.051195,41.336256],[2.040616,41.336256]]]}},{"type":"Feature","properties":{"incr":1.331},"geometry":{"type":"Polygon","coordinates":[[[2.040616,41.357414],[2.040616,41.367993],[2.051195,41.367993],[2.051195,41.357414],[2.040616,41.357414]]]}},{"type":"Feature","properties":{"incr":1.316},"geometry":{"type":"Polygon","coordinates":[[[2.051195,41.357414],[2.051195,41.367993],[2.061774,41.367993],[2.061774,41.357414],[2.051195,41.357414]]]}},{"type":"Feature","properties":{"incr":1.334},"geometry":{"type":"Polygon","coordinates":[[[2.061774,41.357414],[2.061774,41.367993],[2.072353,41.367993],[2.072353,41.357414],[2.061774,41.357414]]]}},{"type":"Feature","properties":{"incr":1.344},"geometry":{"type":"Polygon","coordinates":[[[2.051195,41.346835],[2.051195,41.357414],[2.061774,41.357414],[2.061774,41.346835],[2.051195,41.346835]]]}},{"type":"Feature","properties":{"incr":1.347},"geometry":{"type":"Polygon","coordinates":[[[2.061774,41.346835],[2.061774,41.357414],[2.072353,41.357414],[2.072353,41.346835],[2.061774,41.346835]]]}},{"type":"Feature","properties":{"incr":1.374},"geometry":{"type":"Polygon","coordinates":[[[2.072353,41.346835],[2.072353,41.357414],[2.082932,41.357414],[2.082932,41.346835],[2.072353,41.346835]]]}},{"type":"Feature","properties":{"incr":1.627},"geometry":{"type":"Polygon","coordinates":[[[2.040616,41.325677],[2.040616,41.336256],[2.051195,41.336256],[2.051195,41.325677],[2.040616,41.325677]]]}},{"type":"Feature","properties":{"incr":1.566},"geometry":{"type":"Polygon","coordinates":[[[2.051195,41.325677],[2.051195,41.336256],[2.061774,41.336256],[2.061774,41.325677],[2.051195,41.325677]]]}},{"type":"Feature","properties":{"incr":1.524},"geometry":{"type":"Polygon","coordinates":[[[2.061774,41.325677],[2.061774,41.336256],[2.072353,41.336256],[2.072353,41.325677],[2.061774,41.325677]]]}},{"type":"Feature","properties":{"incr":1.457},"geometry":{"type":"Polygon","coordinates":[[[2.051195,41.336256],[2.051195,41.346835],[2.061774,41.346835],[2.061774,41.336256],[2.051195,41.336256]]]}},{"type":"Feature","properties":{"incr":1.411},"geometry":{"type":"Polygon","coordinates":[[[2.061774,41.336256],[2.061774,41.346835],[2.072353,41.346835],[2.072353,41.336256],[2.061774,41.336256]]]}},{"type":"Feature","properties":{"incr":1.411},"geometry":{"type":"Polygon","coordinates":[[[2.072353,41.336256],[2.072353,41.346835],[2.082932,41.346835],[2.082932,41.336256],[2.072353,41.336256]]]}},{"type":"Feature","properties":{"incr":1.349},"geometry":{"type":"Polygon","coordinates":[[[2.072353,41.357414],[2.072353,41.367993],[2.082932,41.367993],[2.082932,41.357414],[2.072353,41.357414]]]}},{"type":"Feature","properties":{"incr":1.338},"geometry":{"type":"Polygon","coordinates":[[[2.082932,41.357414],[2.082932,41.367993],[2.093511,41.367993],[2.093511,41.357414],[2.082932,41.357414]]]}},{"type":"Feature","properties":{"incr":1.303},"geometry":{"type":"Polygon","coordinates":[[[2.093511,41.357414],[2.093511,41.367993],[2.104090,41.367993],[2.104090,41.357414],[2.093511,41.357414]]]}},{"type":"Feature","properties":{"incr":1.380},"geometry":{"type":"Polygon","coordinates":[[[2.082932,41.346835],[2.082932,41.357414],[2.093511,41.357414],[2.093511,41.346835],[2.082932,41.346835]]]}},{"type":"Feature","properties":{"incr":1.358},"geometry":{"type":"Polygon","coordinates":[[[2.093511,41.346835],[2.093511,41.357414],[2.104090,41.357414],[2.104090,41.346835],[2.093511,41.346835]]]}},{"type":"Feature","properties":{"incr":1.342},"geometry":{"type":"Polygon","coordinates":[[[2.104090,41.346835],[2.104090,41.357414],[2.114670,41.357414],[2.114670,41.346835],[2.104090,41.346835]]]}},{"type":"Feature","properties":{"incr":1.516},"geometry":{"type":"Polygon","coordinates":[[[2.072353,41.325677],[2.072353,41.336256],[2.082932,41.336256],[2.082932,41.325677],[2.072353,41.325677]]]}},{"type":"Feature","properties":{"incr":1.485},"geometry":{"type":"Polygon","coordinates":[[[2.082932,41.325677],[2.082932,41.336256],[2.093511,41.336256],[2.093511,41.325677],[2.082932,41.325677]]]}},{"type":"Feature","properties":{"incr":1.413},"geometry":{"type":"Polygon","coordinates":[[[2.093511,41.325677],[2.093511,41.336256],[2.104090,41.336256],[2.104090,41.325677],[2.093511,41.325677]]]}},{"type":"Feature","properties":{"incr":1.431},"geometry":{"type":"Polygon","coordinates":[[[2.082932,41.336256],[2.082932,41.346835],[2.093511,41.346835],[2.093511,41.336256],[2.082932,41.336256]]]}},{"type":"Feature","properties":{"incr":1.425},"geometry":{"type":"Polygon","coordinates":[[[2.093511,41.336256],[2.093511,41.346835],[2.104090,41.346835],[2.104090,41.336256],[2.093511,41.336256]]]}},{"type":"Feature","properties":{"incr":1.390},"geometry":{"type":"Polygon","coordinates":[[[2.104090,41.336256],[2.104090,41.346835],[2.114670,41.346835],[2.114670,41.336256],[2.104090,41.336256]]]}},{"type":"Feature","properties":{"incr":1.304},"geometry":{"type":"Polygon","coordinates":[[[2.104090,41.357414],[2.104090,41.367993],[2.114670,41.367993],[2.114670,41.357414],[2.104090,41.357414]]]}},{"type":"Feature","properties":{"incr":1.324},"geometry":{"type":"Polygon","coordinates":[[[2.114670,41.357414],[2.114670,41.367993],[2.125249,41.367993],[2.125249,41.357414],[2.114670,41.357414]]]}},{"type":"Feature","properties":{"incr":1.355},"geometry":{"type":"Polygon","coordinates":[[[2.125249,41.357414],[2.125249,41.367993],[2.135828,41.367993],[2.135828,41.357414],[2.125249,41.357414]]]}},{"type":"Feature","properties":{"incr":1.364},"geometry":{"type":"Polygon","coordinates":[[[2.114670,41.346835],[2.114670,41.357414],[2.125249,41.357414],[2.125249,41.346835],[2.114670,41.346835]]]}},{"type":"Feature","properties":{"incr":1.386},"geometry":{"type":"Polygon","coordinates":[[[2.125249,41.346835],[2.125249,41.357414],[2.135828,41.357414],[2.135828,41.346835],[2.125249,41.346835]]]}},{"type":"Feature","properties":{"incr":1.414},"geometry":{"type":"Polygon","coordinates":[[[2.135828,41.346835],[2.135828,41.357414],[2.146407,41.357414],[2.146407,41.346835],[2.135828,41.346835]]]}},{"type":"Feature","properties":{"incr":1.375},"geometry":{"type":"Polygon","coordinates":[[[2.104090,41.325677],[2.104090,41.336256],[2.114670,41.336256],[2.114670,41.325677],[2.104090,41.325677]]]}},{"type":"Feature","properties":{"incr":1.431},"geometry":{"type":"Polygon","coordinates":[[[2.114670,41.325677],[2.114670,41.336256],[2.125249,41.336256],[2.125249,41.325677],[2.114670,41.325677]]]}},{"type":"Feature","properties":{"incr":1.442},"geometry":{"type":"Polygon","coordinates":[[[2.125249,41.325677],[2.125249,41.336256],[2.135828,41.336256],[2.135828,41.325677],[2.125249,41.325677]]]}},{"type":"Feature","properties":{"incr":1.410},"geometry":{"type":"Polygon","coordinates":[[[2.114670,41.336256],[2.114670,41.346835],[2.125249,41.346835],[2.125249,41.336256],[2.114670,41.336256]]]}},{"type":"Feature","properties":{"incr":1.422},"geometry":{"type":"Polygon","coordinates":[[[2.125249,41.336256],[2.125249,41.346835],[2.135828,41.346835],[2.135828,41.336256],[2.125249,41.336256]]]}},{"type":"Feature","properties":{"incr":1.415},"geometry":{"type":"Polygon","coordinates":[[[2.135828,41.336256],[2.135828,41.346835],[2.146407,41.346835],[2.146407,41.336256],[2.135828,41.336256]]]}},{"type":"Feature","properties":{"incr":1.425},"geometry":{"type":"Polygon","coordinates":[[[2.135828,41.357414],[2.135828,41.367993],[2.146407,41.367993],[2.146407,41.357414],[2.135828,41.357414]]]}},{"type":"Feature","properties":{"incr":1.510},"geometry":{"type":"Polygon","coordinates":[[[2.146407,41.357414],[2.146407,41.367993],[2.156986,41.367993],[2.156986,41.357414],[2.146407,41.357414]]]}},{"type":"Feature","properties":{"incr":1.537},"geometry":{"type":"Polygon","coordinates":[[[2.156986,41.357414],[2.156986,41.367993],[2.167565,41.367993],[2.167565,41.357414],[2.156986,41.357414]]]}},{"type":"Feature","properties":{"incr":1.448},"geometry":{"type":"Polygon","coordinates":[[[2.146407,41.346835],[2.146407,41.357414],[2.156986,41.357414],[2.156986,41.346835],[2.146407,41.346835]]]}},{"type":"Feature","properties":{"incr":1.428},"geometry":{"type":"Polygon","coordinates":[[[2.156986,41.346835],[2.156986,41.357414],[2.167565,41.357414],[2.167565,41.346835],[2.156986,41.346835]]]}},{"type":"Feature","properties":{"incr":1.494},"geometry":{"type":"Polygon","coordinates":[[[2.167565,41.346835],[2.167565,41.357414],[2.178144,41.357414],[2.178144,41.346835],[2.167565,41.346835]]]}},{"type":"Feature","properties":{"incr":1.392},"geometry":{"type":"Polygon","coordinates":[[[2.135828,41.325677],[2.135828,41.336256],[2.146407,41.336256],[2.146407,41.325677],[2.135828,41.325677]]]}},{"type":"Feature","properties":{"incr":1.387},"geometry":{"type":"Polygon","coordinates":[[[2.146407,41.325677],[2.146407,41.336256],[2.156986,41.336256],[2.156986,41.325677],[2.146407,41.325677]]]}},{"type":"Feature","properties":{"incr":1.514},"geometry":{"type":"Polygon","coordinates":[[[2.156986,41.325677],[2.156986,41.336256],[2.167565,41.336256],[2.167565,41.325677],[2.156986,41.325677]]]}},{"type":"Feature","properties":{"incr":1.339},"geometry":{"type":"Polygon","coordinates":[[[2.146407,41.336256],[2.146407,41.346835],[2.156986,41.346835],[2.156986,41.336256],[2.146407,41.336256]]]}},{"type":"Feature","properties":{"incr":1.452},"geometry":{"type":"Polygon","coordinates":[[[2.156986,41.336256],[2.156986,41.346835],[2.167565,41.346835],[2.167565,41.336256],[2.156986,41.336256]]]}},{"type":"Feature","properties":{"incr":1.529},"geometry":{"type":"Polygon","coordinates":[[[2.167565,41.336256],[2.167565,41.346835],[2.178144,41.346835],[2.178144,41.336256],[2.167565,41.336256]]]}},{"type":"Feature","properties":{"incr":1.424},"geometry":{"type":"Polygon","coordinates":[[[2.167565,41.357414],[2.167565,41.367993],[2.178144,41.367993],[2.178144,41.357414],[2.167565,41.357414]]]}},{"type":"Feature","properties":{"incr":1.501},"geometry":{"type":"Polygon","coordinates":[[[2.178144,41.357414],[2.178144,41.367993],[2.188723,41.367993],[2.188723,41.357414],[2.178144,41.357414]]]}},{"type":"Feature","properties":{"incr":1.596},"geometry":{"type":"Polygon","coordinates":[[[2.178144,41.346835],[2.178144,41.357414],[2.188723,41.357414],[2.188723,41.346835],[2.178144,41.346835]]]}},{"type":"Feature","properties":{"incr":1.813},"geometry":{"type":"Polygon","coordinates":[[[1.818455,41.336256],[1.818455,41.346835],[1.829034,41.346835],[1.829034,41.336256],[1.818455,41.336256]]]}},{"type":"Feature","properties":{"incr":1.870},"geometry":{"type":"Polygon","coordinates":[[[1.818455,41.346835],[1.818455,41.357414],[1.829034,41.357414],[1.829034,41.346835],[1.818455,41.346835]]]}},{"type":"Feature","properties":{"incr":1.997},"geometry":{"type":"Polygon","coordinates":[[[1.818455,41.367993],[1.818455,41.378572],[1.829034,41.378572],[1.829034,41.367993],[1.818455,41.367993]]]}},{"type":"Feature","properties":{"incr":1.997},"geometry":{"type":"Polygon","coordinates":[[[1.829034,41.367993],[1.829034,41.378572],[1.839613,41.378572],[1.839613,41.367993],[1.829034,41.367993]]]}},{"type":"Feature","properties":{"incr":1.952},"geometry":{"type":"Polygon","coordinates":[[[1.818455,41.357414],[1.818455,41.367993],[1.829034,41.367993],[1.829034,41.357414],[1.818455,41.357414]]]}},{"type":"Feature","properties":{"incr":1.944},"geometry":{"type":"Polygon","coordinates":[[[1.829034,41.357414],[1.829034,41.367993],[1.839613,41.367993],[1.839613,41.357414],[1.829034,41.357414]]]}},{"type":"Feature","properties":{"incr":1.918},"geometry":{"type":"Polygon","coordinates":[[[1.839613,41.357414],[1.839613,41.367993],[1.850192,41.367993],[1.850192,41.357414],[1.839613,41.357414]]]}},{"type":"Feature","properties":{"incr":1.819},"geometry":{"type":"Polygon","coordinates":[[[1.829034,41.336256],[1.829034,41.346835],[1.839613,41.346835],[1.839613,41.336256],[1.829034,41.336256]]]}},{"type":"Feature","properties":{"incr":1.822},"geometry":{"type":"Polygon","coordinates":[[[1.839613,41.336256],[1.839613,41.346835],[1.850192,41.346835],[1.850192,41.336256],[1.839613,41.336256]]]}},{"type":"Feature","properties":{"incr":1.849},"geometry":{"type":"Polygon","coordinates":[[[1.850192,41.336256],[1.850192,41.346835],[1.860771,41.346835],[1.860771,41.336256],[1.850192,41.336256]]]}},{"type":"Feature","properties":{"incr":1.866},"geometry":{"type":"Polygon","coordinates":[[[1.829034,41.346835],[1.829034,41.357414],[1.839613,41.357414],[1.839613,41.346835],[1.829034,41.346835]]]}},{"type":"Feature","properties":{"incr":1.842},"geometry":{"type":"Polygon","coordinates":[[[1.839613,41.346835],[1.839613,41.357414],[1.850192,41.357414],[1.850192,41.346835],[1.839613,41.346835]]]}},{"type":"Feature","properties":{"incr":1.860},"geometry":{"type":"Polygon","coordinates":[[[1.850192,41.346835],[1.850192,41.357414],[1.860771,41.357414],[1.860771,41.346835],[1.850192,41.346835]]]}},{"type":"Feature","properties":{"incr":1.984},"geometry":{"type":"Polygon","coordinates":[[[1.839613,41.367993],[1.839613,41.378572],[1.850192,41.378572],[1.850192,41.367993],[1.839613,41.367993]]]}},{"type":"Feature","properties":{"incr":1.965},"geometry":{"type":"Polygon","coordinates":[[[1.850192,41.367993],[1.850192,41.378572],[1.860771,41.378572],[1.860771,41.367993],[1.850192,41.367993]]]}},{"type":"Feature","properties":{"incr":1.920},"geometry":{"type":"Polygon","coordinates":[[[1.860771,41.367993],[1.860771,41.378572],[1.871350,41.378572],[1.871350,41.367993],[1.860771,41.367993]]]}},{"type":"Feature","properties":{"incr":1.906},"geometry":{"type":"Polygon","coordinates":[[[1.850192,41.357414],[1.850192,41.367993],[1.860771,41.367993],[1.860771,41.357414],[1.850192,41.357414]]]}},{"type":"Feature","properties":{"incr":1.911},"geometry":{"type":"Polygon","coordinates":[[[1.860771,41.357414],[1.860771,41.367993],[1.871350,41.367993],[1.871350,41.357414],[1.860771,41.357414]]]}},{"type":"Feature","properties":{"incr":1.933},"geometry":{"type":"Polygon","coordinates":[[[1.871350,41.357414],[1.871350,41.367993],[1.881929,41.367993],[1.881929,41.357414],[1.871350,41.357414]]]}},{"type":"Feature","properties":{"incr":1.902},"geometry":{"type":"Polygon","coordinates":[[[1.860771,41.336256],[1.860771,41.346835],[1.871350,41.346835],[1.871350,41.336256],[1.860771,41.336256]]]}},{"type":"Feature","properties":{"incr":1.970},"geometry":{"type":"Polygon","coordinates":[[[1.871350,41.336256],[1.871350,41.346835],[1.881929,41.346835],[1.881929,41.336256],[1.871350,41.336256]]]}},{"type":"Feature","properties":{"incr":1.979},"geometry":{"type":"Polygon","coordinates":[[[1.881929,41.336256],[1.881929,41.346835],[1.892508,41.346835],[1.892508,41.336256],[1.881929,41.336256]]]}},{"type":"Feature","properties":{"incr":1.904},"geometry":{"type":"Polygon","coordinates":[[[1.860771,41.346835],[1.860771,41.357414],[1.871350,41.357414],[1.871350,41.346835],[1.860771,41.346835]]]}},{"type":"Feature","properties":{"incr":1.926},"geometry":{"type":"Polygon","coordinates":[[[1.871350,41.346835],[1.871350,41.357414],[1.881929,41.357414],[1.881929,41.346835],[1.871350,41.346835]]]}},{"type":"Feature","properties":{"incr":1.952},"geometry":{"type":"Polygon","coordinates":[[[1.881929,41.346835],[1.881929,41.357414],[1.892508,41.357414],[1.892508,41.346835],[1.881929,41.346835]]]}},{"type":"Feature","properties":{"incr":1.917},"geometry":{"type":"Polygon","coordinates":[[[1.871350,41.367993],[1.871350,41.378572],[1.881929,41.378572],[1.881929,41.367993],[1.871350,41.367993]]]}},{"type":"Feature","properties":{"incr":1.869},"geometry":{"type":"Polygon","coordinates":[[[1.881929,41.367993],[1.881929,41.378572],[1.892508,41.378572],[1.892508,41.367993],[1.881929,41.367993]]]}},{"type":"Feature","properties":{"incr":1.762},"geometry":{"type":"Polygon","coordinates":[[[1.892508,41.367993],[1.892508,41.378572],[1.903087,41.378572],[1.903087,41.367993],[1.892508,41.367993]]]}},{"type":"Feature","properties":{"incr":1.901},"geometry":{"type":"Polygon","coordinates":[[[1.881929,41.357414],[1.881929,41.367993],[1.892508,41.367993],[1.892508,41.357414],[1.881929,41.357414]]]}},{"type":"Feature","properties":{"incr":1.843},"geometry":{"type":"Polygon","coordinates":[[[1.892508,41.357414],[1.892508,41.367993],[1.903087,41.367993],[1.903087,41.357414],[1.892508,41.357414]]]}},{"type":"Feature","properties":{"incr":1.813},"geometry":{"type":"Polygon","coordinates":[[[1.903087,41.357414],[1.903087,41.367993],[1.913666,41.367993],[1.913666,41.357414],[1.903087,41.357414]]]}},{"type":"Feature","properties":{"incr":2.015},"geometry":{"type":"Polygon","coordinates":[[[1.892508,41.336256],[1.892508,41.346835],[1.903087,41.346835],[1.903087,41.336256],[1.892508,41.336256]]]}},{"type":"Feature","properties":{"incr":2.077},"geometry":{"type":"Polygon","coordinates":[[[1.903087,41.336256],[1.903087,41.346835],[1.913666,41.346835],[1.913666,41.336256],[1.903087,41.336256]]]}},{"type":"Feature","properties":{"incr":2.154},"geometry":{"type":"Polygon","coordinates":[[[1.913666,41.336256],[1.913666,41.346835],[1.924246,41.346835],[1.924246,41.336256],[1.913666,41.336256]]]}},{"type":"Feature","properties":{"incr":1.987},"geometry":{"type":"Polygon","coordinates":[[[1.892508,41.346835],[1.892508,41.357414],[1.903087,41.357414],[1.903087,41.346835],[1.892508,41.346835]]]}},{"type":"Feature","properties":{"incr":1.982},"geometry":{"type":"Polygon","coordinates":[[[1.903087,41.346835],[1.903087,41.357414],[1.913666,41.357414],[1.913666,41.346835],[1.903087,41.346835]]]}},{"type":"Feature","properties":{"incr":1.956},"geometry":{"type":"Polygon","coordinates":[[[1.913666,41.346835],[1.913666,41.357414],[1.924246,41.357414],[1.924246,41.346835],[1.913666,41.346835]]]}},{"type":"Feature","properties":{"incr":1.642},"geometry":{"type":"Polygon","coordinates":[[[1.903087,41.367993],[1.903087,41.378572],[1.913666,41.378572],[1.913666,41.367993],[1.903087,41.367993]]]}},{"type":"Feature","properties":{"incr":1.521},"geometry":{"type":"Polygon","coordinates":[[[1.913666,41.367993],[1.913666,41.378572],[1.924246,41.378572],[1.924246,41.367993],[1.913666,41.367993]]]}},{"type":"Feature","properties":{"incr":1.385},"geometry":{"type":"Polygon","coordinates":[[[1.924246,41.367993],[1.924246,41.378572],[1.934825,41.378572],[1.934825,41.367993],[1.924246,41.367993]]]}},{"type":"Feature","properties":{"incr":1.709},"geometry":{"type":"Polygon","coordinates":[[[1.913666,41.357414],[1.913666,41.367993],[1.924246,41.367993],[1.924246,41.357414],[1.913666,41.357414]]]}},{"type":"Feature","properties":{"incr":1.622},"geometry":{"type":"Polygon","coordinates":[[[1.924246,41.357414],[1.924246,41.367993],[1.934825,41.367993],[1.934825,41.357414],[1.924246,41.357414]]]}},{"type":"Feature","properties":{"incr":1.528},"geometry":{"type":"Polygon","coordinates":[[[1.934825,41.357414],[1.934825,41.367993],[1.945404,41.367993],[1.945404,41.357414],[1.934825,41.357414]]]}},{"type":"Feature","properties":{"incr":1.296},"geometry":{"type":"Polygon","coordinates":[[[2.008878,41.378572],[2.008878,41.389152],[2.019458,41.389152],[2.019458,41.378572],[2.008878,41.378572]]]}},{"type":"Feature","properties":{"incr":1.298},"geometry":{"type":"Polygon","coordinates":[[[2.019458,41.378572],[2.019458,41.389152],[2.030037,41.389152],[2.030037,41.378572],[2.019458,41.378572]]]}},{"type":"Feature","properties":{"incr":1.290},"geometry":{"type":"Polygon","coordinates":[[[2.030037,41.378572],[2.030037,41.389152],[2.040616,41.389152],[2.040616,41.378572],[2.030037,41.378572]]]}},{"type":"Feature","properties":{"incr":1.290},"geometry":{"type":"Polygon","coordinates":[[[2.040616,41.378572],[2.040616,41.389152],[2.051195,41.389152],[2.051195,41.378572],[2.040616,41.378572]]]}},{"type":"Feature","properties":{"incr":1.295},"geometry":{"type":"Polygon","coordinates":[[[2.051195,41.378572],[2.051195,41.389152],[2.061774,41.389152],[2.061774,41.378572],[2.051195,41.378572]]]}},{"type":"Feature","properties":{"incr":1.295},"geometry":{"type":"Polygon","coordinates":[[[2.061774,41.378572],[2.061774,41.389152],[2.072353,41.389152],[2.072353,41.378572],[2.061774,41.378572]]]}},{"type":"Feature","properties":{"incr":1.238},"geometry":{"type":"Polygon","coordinates":[[[1.998299,41.399731],[1.998299,41.410310],[2.008878,41.410310],[2.008878,41.399731],[1.998299,41.399731]]]}},{"type":"Feature","properties":{"incr":1.252},"geometry":{"type":"Polygon","coordinates":[[[2.008878,41.399731],[2.008878,41.410310],[2.019458,41.410310],[2.019458,41.399731],[2.008878,41.399731]]]}},{"type":"Feature","properties":{"incr":1.260},"geometry":{"type":"Polygon","coordinates":[[[2.019458,41.399731],[2.019458,41.410310],[2.030037,41.410310],[2.030037,41.399731],[2.019458,41.399731]]]}},{"type":"Feature","properties":{"incr":1.359},"geometry":{"type":"Polygon","coordinates":[[[1.998299,41.367993],[1.998299,41.378572],[2.008878,41.378572],[2.008878,41.367993],[1.998299,41.367993]]]}},{"type":"Feature","properties":{"incr":1.343},"geometry":{"type":"Polygon","coordinates":[[[2.008878,41.367993],[2.008878,41.378572],[2.019458,41.378572],[2.019458,41.367993],[2.008878,41.367993]]]}},{"type":"Feature","properties":{"incr":1.342},"geometry":{"type":"Polygon","coordinates":[[[2.019458,41.367993],[2.019458,41.378572],[2.030037,41.378572],[2.030037,41.367993],[2.019458,41.367993]]]}},{"type":"Feature","properties":{"incr":1.310},"geometry":{"type":"Polygon","coordinates":[[[2.072353,41.378572],[2.072353,41.389152],[2.082932,41.389152],[2.082932,41.378572],[2.072353,41.378572]]]}},{"type":"Feature","properties":{"incr":1.319},"geometry":{"type":"Polygon","coordinates":[[[2.082932,41.378572],[2.082932,41.389152],[2.093511,41.389152],[2.093511,41.378572],[2.082932,41.378572]]]}},{"type":"Feature","properties":{"incr":1.279},"geometry":{"type":"Polygon","coordinates":[[[2.093511,41.378572],[2.093511,41.389152],[2.104090,41.389152],[2.104090,41.378572],[2.093511,41.378572]]]}},{"type":"Feature","properties":{"incr":1.289},"geometry":{"type":"Polygon","coordinates":[[[2.040616,41.389152],[2.040616,41.399731],[2.051195,41.399731],[2.051195,41.389152],[2.040616,41.389152]]]}},{"type":"Feature","properties":{"incr":1.300},"geometry":{"type":"Polygon","coordinates":[[[2.051195,41.389152],[2.051195,41.399731],[2.061774,41.399731],[2.061774,41.389152],[2.051195,41.389152]]]}},{"type":"Feature","properties":{"incr":1.319},"geometry":{"type":"Polygon","coordinates":[[[2.061774,41.389152],[2.061774,41.399731],[2.072353,41.399731],[2.072353,41.389152],[2.061774,41.389152]]]}},{"type":"Feature","properties":{"incr":1.292},"geometry":{"type":"Polygon","coordinates":[[[2.030037,41.399731],[2.030037,41.410310],[2.040616,41.410310],[2.040616,41.399731],[2.030037,41.399731]]]}},{"type":"Feature","properties":{"incr":1.317},"geometry":{"type":"Polygon","coordinates":[[[2.040616,41.399731],[2.040616,41.410310],[2.051195,41.410310],[2.051195,41.399731],[2.040616,41.399731]]]}},{"type":"Feature","properties":{"incr":1.326},"geometry":{"type":"Polygon","coordinates":[[[2.051195,41.399731],[2.051195,41.410310],[2.061774,41.410310],[2.061774,41.399731],[2.051195,41.399731]]]}},{"type":"Feature","properties":{"incr":1.323},"geometry":{"type":"Polygon","coordinates":[[[2.030037,41.367993],[2.030037,41.378572],[2.040616,41.378572],[2.040616,41.367993],[2.030037,41.367993]]]}},{"type":"Feature","properties":{"incr":1.303},"geometry":{"type":"Polygon","coordinates":[[[2.040616,41.367993],[2.040616,41.378572],[2.051195,41.378572],[2.051195,41.367993],[2.040616,41.367993]]]}},{"type":"Feature","properties":{"incr":1.301},"geometry":{"type":"Polygon","coordinates":[[[2.051195,41.367993],[2.051195,41.378572],[2.061774,41.378572],[2.061774,41.367993],[2.051195,41.367993]]]}},{"type":"Feature","properties":{"incr":1.248},"geometry":{"type":"Polygon","coordinates":[[[2.104090,41.378572],[2.104090,41.389152],[2.114670,41.389152],[2.114670,41.378572],[2.104090,41.378572]]]}},{"type":"Feature","properties":{"incr":1.243},"geometry":{"type":"Polygon","coordinates":[[[2.114670,41.378572],[2.114670,41.389152],[2.125249,41.389152],[2.125249,41.378572],[2.114670,41.378572]]]}},{"type":"Feature","properties":{"incr":1.218},"geometry":{"type":"Polygon","coordinates":[[[2.125249,41.378572],[2.125249,41.389152],[2.135828,41.389152],[2.135828,41.378572],[2.125249,41.378572]]]}},{"type":"Feature","properties":{"incr":1.309},"geometry":{"type":"Polygon","coordinates":[[[2.072353,41.389152],[2.072353,41.399731],[2.082932,41.399731],[2.082932,41.389152],[2.072353,41.389152]]]}},{"type":"Feature","properties":{"incr":1.338},"geometry":{"type":"Polygon","coordinates":[[[2.082932,41.389152],[2.082932,41.399731],[2.093511,41.399731],[2.093511,41.389152],[2.082932,41.389152]]]}},{"type":"Feature","properties":{"incr":1.313},"geometry":{"type":"Polygon","coordinates":[[[2.093511,41.389152],[2.093511,41.399731],[2.104090,41.399731],[2.104090,41.389152],[2.093511,41.389152]]]}},{"type":"Feature","properties":{"incr":1.341},"geometry":{"type":"Polygon","coordinates":[[[2.061774,41.399731],[2.061774,41.410310],[2.072353,41.410310],[2.072353,41.399731],[2.061774,41.399731]]]}},{"type":"Feature","properties":{"incr":1.364},"geometry":{"type":"Polygon","coordinates":[[[2.072353,41.399731],[2.072353,41.410310],[2.082932,41.410310],[2.082932,41.399731],[2.072353,41.399731]]]}},{"type":"Feature","properties":{"incr":1.366},"geometry":{"type":"Polygon","coordinates":[[[2.082932,41.399731],[2.082932,41.410310],[2.093511,41.410310],[2.093511,41.399731],[2.082932,41.399731]]]}},{"type":"Feature","properties":{"incr":1.308},"geometry":{"type":"Polygon","coordinates":[[[2.061774,41.367993],[2.061774,41.378572],[2.072353,41.378572],[2.072353,41.367993],[2.061774,41.367993]]]}},{"type":"Feature","properties":{"incr":1.314},"geometry":{"type":"Polygon","coordinates":[[[2.072353,41.367993],[2.072353,41.378572],[2.082932,41.378572],[2.082932,41.367993],[2.072353,41.367993]]]}},{"type":"Feature","properties":{"incr":1.303},"geometry":{"type":"Polygon","coordinates":[[[2.082932,41.367993],[2.082932,41.378572],[2.093511,41.378572],[2.093511,41.367993],[2.082932,41.367993]]]}},{"type":"Feature","properties":{"incr":1.332},"geometry":{"type":"Polygon","coordinates":[[[2.135828,41.378572],[2.135828,41.389152],[2.146407,41.389152],[2.146407,41.378572],[2.135828,41.378572]]]}},{"type":"Feature","properties":{"incr":1.435},"geometry":{"type":"Polygon","coordinates":[[[2.146407,41.378572],[2.146407,41.389152],[2.156986,41.389152],[2.156986,41.378572],[2.146407,41.378572]]]}},{"type":"Feature","properties":{"incr":1.442},"geometry":{"type":"Polygon","coordinates":[[[2.156986,41.378572],[2.156986,41.389152],[2.167565,41.389152],[2.167565,41.378572],[2.156986,41.378572]]]}},{"type":"Feature","properties":{"incr":1.275},"geometry":{"type":"Polygon","coordinates":[[[2.104090,41.389152],[2.104090,41.399731],[2.114670,41.399731],[2.114670,41.389152],[2.104090,41.389152]]]}},{"type":"Feature","properties":{"incr":1.281},"geometry":{"type":"Polygon","coordinates":[[[2.114670,41.389152],[2.114670,41.399731],[2.125249,41.399731],[2.125249,41.389152],[2.114670,41.389152]]]}},{"type":"Feature","properties":{"incr":1.299},"geometry":{"type":"Polygon","coordinates":[[[2.125249,41.389152],[2.125249,41.399731],[2.135828,41.399731],[2.135828,41.389152],[2.125249,41.389152]]]}},{"type":"Feature","properties":{"incr":1.363},"geometry":{"type":"Polygon","coordinates":[[[2.093511,41.399731],[2.093511,41.410310],[2.104090,41.410310],[2.104090,41.399731],[2.093511,41.399731]]]}},{"type":"Feature","properties":{"incr":1.331},"geometry":{"type":"Polygon","coordinates":[[[2.104090,41.399731],[2.104090,41.410310],[2.114670,41.410310],[2.114670,41.399731],[2.104090,41.399731]]]}},{"type":"Feature","properties":{"incr":1.357},"geometry":{"type":"Polygon","coordinates":[[[2.114670,41.399731],[2.114670,41.410310],[2.125249,41.410310],[2.125249,41.399731],[2.114670,41.399731]]]}},{"type":"Feature","properties":{"incr":1.277},"geometry":{"type":"Polygon","coordinates":[[[2.093511,41.367993],[2.093511,41.378572],[2.104090,41.378572],[2.104090,41.367993],[2.093511,41.367993]]]}},{"type":"Feature","properties":{"incr":1.261},"geometry":{"type":"Polygon","coordinates":[[[2.104090,41.367993],[2.104090,41.378572],[2.114670,41.378572],[2.114670,41.367993],[2.104090,41.367993]]]}},{"type":"Feature","properties":{"incr":1.270},"geometry":{"type":"Polygon","coordinates":[[[2.114670,41.367993],[2.114670,41.378572],[2.125249,41.378572],[2.125249,41.367993],[2.114670,41.367993]]]}},{"type":"Feature","properties":{"incr":1.426},"geometry":{"type":"Polygon","coordinates":[[[2.167565,41.378572],[2.167565,41.389152],[2.178144,41.389152],[2.178144,41.378572],[2.167565,41.378572]]]}},{"type":"Feature","properties":{"incr":1.498},"geometry":{"type":"Polygon","coordinates":[[[2.178144,41.378572],[2.178144,41.389152],[2.188723,41.389152],[2.188723,41.378572],[2.178144,41.378572]]]}},{"type":"Feature","properties":{"incr":1.552},"geometry":{"type":"Polygon","coordinates":[[[2.188723,41.378572],[2.188723,41.389152],[2.199302,41.389152],[2.199302,41.378572],[2.188723,41.378572]]]}},{"type":"Feature","properties":{"incr":1.379},"geometry":{"type":"Polygon","coordinates":[[[2.135828,41.389152],[2.135828,41.399731],[2.146407,41.399731],[2.146407,41.389152],[2.135828,41.389152]]]}},{"type":"Feature","properties":{"incr":1.453},"geometry":{"type":"Polygon","coordinates":[[[2.146407,41.389152],[2.146407,41.399731],[2.156986,41.399731],[2.156986,41.389152],[2.146407,41.389152]]]}},{"type":"Feature","properties":{"incr":1.467},"geometry":{"type":"Polygon","coordinates":[[[2.156986,41.389152],[2.156986,41.399731],[2.167565,41.399731],[2.167565,41.389152],[2.156986,41.389152]]]}},{"type":"Feature","properties":{"incr":1.294},"geometry":{"type":"Polygon","coordinates":[[[2.125249,41.367993],[2.125249,41.378572],[2.135828,41.378572],[2.135828,41.367993],[2.125249,41.367993]]]}},{"type":"Feature","properties":{"incr":1.375},"geometry":{"type":"Polygon","coordinates":[[[2.135828,41.367993],[2.135828,41.378572],[2.146407,41.378572],[2.146407,41.367993],[2.135828,41.367993]]]}},{"type":"Feature","properties":{"incr":1.491},"geometry":{"type":"Polygon","coordinates":[[[2.146407,41.367993],[2.146407,41.378572],[2.156986,41.378572],[2.156986,41.367993],[2.146407,41.367993]]]}},{"type":"Feature","properties":{"incr":1.610},"geometry":{"type":"Polygon","coordinates":[[[2.199302,41.378572],[2.199302,41.389152],[2.209882,41.389152],[2.209882,41.378572],[2.199302,41.378572]]]}},{"type":"Feature","properties":{"incr":1.483},"geometry":{"type":"Polygon","coordinates":[[[2.167565,41.389152],[2.167565,41.399731],[2.178144,41.399731],[2.178144,41.389152],[2.167565,41.389152]]]}},{"type":"Feature","properties":{"incr":1.559},"geometry":{"type":"Polygon","coordinates":[[[2.178144,41.389152],[2.178144,41.399731],[2.188723,41.399731],[2.188723,41.389152],[2.178144,41.389152]]]}},{"type":"Feature","properties":{"incr":1.601},"geometry":{"type":"Polygon","coordinates":[[[2.188723,41.389152],[2.188723,41.399731],[2.199302,41.399731],[2.199302,41.389152],[2.188723,41.389152]]]}},{"type":"Feature","properties":{"incr":1.528},"geometry":{"type":"Polygon","coordinates":[[[2.156986,41.367993],[2.156986,41.378572],[2.167565,41.378572],[2.167565,41.367993],[2.156986,41.367993]]]}},{"type":"Feature","properties":{"incr":1.439},"geometry":{"type":"Polygon","coordinates":[[[2.167565,41.367993],[2.167565,41.378572],[2.178144,41.378572],[2.178144,41.367993],[2.167565,41.367993]]]}},{"type":"Feature","properties":{"incr":1.447},"geometry":{"type":"Polygon","coordinates":[[[2.178144,41.367993],[2.178144,41.378572],[2.188723,41.378572],[2.188723,41.367993],[2.178144,41.367993]]]}},{"type":"Feature","properties":{"incr":1.654},"geometry":{"type":"Polygon","coordinates":[[[2.199302,41.389152],[2.199302,41.399731],[2.209882,41.399731],[2.209882,41.389152],[2.199302,41.389152]]]}},{"type":"Feature","properties":{"incr":1.650},"geometry":{"type":"Polygon","coordinates":[[[2.209882,41.389152],[2.209882,41.399731],[2.220461,41.399731],[2.220461,41.389152],[2.209882,41.389152]]]}},{"type":"Feature","properties":{"incr":1.541},"geometry":{"type":"Polygon","coordinates":[[[2.156986,41.399731],[2.156986,41.410310],[2.167565,41.410310],[2.167565,41.399731],[2.156986,41.399731]]]}},{"type":"Feature","properties":{"incr":1.553},"geometry":{"type":"Polygon","coordinates":[[[2.167565,41.399731],[2.167565,41.410310],[2.178144,41.410310],[2.178144,41.399731],[2.167565,41.399731]]]}},{"type":"Feature","properties":{"incr":1.596},"geometry":{"type":"Polygon","coordinates":[[[2.178144,41.399731],[2.178144,41.410310],[2.188723,41.410310],[2.188723,41.399731],[2.178144,41.399731]]]}},{"type":"Feature","properties":{"incr":1.598},"geometry":{"type":"Polygon","coordinates":[[[2.188723,41.367993],[2.188723,41.378572],[2.199302,41.378572],[2.199302,41.367993],[2.188723,41.367993]]]}},{"type":"Feature","properties":{"incr":1.882},"geometry":{"type":"Polygon","coordinates":[[[1.881929,41.410310],[1.881929,41.420889],[1.892508,41.420889],[1.892508,41.410310],[1.881929,41.410310]]]}},{"type":"Feature","properties":{"incr":1.723},"geometry":{"type":"Polygon","coordinates":[[[1.892508,41.410310],[1.892508,41.420889],[1.903087,41.420889],[1.903087,41.410310],[1.892508,41.410310]]]}},{"type":"Feature","properties":{"incr":1.572},"geometry":{"type":"Polygon","coordinates":[[[1.903087,41.410310],[1.903087,41.420889],[1.913666,41.420889],[1.913666,41.410310],[1.903087,41.410310]]]}},{"type":"Feature","properties":{"incr":2.079},"geometry":{"type":"Polygon","coordinates":[[[1.818455,41.410310],[1.818455,41.420889],[1.829034,41.420889],[1.829034,41.410310],[1.818455,41.410310]]]}},{"type":"Feature","properties":{"incr":2.060},"geometry":{"type":"Polygon","coordinates":[[[1.829034,41.410310],[1.829034,41.420889],[1.839613,41.420889],[1.839613,41.410310],[1.829034,41.410310]]]}},{"type":"Feature","properties":{"incr":2.031},"geometry":{"type":"Polygon","coordinates":[[[1.839613,41.410310],[1.839613,41.420889],[1.850192,41.420889],[1.850192,41.410310],[1.839613,41.410310]]]}},{"type":"Feature","properties":{"incr":2.076},"geometry":{"type":"Polygon","coordinates":[[[1.818455,41.389152],[1.818455,41.399731],[1.829034,41.399731],[1.829034,41.389152],[1.818455,41.389152]]]}},{"type":"Feature","properties":{"incr":2.052},"geometry":{"type":"Polygon","coordinates":[[[1.829034,41.389152],[1.829034,41.399731],[1.839613,41.399731],[1.839613,41.389152],[1.829034,41.389152]]]}},{"type":"Feature","properties":{"incr":2.026},"geometry":{"type":"Polygon","coordinates":[[[1.839613,41.389152],[1.839613,41.399731],[1.850192,41.399731],[1.850192,41.389152],[1.839613,41.389152]]]}},{"type":"Feature","properties":{"incr":1.644},"geometry":{"type":"Polygon","coordinates":[[[2.188723,41.399731],[2.188723,41.410310],[2.199302,41.410310],[2.199302,41.399731],[2.188723,41.399731]]]}},{"type":"Feature","properties":{"incr":1.643},"geometry":{"type":"Polygon","coordinates":[[[2.199302,41.399731],[2.199302,41.410310],[2.209882,41.410310],[2.209882,41.399731],[2.199302,41.399731]]]}},{"type":"Feature","properties":{"incr":1.664},"geometry":{"type":"Polygon","coordinates":[[[2.209882,41.399731],[2.209882,41.410310],[2.220461,41.410310],[2.220461,41.399731],[2.209882,41.399731]]]}},{"type":"Feature","properties":{"incr":2.008},"geometry":{"type":"Polygon","coordinates":[[[1.850192,41.389152],[1.850192,41.399731],[1.860771,41.399731],[1.860771,41.389152],[1.850192,41.389152]]]}},{"type":"Feature","properties":{"incr":1.984},"geometry":{"type":"Polygon","coordinates":[[[1.860771,41.389152],[1.860771,41.399731],[1.871350,41.399731],[1.871350,41.389152],[1.860771,41.389152]]]}},{"type":"Feature","properties":{"incr":1.925},"geometry":{"type":"Polygon","coordinates":[[[1.871350,41.389152],[1.871350,41.399731],[1.881929,41.399731],[1.881929,41.389152],[1.871350,41.389152]]]}},{"type":"Feature","properties":{"incr":2.104},"geometry":{"type":"Polygon","coordinates":[[[1.818455,41.399731],[1.818455,41.410310],[1.829034,41.410310],[1.829034,41.399731],[1.818455,41.399731]]]}},{"type":"Feature","properties":{"incr":2.093},"geometry":{"type":"Polygon","coordinates":[[[1.829034,41.399731],[1.829034,41.410310],[1.839613,41.410310],[1.839613,41.399731],[1.829034,41.399731]]]}},{"type":"Feature","properties":{"incr":1.443},"geometry":{"type":"Polygon","coordinates":[[[1.913666,41.410310],[1.913666,41.420889],[1.924246,41.420889],[1.924246,41.410310],[1.913666,41.410310]]]}},{"type":"Feature","properties":{"incr":1.343},"geometry":{"type":"Polygon","coordinates":[[[1.924246,41.410310],[1.924246,41.420889],[1.934825,41.420889],[1.934825,41.410310],[1.924246,41.410310]]]}},{"type":"Feature","properties":{"incr":1.283},"geometry":{"type":"Polygon","coordinates":[[[1.934825,41.410310],[1.934825,41.420889],[1.945404,41.420889],[1.945404,41.410310],[1.934825,41.410310]]]}},{"type":"Feature","properties":{"incr":2.015},"geometry":{"type":"Polygon","coordinates":[[[1.818455,41.378572],[1.818455,41.389152],[1.829034,41.389152],[1.829034,41.378572],[1.818455,41.378572]]]}},{"type":"Feature","properties":{"incr":2.023},"geometry":{"type":"Polygon","coordinates":[[[1.829034,41.378572],[1.829034,41.389152],[1.839613,41.389152],[1.839613,41.378572],[1.829034,41.378572]]]}},{"type":"Feature","properties":{"incr":2.003},"geometry":{"type":"Polygon","coordinates":[[[1.839613,41.378572],[1.839613,41.389152],[1.850192,41.389152],[1.850192,41.378572],[1.839613,41.378572]]]}},{"type":"Feature","properties":{"incr":1.818},"geometry":{"type":"Polygon","coordinates":[[[1.881929,41.389152],[1.881929,41.399731],[1.892508,41.399731],[1.892508,41.389152],[1.881929,41.389152]]]}},{"type":"Feature","properties":{"incr":1.695},"geometry":{"type":"Polygon","coordinates":[[[1.892508,41.389152],[1.892508,41.399731],[1.903087,41.399731],[1.903087,41.389152],[1.892508,41.389152]]]}},{"type":"Feature","properties":{"incr":1.557},"geometry":{"type":"Polygon","coordinates":[[[1.903087,41.389152],[1.903087,41.399731],[1.913666,41.399731],[1.913666,41.389152],[1.903087,41.389152]]]}},{"type":"Feature","properties":{"incr":2.064},"geometry":{"type":"Polygon","coordinates":[[[1.839613,41.399731],[1.839613,41.410310],[1.850192,41.410310],[1.850192,41.399731],[1.839613,41.399731]]]}},{"type":"Feature","properties":{"incr":2.025},"geometry":{"type":"Polygon","coordinates":[[[1.850192,41.399731],[1.850192,41.410310],[1.860771,41.410310],[1.860771,41.399731],[1.850192,41.399731]]]}},{"type":"Feature","properties":{"incr":2.030},"geometry":{"type":"Polygon","coordinates":[[[1.860771,41.399731],[1.860771,41.410310],[1.871350,41.410310],[1.871350,41.399731],[1.860771,41.399731]]]}},{"type":"Feature","properties":{"incr":2.019},"geometry":{"type":"Polygon","coordinates":[[[1.850192,41.410310],[1.850192,41.420889],[1.860771,41.420889],[1.860771,41.410310],[1.850192,41.410310]]]}},{"type":"Feature","properties":{"incr":2.008},"geometry":{"type":"Polygon","coordinates":[[[1.860771,41.410310],[1.860771,41.420889],[1.871350,41.420889],[1.871350,41.410310],[1.860771,41.410310]]]}},{"type":"Feature","properties":{"incr":1.945},"geometry":{"type":"Polygon","coordinates":[[[1.871350,41.410310],[1.871350,41.420889],[1.881929,41.420889],[1.881929,41.410310],[1.871350,41.410310]]]}},{"type":"Feature","properties":{"incr":2.003},"geometry":{"type":"Polygon","coordinates":[[[1.850192,41.378572],[1.850192,41.389152],[1.860771,41.389152],[1.860771,41.378572],[1.850192,41.378572]]]}},{"type":"Feature","properties":{"incr":1.958},"geometry":{"type":"Polygon","coordinates":[[[1.860771,41.378572],[1.860771,41.389152],[1.871350,41.389152],[1.871350,41.378572],[1.860771,41.378572]]]}},{"type":"Feature","properties":{"incr":1.900},"geometry":{"type":"Polygon","coordinates":[[[1.871350,41.378572],[1.871350,41.389152],[1.881929,41.389152],[1.881929,41.378572],[1.871350,41.378572]]]}},{"type":"Feature","properties":{"incr":1.423},"geometry":{"type":"Polygon","coordinates":[[[1.913666,41.389152],[1.913666,41.399731],[1.924246,41.399731],[1.924246,41.389152],[1.913666,41.389152]]]}},{"type":"Feature","properties":{"incr":1.250},"geometry":{"type":"Polygon","coordinates":[[[1.924246,41.389152],[1.924246,41.399731],[1.934825,41.399731],[1.934825,41.389152],[1.924246,41.389152]]]}},{"type":"Feature","properties":{"incr":1.174},"geometry":{"type":"Polygon","coordinates":[[[1.934825,41.389152],[1.934825,41.399731],[1.945404,41.399731],[1.945404,41.389152],[1.934825,41.389152]]]}},{"type":"Feature","properties":{"incr":1.960},"geometry":{"type":"Polygon","coordinates":[[[1.871350,41.399731],[1.871350,41.410310],[1.881929,41.410310],[1.881929,41.399731],[1.871350,41.399731]]]}},{"type":"Feature","properties":{"incr":1.835},"geometry":{"type":"Polygon","coordinates":[[[1.881929,41.399731],[1.881929,41.410310],[1.892508,41.410310],[1.892508,41.399731],[1.881929,41.399731]]]}},{"type":"Feature","properties":{"incr":1.688},"geometry":{"type":"Polygon","coordinates":[[[1.892508,41.399731],[1.892508,41.410310],[1.903087,41.410310],[1.903087,41.399731],[1.892508,41.399731]]]}},{"type":"Feature","properties":{"incr":1.663},"geometry":{"type":"Polygon","coordinates":[[[2.220461,41.399731],[2.220461,41.410310],[2.231040,41.410310],[2.231040,41.399731],[2.220461,41.399731]]]}},{"type":"Feature","properties":{"incr":1.839},"geometry":{"type":"Polygon","coordinates":[[[1.881929,41.378572],[1.881929,41.389152],[1.892508,41.389152],[1.892508,41.378572],[1.881929,41.378572]]]}},{"type":"Feature","properties":{"incr":1.732},"geometry":{"type":"Polygon","coordinates":[[[1.892508,41.378572],[1.892508,41.389152],[1.903087,41.389152],[1.903087,41.378572],[1.892508,41.378572]]]}},{"type":"Feature","properties":{"incr":1.585},"geometry":{"type":"Polygon","coordinates":[[[1.903087,41.378572],[1.903087,41.389152],[1.913666,41.389152],[1.913666,41.378572],[1.903087,41.378572]]]}},{"type":"Feature","properties":{"incr":1.144},"geometry":{"type":"Polygon","coordinates":[[[1.945404,41.389152],[1.945404,41.399731],[1.955983,41.399731],[1.955983,41.389152],[1.945404,41.389152]]]}},{"type":"Feature","properties":{"incr":1.170},"geometry":{"type":"Polygon","coordinates":[[[1.955983,41.389152],[1.955983,41.399731],[1.966562,41.399731],[1.966562,41.389152],[1.955983,41.389152]]]}},{"type":"Feature","properties":{"incr":1.204},"geometry":{"type":"Polygon","coordinates":[[[1.966562,41.389152],[1.966562,41.399731],[1.977141,41.399731],[1.977141,41.389152],[1.966562,41.389152]]]}},{"type":"Feature","properties":{"incr":1.548},"geometry":{"type":"Polygon","coordinates":[[[1.903087,41.399731],[1.903087,41.410310],[1.913666,41.410310],[1.913666,41.399731],[1.903087,41.399731]]]}},{"type":"Feature","properties":{"incr":1.437},"geometry":{"type":"Polygon","coordinates":[[[1.913666,41.399731],[1.913666,41.410310],[1.924246,41.410310],[1.924246,41.399731],[1.913666,41.399731]]]}},{"type":"Feature","properties":{"incr":1.329},"geometry":{"type":"Polygon","coordinates":[[[1.924246,41.399731],[1.924246,41.410310],[1.934825,41.410310],[1.934825,41.399731],[1.924246,41.399731]]]}},{"type":"Feature","properties":{"incr":1.401},"geometry":{"type":"Polygon","coordinates":[[[1.913666,41.378572],[1.913666,41.389152],[1.924246,41.389152],[1.924246,41.378572],[1.913666,41.378572]]]}},{"type":"Feature","properties":{"incr":1.222},"geometry":{"type":"Polygon","coordinates":[[[1.924246,41.378572],[1.924246,41.389152],[1.934825,41.389152],[1.934825,41.378572],[1.924246,41.378572]]]}},{"type":"Feature","properties":{"incr":1.084},"geometry":{"type":"Polygon","coordinates":[[[1.934825,41.378572],[1.934825,41.389152],[1.945404,41.389152],[1.945404,41.378572],[1.934825,41.378572]]]}},{"type":"Feature","properties":{"incr":1.244},"geometry":{"type":"Polygon","coordinates":[[[1.977141,41.389152],[1.977141,41.399731],[1.987720,41.399731],[1.987720,41.389152],[1.977141,41.389152]]]}},{"type":"Feature","properties":{"incr":1.267},"geometry":{"type":"Polygon","coordinates":[[[1.987720,41.389152],[1.987720,41.399731],[1.998299,41.399731],[1.998299,41.389152],[1.987720,41.389152]]]}},{"type":"Feature","properties":{"incr":1.258},"geometry":{"type":"Polygon","coordinates":[[[1.998299,41.389152],[1.998299,41.399731],[2.008878,41.399731],[2.008878,41.389152],[1.998299,41.389152]]]}},{"type":"Feature","properties":{"incr":1.265},"geometry":{"type":"Polygon","coordinates":[[[1.934825,41.399731],[1.934825,41.410310],[1.945404,41.410310],[1.945404,41.399731],[1.934825,41.399731]]]}},{"type":"Feature","properties":{"incr":1.224},"geometry":{"type":"Polygon","coordinates":[[[1.945404,41.399731],[1.945404,41.410310],[1.955983,41.410310],[1.955983,41.399731],[1.945404,41.399731]]]}},{"type":"Feature","properties":{"incr":1.201},"geometry":{"type":"Polygon","coordinates":[[[1.955983,41.399731],[1.955983,41.410310],[1.966562,41.410310],[1.966562,41.399731],[1.955983,41.399731]]]}},{"type":"Feature","properties":{"incr":1.401},"geometry":{"type":"Polygon","coordinates":[[[2.125249,41.399731],[2.125249,41.410310],[2.135828,41.410310],[2.135828,41.399731],[2.125249,41.399731]]]}},{"type":"Feature","properties":{"incr":1.483},"geometry":{"type":"Polygon","coordinates":[[[2.135828,41.399731],[2.135828,41.410310],[2.146407,41.410310],[2.146407,41.399731],[2.135828,41.399731]]]}},{"type":"Feature","properties":{"incr":1.529},"geometry":{"type":"Polygon","coordinates":[[[2.146407,41.399731],[2.146407,41.410310],[2.156986,41.410310],[2.156986,41.399731],[2.146407,41.399731]]]}},{"type":"Feature","properties":{"incr":1.182},"geometry":{"type":"Polygon","coordinates":[[[1.945404,41.378572],[1.945404,41.389152],[1.955983,41.389152],[1.955983,41.378572],[1.945404,41.378572]]]}},{"type":"Feature","properties":{"incr":1.220},"geometry":{"type":"Polygon","coordinates":[[[1.955983,41.378572],[1.955983,41.389152],[1.966562,41.389152],[1.966562,41.378572],[1.955983,41.378572]]]}},{"type":"Feature","properties":{"incr":1.263},"geometry":{"type":"Polygon","coordinates":[[[1.966562,41.378572],[1.966562,41.389152],[1.977141,41.389152],[1.977141,41.378572],[1.966562,41.378572]]]}},{"type":"Feature","properties":{"incr":1.265},"geometry":{"type":"Polygon","coordinates":[[[2.008878,41.389152],[2.008878,41.399731],[2.019458,41.399731],[2.019458,41.389152],[2.008878,41.389152]]]}},{"type":"Feature","properties":{"incr":1.271},"geometry":{"type":"Polygon","coordinates":[[[2.019458,41.389152],[2.019458,41.399731],[2.030037,41.399731],[2.030037,41.389152],[2.019458,41.389152]]]}},{"type":"Feature","properties":{"incr":1.275},"geometry":{"type":"Polygon","coordinates":[[[2.030037,41.389152],[2.030037,41.399731],[2.040616,41.399731],[2.040616,41.389152],[2.030037,41.389152]]]}},{"type":"Feature","properties":{"incr":1.199},"geometry":{"type":"Polygon","coordinates":[[[1.966562,41.399731],[1.966562,41.410310],[1.977141,41.410310],[1.977141,41.399731],[1.966562,41.399731]]]}},{"type":"Feature","properties":{"incr":1.215},"geometry":{"type":"Polygon","coordinates":[[[1.977141,41.399731],[1.977141,41.410310],[1.987720,41.410310],[1.987720,41.399731],[1.977141,41.399731]]]}},{"type":"Feature","properties":{"incr":1.227},"geometry":{"type":"Polygon","coordinates":[[[1.987720,41.399731],[1.987720,41.410310],[1.998299,41.410310],[1.998299,41.399731],[1.987720,41.399731]]]}},{"type":"Feature","properties":{"incr":1.361},"geometry":{"type":"Polygon","coordinates":[[[1.966562,41.367993],[1.966562,41.378572],[1.977141,41.378572],[1.977141,41.367993],[1.966562,41.367993]]]}},{"type":"Feature","properties":{"incr":1.349},"geometry":{"type":"Polygon","coordinates":[[[1.977141,41.367993],[1.977141,41.378572],[1.987720,41.378572],[1.987720,41.367993],[1.977141,41.367993]]]}},{"type":"Feature","properties":{"incr":1.358},"geometry":{"type":"Polygon","coordinates":[[[1.987720,41.367993],[1.987720,41.378572],[1.998299,41.378572],[1.998299,41.367993],[1.987720,41.367993]]]}},{"type":"Feature","properties":{"incr":1.297},"geometry":{"type":"Polygon","coordinates":[[[1.977141,41.378572],[1.977141,41.389152],[1.987720,41.389152],[1.987720,41.378572],[1.977141,41.378572]]]}},{"type":"Feature","properties":{"incr":1.291},"geometry":{"type":"Polygon","coordinates":[[[1.987720,41.378572],[1.987720,41.389152],[1.998299,41.389152],[1.998299,41.378572],[1.987720,41.378572]]]}},{"type":"Feature","properties":{"incr":1.294},"geometry":{"type":"Polygon","coordinates":[[[1.998299,41.378572],[1.998299,41.389152],[2.008878,41.389152],[2.008878,41.378572],[1.998299,41.378572]]]}},{"type":"Feature","properties":{"incr":2.020},"geometry":{"type":"Polygon","coordinates":[[[1.829034,41.431468],[1.829034,41.442047],[1.839613,41.442047],[1.839613,41.431468],[1.829034,41.431468]]]}},{"type":"Feature","properties":{"incr":1.997},"geometry":{"type":"Polygon","coordinates":[[[1.839613,41.431468],[1.839613,41.442047],[1.850192,41.442047],[1.850192,41.431468],[1.839613,41.431468]]]}},{"type":"Feature","properties":{"incr":1.983},"geometry":{"type":"Polygon","coordinates":[[[1.850192,41.431468],[1.850192,41.442047],[1.860771,41.442047],[1.860771,41.431468],[1.850192,41.431468]]]}},{"type":"Feature","properties":{"incr":1.263},"geometry":{"type":"Polygon","coordinates":[[[1.945404,41.410310],[1.945404,41.420889],[1.955983,41.420889],[1.955983,41.410310],[1.945404,41.410310]]]}},{"type":"Feature","properties":{"incr":1.272},"geometry":{"type":"Polygon","coordinates":[[[1.955983,41.410310],[1.955983,41.420889],[1.966562,41.420889],[1.966562,41.410310],[1.955983,41.410310]]]}},{"type":"Feature","properties":{"incr":1.268},"geometry":{"type":"Polygon","coordinates":[[[1.966562,41.410310],[1.966562,41.420889],[1.977141,41.420889],[1.977141,41.410310],[1.966562,41.410310]]]}},{"type":"Feature","properties":{"incr":1.780},"geometry":{"type":"Polygon","coordinates":[[[1.892508,41.420889],[1.892508,41.431468],[1.903087,41.431468],[1.903087,41.420889],[1.892508,41.420889]]]}},{"type":"Feature","properties":{"incr":1.651},"geometry":{"type":"Polygon","coordinates":[[[1.903087,41.420889],[1.903087,41.431468],[1.913666,41.431468],[1.913666,41.420889],[1.903087,41.420889]]]}},{"type":"Feature","properties":{"incr":1.503},"geometry":{"type":"Polygon","coordinates":[[[1.913666,41.420889],[1.913666,41.431468],[1.924246,41.431468],[1.924246,41.420889],[1.913666,41.420889]]]}},{"type":"Feature","properties":{"incr":1.985},"geometry":{"type":"Polygon","coordinates":[[[1.860771,41.431468],[1.860771,41.442047],[1.871350,41.442047],[1.871350,41.431468],[1.860771,41.431468]]]}},{"type":"Feature","properties":{"incr":1.924},"geometry":{"type":"Polygon","coordinates":[[[1.871350,41.431468],[1.871350,41.442047],[1.881929,41.442047],[1.881929,41.431468],[1.871350,41.431468]]]}},{"type":"Feature","properties":{"incr":1.838},"geometry":{"type":"Polygon","coordinates":[[[1.881929,41.431468],[1.881929,41.442047],[1.892508,41.442047],[1.892508,41.431468],[1.881929,41.431468]]]}},{"type":"Feature","properties":{"incr":1.256},"geometry":{"type":"Polygon","coordinates":[[[1.977141,41.410310],[1.977141,41.420889],[1.987720,41.420889],[1.987720,41.410310],[1.977141,41.410310]]]}},{"type":"Feature","properties":{"incr":1.228},"geometry":{"type":"Polygon","coordinates":[[[1.987720,41.410310],[1.987720,41.420889],[1.998299,41.420889],[1.998299,41.410310],[1.987720,41.410310]]]}},{"type":"Feature","properties":{"incr":1.247},"geometry":{"type":"Polygon","coordinates":[[[1.998299,41.410310],[1.998299,41.420889],[2.008878,41.420889],[2.008878,41.410310],[1.998299,41.410310]]]}},{"type":"Feature","properties":{"incr":1.392},"geometry":{"type":"Polygon","coordinates":[[[1.924246,41.420889],[1.924246,41.431468],[1.934825,41.431468],[1.934825,41.420889],[1.924246,41.420889]]]}},{"type":"Feature","properties":{"incr":1.335},"geometry":{"type":"Polygon","coordinates":[[[1.934825,41.420889],[1.934825,41.431468],[1.945404,41.431468],[1.945404,41.420889],[1.934825,41.420889]]]}},{"type":"Feature","properties":{"incr":1.278},"geometry":{"type":"Polygon","coordinates":[[[1.945404,41.420889],[1.945404,41.431468],[1.955983,41.431468],[1.955983,41.420889],[1.945404,41.420889]]]}},{"type":"Feature","properties":{"incr":2.025},"geometry":{"type":"Polygon","coordinates":[[[1.818455,41.442047],[1.818455,41.452626],[1.829034,41.452626],[1.829034,41.442047],[1.818455,41.442047]]]}},{"type":"Feature","properties":{"incr":1.992},"geometry":{"type":"Polygon","coordinates":[[[1.829034,41.442047],[1.829034,41.452626],[1.839613,41.452626],[1.839613,41.442047],[1.829034,41.442047]]]}},{"type":"Feature","properties":{"incr":1.956},"geometry":{"type":"Polygon","coordinates":[[[1.839613,41.442047],[1.839613,41.452626],[1.850192,41.452626],[1.850192,41.442047],[1.839613,41.442047]]]}},{"type":"Feature","properties":{"incr":1.723},"geometry":{"type":"Polygon","coordinates":[[[1.892508,41.431468],[1.892508,41.442047],[1.903087,41.442047],[1.903087,41.431468],[1.892508,41.431468]]]}},{"type":"Feature","properties":{"incr":1.627},"geometry":{"type":"Polygon","coordinates":[[[1.903087,41.431468],[1.903087,41.442047],[1.913666,41.442047],[1.913666,41.431468],[1.903087,41.431468]]]}},{"type":"Feature","properties":{"incr":1.549},"geometry":{"type":"Polygon","coordinates":[[[1.913666,41.431468],[1.913666,41.442047],[1.924246,41.442047],[1.924246,41.431468],[1.913666,41.431468]]]}},{"type":"Feature","properties":{"incr":1.264},"geometry":{"type":"Polygon","coordinates":[[[2.008878,41.410310],[2.008878,41.420889],[2.019458,41.420889],[2.019458,41.410310],[2.008878,41.410310]]]}},{"type":"Feature","properties":{"incr":1.273},"geometry":{"type":"Polygon","coordinates":[[[2.019458,41.410310],[2.019458,41.420889],[2.030037,41.420889],[2.030037,41.410310],[2.019458,41.410310]]]}},{"type":"Feature","properties":{"incr":1.299},"geometry":{"type":"Polygon","coordinates":[[[2.030037,41.410310],[2.030037,41.420889],[2.040616,41.420889],[2.040616,41.410310],[2.030037,41.410310]]]}},{"type":"Feature","properties":{"incr":1.289},"geometry":{"type":"Polygon","coordinates":[[[1.955983,41.420889],[1.955983,41.431468],[1.966562,41.431468],[1.966562,41.420889],[1.955983,41.420889]]]}},{"type":"Feature","properties":{"incr":1.287},"geometry":{"type":"Polygon","coordinates":[[[1.966562,41.420889],[1.966562,41.431468],[1.977141,41.431468],[1.977141,41.420889],[1.966562,41.420889]]]}},{"type":"Feature","properties":{"incr":1.252},"geometry":{"type":"Polygon","coordinates":[[[1.977141,41.420889],[1.977141,41.431468],[1.987720,41.431468],[1.987720,41.420889],[1.977141,41.420889]]]}},{"type":"Feature","properties":{"incr":1.933},"geometry":{"type":"Polygon","coordinates":[[[1.850192,41.442047],[1.850192,41.452626],[1.860771,41.452626],[1.860771,41.442047],[1.850192,41.442047]]]}},{"type":"Feature","properties":{"incr":1.893},"geometry":{"type":"Polygon","coordinates":[[[1.860771,41.442047],[1.860771,41.452626],[1.871350,41.452626],[1.871350,41.442047],[1.860771,41.442047]]]}},{"type":"Feature","properties":{"incr":1.839},"geometry":{"type":"Polygon","coordinates":[[[1.871350,41.442047],[1.871350,41.452626],[1.881929,41.452626],[1.881929,41.442047],[1.871350,41.442047]]]}},{"type":"Feature","properties":{"incr":1.426},"geometry":{"type":"Polygon","coordinates":[[[1.924246,41.431468],[1.924246,41.442047],[1.934825,41.442047],[1.934825,41.431468],[1.924246,41.431468]]]}},{"type":"Feature","properties":{"incr":1.373},"geometry":{"type":"Polygon","coordinates":[[[1.934825,41.431468],[1.934825,41.442047],[1.945404,41.442047],[1.945404,41.431468],[1.934825,41.431468]]]}},{"type":"Feature","properties":{"incr":1.327},"geometry":{"type":"Polygon","coordinates":[[[1.945404,41.431468],[1.945404,41.442047],[1.955983,41.442047],[1.955983,41.431468],[1.945404,41.431468]]]}},{"type":"Feature","properties":{"incr":1.329},"geometry":{"type":"Polygon","coordinates":[[[2.040616,41.410310],[2.040616,41.420889],[2.051195,41.420889],[2.051195,41.410310],[2.040616,41.410310]]]}},{"type":"Feature","properties":{"incr":1.366},"geometry":{"type":"Polygon","coordinates":[[[2.051195,41.410310],[2.051195,41.420889],[2.061774,41.420889],[2.061774,41.410310],[2.051195,41.410310]]]}},{"type":"Feature","properties":{"incr":1.369},"geometry":{"type":"Polygon","coordinates":[[[2.061774,41.410310],[2.061774,41.420889],[2.072353,41.420889],[2.072353,41.410310],[2.061774,41.410310]]]}},{"type":"Feature","properties":{"incr":1.236},"geometry":{"type":"Polygon","coordinates":[[[1.987720,41.420889],[1.987720,41.431468],[1.998299,41.431468],[1.998299,41.420889],[1.987720,41.420889]]]}},{"type":"Feature","properties":{"incr":1.258},"geometry":{"type":"Polygon","coordinates":[[[1.998299,41.420889],[1.998299,41.431468],[2.008878,41.431468],[2.008878,41.420889],[1.998299,41.420889]]]}},{"type":"Feature","properties":{"incr":1.282},"geometry":{"type":"Polygon","coordinates":[[[2.008878,41.420889],[2.008878,41.431468],[2.019458,41.431468],[2.019458,41.420889],[2.008878,41.420889]]]}},{"type":"Feature","properties":{"incr":1.774},"geometry":{"type":"Polygon","coordinates":[[[1.881929,41.442047],[1.881929,41.452626],[1.892508,41.452626],[1.892508,41.442047],[1.881929,41.442047]]]}},{"type":"Feature","properties":{"incr":1.685},"geometry":{"type":"Polygon","coordinates":[[[1.892508,41.442047],[1.892508,41.452626],[1.903087,41.452626],[1.903087,41.442047],[1.892508,41.442047]]]}},{"type":"Feature","properties":{"incr":1.616},"geometry":{"type":"Polygon","coordinates":[[[1.903087,41.442047],[1.903087,41.452626],[1.913666,41.452626],[1.913666,41.442047],[1.903087,41.442047]]]}},{"type":"Feature","properties":{"incr":1.290},"geometry":{"type":"Polygon","coordinates":[[[1.955983,41.431468],[1.955983,41.442047],[1.966562,41.442047],[1.966562,41.431468],[1.955983,41.431468]]]}},{"type":"Feature","properties":{"incr":1.271},"geometry":{"type":"Polygon","coordinates":[[[1.966562,41.431468],[1.966562,41.442047],[1.977141,41.442047],[1.977141,41.431468],[1.966562,41.431468]]]}},{"type":"Feature","properties":{"incr":1.256},"geometry":{"type":"Polygon","coordinates":[[[1.977141,41.431468],[1.977141,41.442047],[1.987720,41.442047],[1.987720,41.431468],[1.977141,41.431468]]]}},{"type":"Feature","properties":{"incr":1.397},"geometry":{"type":"Polygon","coordinates":[[[2.072353,41.410310],[2.072353,41.420889],[2.082932,41.420889],[2.082932,41.410310],[2.072353,41.410310]]]}},{"type":"Feature","properties":{"incr":1.394},"geometry":{"type":"Polygon","coordinates":[[[2.082932,41.410310],[2.082932,41.420889],[2.093511,41.420889],[2.093511,41.410310],[2.082932,41.410310]]]}},{"type":"Feature","properties":{"incr":1.418},"geometry":{"type":"Polygon","coordinates":[[[2.093511,41.410310],[2.093511,41.420889],[2.104090,41.420889],[2.104090,41.410310],[2.093511,41.410310]]]}},{"type":"Feature","properties":{"incr":1.294},"geometry":{"type":"Polygon","coordinates":[[[2.019458,41.420889],[2.019458,41.431468],[2.030037,41.431468],[2.030037,41.420889],[2.019458,41.420889]]]}},{"type":"Feature","properties":{"incr":1.303},"geometry":{"type":"Polygon","coordinates":[[[2.030037,41.420889],[2.030037,41.431468],[2.040616,41.431468],[2.040616,41.420889],[2.030037,41.420889]]]}},{"type":"Feature","properties":{"incr":1.324},"geometry":{"type":"Polygon","coordinates":[[[2.040616,41.420889],[2.040616,41.431468],[2.051195,41.431468],[2.051195,41.420889],[2.040616,41.420889]]]}},{"type":"Feature","properties":{"incr":1.545},"geometry":{"type":"Polygon","coordinates":[[[1.913666,41.442047],[1.913666,41.452626],[1.924246,41.452626],[1.924246,41.442047],[1.913666,41.442047]]]}},{"type":"Feature","properties":{"incr":1.450},"geometry":{"type":"Polygon","coordinates":[[[1.924246,41.442047],[1.924246,41.452626],[1.934825,41.452626],[1.934825,41.442047],[1.924246,41.442047]]]}},{"type":"Feature","properties":{"incr":1.401},"geometry":{"type":"Polygon","coordinates":[[[1.934825,41.442047],[1.934825,41.452626],[1.945404,41.452626],[1.945404,41.442047],[1.934825,41.442047]]]}},{"type":"Feature","properties":{"incr":1.260},"geometry":{"type":"Polygon","coordinates":[[[1.987720,41.431468],[1.987720,41.442047],[1.998299,41.442047],[1.998299,41.431468],[1.987720,41.431468]]]}},{"type":"Feature","properties":{"incr":1.281},"geometry":{"type":"Polygon","coordinates":[[[1.998299,41.431468],[1.998299,41.442047],[2.008878,41.442047],[2.008878,41.431468],[1.998299,41.431468]]]}},{"type":"Feature","properties":{"incr":1.307},"geometry":{"type":"Polygon","coordinates":[[[2.008878,41.431468],[2.008878,41.442047],[2.019458,41.442047],[2.019458,41.431468],[2.008878,41.431468]]]}},{"type":"Feature","properties":{"incr":1.432},"geometry":{"type":"Polygon","coordinates":[[[2.104090,41.410310],[2.104090,41.420889],[2.114670,41.420889],[2.114670,41.410310],[2.104090,41.410310]]]}},{"type":"Feature","properties":{"incr":1.463},"geometry":{"type":"Polygon","coordinates":[[[2.114670,41.410310],[2.114670,41.420889],[2.125249,41.420889],[2.125249,41.410310],[2.114670,41.410310]]]}},{"type":"Feature","properties":{"incr":1.495},"geometry":{"type":"Polygon","coordinates":[[[2.125249,41.410310],[2.125249,41.420889],[2.135828,41.420889],[2.135828,41.410310],[2.125249,41.410310]]]}},{"type":"Feature","properties":{"incr":1.354},"geometry":{"type":"Polygon","coordinates":[[[2.051195,41.420889],[2.051195,41.431468],[2.061774,41.431468],[2.061774,41.420889],[2.051195,41.420889]]]}},{"type":"Feature","properties":{"incr":1.361},"geometry":{"type":"Polygon","coordinates":[[[2.061774,41.420889],[2.061774,41.431468],[2.072353,41.431468],[2.072353,41.420889],[2.061774,41.420889]]]}},{"type":"Feature","properties":{"incr":1.393},"geometry":{"type":"Polygon","coordinates":[[[2.072353,41.420889],[2.072353,41.431468],[2.082932,41.431468],[2.082932,41.420889],[2.072353,41.420889]]]}},{"type":"Feature","properties":{"incr":1.357},"geometry":{"type":"Polygon","coordinates":[[[1.945404,41.442047],[1.945404,41.452626],[1.955983,41.452626],[1.955983,41.442047],[1.945404,41.442047]]]}},{"type":"Feature","properties":{"incr":1.311},"geometry":{"type":"Polygon","coordinates":[[[1.955983,41.442047],[1.955983,41.452626],[1.966562,41.452626],[1.966562,41.442047],[1.955983,41.442047]]]}},{"type":"Feature","properties":{"incr":1.286},"geometry":{"type":"Polygon","coordinates":[[[1.966562,41.442047],[1.966562,41.452626],[1.977141,41.452626],[1.977141,41.442047],[1.966562,41.442047]]]}},{"type":"Feature","properties":{"incr":1.336},"geometry":{"type":"Polygon","coordinates":[[[2.019458,41.431468],[2.019458,41.442047],[2.030037,41.442047],[2.030037,41.431468],[2.019458,41.431468]]]}},{"type":"Feature","properties":{"incr":1.345},"geometry":{"type":"Polygon","coordinates":[[[2.030037,41.431468],[2.030037,41.442047],[2.040616,41.442047],[2.040616,41.431468],[2.030037,41.431468]]]}},{"type":"Feature","properties":{"incr":1.341},"geometry":{"type":"Polygon","coordinates":[[[2.040616,41.431468],[2.040616,41.442047],[2.051195,41.442047],[2.051195,41.431468],[2.040616,41.431468]]]}},{"type":"Feature","properties":{"incr":1.568},"geometry":{"type":"Polygon","coordinates":[[[2.135828,41.410310],[2.135828,41.420889],[2.146407,41.420889],[2.146407,41.410310],[2.135828,41.410310]]]}},{"type":"Feature","properties":{"incr":1.625},"geometry":{"type":"Polygon","coordinates":[[[2.146407,41.410310],[2.146407,41.420889],[2.156986,41.420889],[2.156986,41.410310],[2.146407,41.410310]]]}},{"type":"Feature","properties":{"incr":1.621},"geometry":{"type":"Polygon","coordinates":[[[2.156986,41.410310],[2.156986,41.420889],[2.167565,41.420889],[2.167565,41.410310],[2.156986,41.410310]]]}},{"type":"Feature","properties":{"incr":1.436},"geometry":{"type":"Polygon","coordinates":[[[2.082932,41.420889],[2.082932,41.431468],[2.093511,41.431468],[2.093511,41.420889],[2.082932,41.420889]]]}},{"type":"Feature","properties":{"incr":1.473},"geometry":{"type":"Polygon","coordinates":[[[2.093511,41.420889],[2.093511,41.431468],[2.104090,41.431468],[2.104090,41.420889],[2.093511,41.420889]]]}},{"type":"Feature","properties":{"incr":1.502},"geometry":{"type":"Polygon","coordinates":[[[2.104090,41.420889],[2.104090,41.431468],[2.114670,41.431468],[2.114670,41.420889],[2.104090,41.420889]]]}},{"type":"Feature","properties":{"incr":1.287},"geometry":{"type":"Polygon","coordinates":[[[1.977141,41.442047],[1.977141,41.452626],[1.987720,41.452626],[1.987720,41.442047],[1.977141,41.442047]]]}},{"type":"Feature","properties":{"incr":1.286},"geometry":{"type":"Polygon","coordinates":[[[1.987720,41.442047],[1.987720,41.452626],[1.998299,41.452626],[1.998299,41.442047],[1.987720,41.442047]]]}},{"type":"Feature","properties":{"incr":1.302},"geometry":{"type":"Polygon","coordinates":[[[1.998299,41.442047],[1.998299,41.452626],[2.008878,41.452626],[2.008878,41.442047],[1.998299,41.442047]]]}},{"type":"Feature","properties":{"incr":1.359},"geometry":{"type":"Polygon","coordinates":[[[2.051195,41.431468],[2.051195,41.442047],[2.061774,41.442047],[2.061774,41.431468],[2.051195,41.431468]]]}},{"type":"Feature","properties":{"incr":1.384},"geometry":{"type":"Polygon","coordinates":[[[2.061774,41.431468],[2.061774,41.442047],[2.072353,41.442047],[2.072353,41.431468],[2.061774,41.431468]]]}},{"type":"Feature","properties":{"incr":1.424},"geometry":{"type":"Polygon","coordinates":[[[2.072353,41.431468],[2.072353,41.442047],[2.082932,41.442047],[2.082932,41.431468],[2.072353,41.431468]]]}},{"type":"Feature","properties":{"incr":1.595},"geometry":{"type":"Polygon","coordinates":[[[2.167565,41.410310],[2.167565,41.420889],[2.178144,41.420889],[2.178144,41.410310],[2.167565,41.410310]]]}},{"type":"Feature","properties":{"incr":1.623},"geometry":{"type":"Polygon","coordinates":[[[2.178144,41.410310],[2.178144,41.420889],[2.188723,41.420889],[2.188723,41.410310],[2.178144,41.410310]]]}},{"type":"Feature","properties":{"incr":1.664},"geometry":{"type":"Polygon","coordinates":[[[2.188723,41.410310],[2.188723,41.420889],[2.199302,41.420889],[2.199302,41.410310],[2.188723,41.410310]]]}},{"type":"Feature","properties":{"incr":1.544},"geometry":{"type":"Polygon","coordinates":[[[2.114670,41.420889],[2.114670,41.431468],[2.125249,41.431468],[2.125249,41.420889],[2.114670,41.420889]]]}},{"type":"Feature","properties":{"incr":1.614},"geometry":{"type":"Polygon","coordinates":[[[2.125249,41.420889],[2.125249,41.431468],[2.135828,41.431468],[2.135828,41.420889],[2.125249,41.420889]]]}},{"type":"Feature","properties":{"incr":1.631},"geometry":{"type":"Polygon","coordinates":[[[2.135828,41.420889],[2.135828,41.431468],[2.146407,41.431468],[2.146407,41.420889],[2.135828,41.420889]]]}},{"type":"Feature","properties":{"incr":1.341},"geometry":{"type":"Polygon","coordinates":[[[2.008878,41.442047],[2.008878,41.452626],[2.019458,41.452626],[2.019458,41.442047],[2.008878,41.442047]]]}},{"type":"Feature","properties":{"incr":1.331},"geometry":{"type":"Polygon","coordinates":[[[2.019458,41.442047],[2.019458,41.452626],[2.030037,41.452626],[2.030037,41.442047],[2.019458,41.442047]]]}},{"type":"Feature","properties":{"incr":1.340},"geometry":{"type":"Polygon","coordinates":[[[2.030037,41.442047],[2.030037,41.452626],[2.040616,41.452626],[2.040616,41.442047],[2.030037,41.442047]]]}},{"type":"Feature","properties":{"incr":1.455},"geometry":{"type":"Polygon","coordinates":[[[2.082932,41.431468],[2.082932,41.442047],[2.093511,41.442047],[2.093511,41.431468],[2.082932,41.431468]]]}},{"type":"Feature","properties":{"incr":1.497},"geometry":{"type":"Polygon","coordinates":[[[2.093511,41.431468],[2.093511,41.442047],[2.104090,41.442047],[2.104090,41.431468],[2.093511,41.431468]]]}},{"type":"Feature","properties":{"incr":1.537},"geometry":{"type":"Polygon","coordinates":[[[2.104090,41.431468],[2.104090,41.442047],[2.114670,41.442047],[2.114670,41.431468],[2.104090,41.431468]]]}},{"type":"Feature","properties":{"incr":1.698},"geometry":{"type":"Polygon","coordinates":[[[2.199302,41.410310],[2.199302,41.420889],[2.209882,41.420889],[2.209882,41.410310],[2.199302,41.410310]]]}},{"type":"Feature","properties":{"incr":1.701},"geometry":{"type":"Polygon","coordinates":[[[2.209882,41.410310],[2.209882,41.420889],[2.220461,41.420889],[2.220461,41.410310],[2.209882,41.410310]]]}},{"type":"Feature","properties":{"incr":1.608},"geometry":{"type":"Polygon","coordinates":[[[2.220461,41.410310],[2.220461,41.420889],[2.231040,41.420889],[2.231040,41.410310],[2.220461,41.410310]]]}},{"type":"Feature","properties":{"incr":1.669},"geometry":{"type":"Polygon","coordinates":[[[2.146407,41.420889],[2.146407,41.431468],[2.156986,41.431468],[2.156986,41.420889],[2.146407,41.420889]]]}},{"type":"Feature","properties":{"incr":1.664},"geometry":{"type":"Polygon","coordinates":[[[2.156986,41.420889],[2.156986,41.431468],[2.167565,41.431468],[2.167565,41.420889],[2.156986,41.420889]]]}},{"type":"Feature","properties":{"incr":1.636},"geometry":{"type":"Polygon","coordinates":[[[2.167565,41.420889],[2.167565,41.431468],[2.178144,41.431468],[2.178144,41.420889],[2.167565,41.420889]]]}},{"type":"Feature","properties":{"incr":1.348},"geometry":{"type":"Polygon","coordinates":[[[2.040616,41.442047],[2.040616,41.452626],[2.051195,41.452626],[2.051195,41.442047],[2.040616,41.442047]]]}},{"type":"Feature","properties":{"incr":1.370},"geometry":{"type":"Polygon","coordinates":[[[2.051195,41.442047],[2.051195,41.452626],[2.061774,41.452626],[2.061774,41.442047],[2.051195,41.442047]]]}},{"type":"Feature","properties":{"incr":1.398},"geometry":{"type":"Polygon","coordinates":[[[2.061774,41.442047],[2.061774,41.452626],[2.072353,41.452626],[2.072353,41.442047],[2.061774,41.442047]]]}},{"type":"Feature","properties":{"incr":1.591},"geometry":{"type":"Polygon","coordinates":[[[2.114670,41.431468],[2.114670,41.442047],[2.125249,41.442047],[2.125249,41.431468],[2.114670,41.431468]]]}},{"type":"Feature","properties":{"incr":1.677},"geometry":{"type":"Polygon","coordinates":[[[2.125249,41.431468],[2.125249,41.442047],[2.135828,41.442047],[2.135828,41.431468],[2.125249,41.431468]]]}},{"type":"Feature","properties":{"incr":1.704},"geometry":{"type":"Polygon","coordinates":[[[2.135828,41.431468],[2.135828,41.442047],[2.146407,41.442047],[2.146407,41.431468],[2.135828,41.431468]]]}},{"type":"Feature","properties":{"incr":1.642},"geometry":{"type":"Polygon","coordinates":[[[2.178144,41.420889],[2.178144,41.431468],[2.188723,41.431468],[2.188723,41.420889],[2.178144,41.420889]]]}},{"type":"Feature","properties":{"incr":1.660},"geometry":{"type":"Polygon","coordinates":[[[2.188723,41.420889],[2.188723,41.431468],[2.199302,41.431468],[2.199302,41.420889],[2.188723,41.420889]]]}},{"type":"Feature","properties":{"incr":1.675},"geometry":{"type":"Polygon","coordinates":[[[2.199302,41.420889],[2.199302,41.431468],[2.209882,41.431468],[2.209882,41.420889],[2.199302,41.420889]]]}},{"type":"Feature","properties":{"incr":1.428},"geometry":{"type":"Polygon","coordinates":[[[2.072353,41.442047],[2.072353,41.452626],[2.082932,41.452626],[2.082932,41.442047],[2.072353,41.442047]]]}},{"type":"Feature","properties":{"incr":1.474},"geometry":{"type":"Polygon","coordinates":[[[2.082932,41.442047],[2.082932,41.452626],[2.093511,41.452626],[2.093511,41.442047],[2.082932,41.442047]]]}},{"type":"Feature","properties":{"incr":1.520},"geometry":{"type":"Polygon","coordinates":[[[2.093511,41.442047],[2.093511,41.452626],[2.104090,41.452626],[2.104090,41.442047],[2.093511,41.442047]]]}},{"type":"Feature","properties":{"incr":1.720},"geometry":{"type":"Polygon","coordinates":[[[2.146407,41.431468],[2.146407,41.442047],[2.156986,41.442047],[2.156986,41.431468],[2.146407,41.431468]]]}},{"type":"Feature","properties":{"incr":1.705},"geometry":{"type":"Polygon","coordinates":[[[2.156986,41.431468],[2.156986,41.442047],[2.167565,41.442047],[2.167565,41.431468],[2.156986,41.431468]]]}},{"type":"Feature","properties":{"incr":1.671},"geometry":{"type":"Polygon","coordinates":[[[2.167565,41.431468],[2.167565,41.442047],[2.178144,41.442047],[2.178144,41.431468],[2.167565,41.431468]]]}},{"type":"Feature","properties":{"incr":1.656},"geometry":{"type":"Polygon","coordinates":[[[2.209882,41.420889],[2.209882,41.431468],[2.220461,41.431468],[2.220461,41.420889],[2.209882,41.420889]]]}},{"type":"Feature","properties":{"incr":1.616},"geometry":{"type":"Polygon","coordinates":[[[2.220461,41.420889],[2.220461,41.431468],[2.231040,41.431468],[2.231040,41.420889],[2.220461,41.420889]]]}},{"type":"Feature","properties":{"incr":1.561},"geometry":{"type":"Polygon","coordinates":[[[2.231040,41.420889],[2.231040,41.431468],[2.241619,41.431468],[2.241619,41.420889],[2.231040,41.420889]]]}},{"type":"Feature","properties":{"incr":1.581},"geometry":{"type":"Polygon","coordinates":[[[2.104090,41.442047],[2.104090,41.452626],[2.114670,41.452626],[2.114670,41.442047],[2.104090,41.442047]]]}},{"type":"Feature","properties":{"incr":1.642},"geometry":{"type":"Polygon","coordinates":[[[2.114670,41.442047],[2.114670,41.452626],[2.125249,41.452626],[2.125249,41.442047],[2.114670,41.442047]]]}},{"type":"Feature","properties":{"incr":1.708},"geometry":{"type":"Polygon","coordinates":[[[2.125249,41.442047],[2.125249,41.452626],[2.135828,41.452626],[2.135828,41.442047],[2.125249,41.442047]]]}},{"type":"Feature","properties":{"incr":1.645},"geometry":{"type":"Polygon","coordinates":[[[2.178144,41.431468],[2.178144,41.442047],[2.188723,41.442047],[2.188723,41.431468],[2.178144,41.431468]]]}},{"type":"Feature","properties":{"incr":1.631},"geometry":{"type":"Polygon","coordinates":[[[2.188723,41.431468],[2.188723,41.442047],[2.199302,41.442047],[2.199302,41.431468],[2.188723,41.431468]]]}},{"type":"Feature","properties":{"incr":1.616},"geometry":{"type":"Polygon","coordinates":[[[2.199302,41.431468],[2.199302,41.442047],[2.209882,41.442047],[2.209882,41.431468],[2.199302,41.431468]]]}},{"type":"Feature","properties":{"incr":1.748},"geometry":{"type":"Polygon","coordinates":[[[2.135828,41.442047],[2.135828,41.452626],[2.146407,41.452626],[2.146407,41.442047],[2.135828,41.442047]]]}},{"type":"Feature","properties":{"incr":1.754},"geometry":{"type":"Polygon","coordinates":[[[2.146407,41.442047],[2.146407,41.452626],[2.156986,41.452626],[2.156986,41.442047],[2.146407,41.442047]]]}},{"type":"Feature","properties":{"incr":1.754},"geometry":{"type":"Polygon","coordinates":[[[2.156986,41.442047],[2.156986,41.452626],[2.167565,41.452626],[2.167565,41.442047],[2.156986,41.442047]]]}},{"type":"Feature","properties":{"incr":1.576},"geometry":{"type":"Polygon","coordinates":[[[2.209882,41.431468],[2.209882,41.442047],[2.220461,41.442047],[2.220461,41.431468],[2.209882,41.431468]]]}},{"type":"Feature","properties":{"incr":1.554},"geometry":{"type":"Polygon","coordinates":[[[2.220461,41.431468],[2.220461,41.442047],[2.231040,41.442047],[2.231040,41.431468],[2.220461,41.431468]]]}},{"type":"Feature","properties":{"incr":1.528},"geometry":{"type":"Polygon","coordinates":[[[2.231040,41.431468],[2.231040,41.442047],[2.241619,41.442047],[2.241619,41.431468],[2.231040,41.431468]]]}},{"type":"Feature","properties":{"incr":2.066},"geometry":{"type":"Polygon","coordinates":[[[1.818455,41.420889],[1.818455,41.431468],[1.829034,41.431468],[1.829034,41.420889],[1.818455,41.420889]]]}},{"type":"Feature","properties":{"incr":1.702},"geometry":{"type":"Polygon","coordinates":[[[2.167565,41.442047],[2.167565,41.452626],[2.178144,41.452626],[2.178144,41.442047],[2.167565,41.442047]]]}},{"type":"Feature","properties":{"incr":1.643},"geometry":{"type":"Polygon","coordinates":[[[2.178144,41.442047],[2.178144,41.452626],[2.188723,41.452626],[2.188723,41.442047],[2.178144,41.442047]]]}},{"type":"Feature","properties":{"incr":1.604},"geometry":{"type":"Polygon","coordinates":[[[2.188723,41.442047],[2.188723,41.452626],[2.199302,41.452626],[2.199302,41.442047],[2.188723,41.442047]]]}},{"type":"Feature","properties":{"incr":1.505},"geometry":{"type":"Polygon","coordinates":[[[2.241619,41.431468],[2.241619,41.442047],[2.252198,41.442047],[2.252198,41.431468],[2.241619,41.431468]]]}},{"type":"Feature","properties":{"incr":2.047},"geometry":{"type":"Polygon","coordinates":[[[1.829034,41.420889],[1.829034,41.431468],[1.839613,41.431468],[1.839613,41.420889],[1.829034,41.420889]]]}},{"type":"Feature","properties":{"incr":2.020},"geometry":{"type":"Polygon","coordinates":[[[1.839613,41.420889],[1.839613,41.431468],[1.850192,41.431468],[1.850192,41.420889],[1.839613,41.420889]]]}},{"type":"Feature","properties":{"incr":2.013},"geometry":{"type":"Polygon","coordinates":[[[1.850192,41.420889],[1.850192,41.431468],[1.860771,41.431468],[1.860771,41.420889],[1.850192,41.420889]]]}},{"type":"Feature","properties":{"incr":1.574},"geometry":{"type":"Polygon","coordinates":[[[2.199302,41.442047],[2.199302,41.452626],[2.209882,41.452626],[2.209882,41.442047],[2.199302,41.442047]]]}},{"type":"Feature","properties":{"incr":1.541},"geometry":{"type":"Polygon","coordinates":[[[2.209882,41.442047],[2.209882,41.452626],[2.220461,41.452626],[2.220461,41.442047],[2.209882,41.442047]]]}},{"type":"Feature","properties":{"incr":1.501},"geometry":{"type":"Polygon","coordinates":[[[2.220461,41.442047],[2.220461,41.452626],[2.231040,41.452626],[2.231040,41.442047],[2.220461,41.442047]]]}},{"type":"Feature","properties":{"incr":2.000},"geometry":{"type":"Polygon","coordinates":[[[1.860771,41.420889],[1.860771,41.431468],[1.871350,41.431468],[1.871350,41.420889],[1.860771,41.420889]]]}},{"type":"Feature","properties":{"incr":1.957},"geometry":{"type":"Polygon","coordinates":[[[1.871350,41.420889],[1.871350,41.431468],[1.881929,41.431468],[1.881929,41.420889],[1.871350,41.420889]]]}},{"type":"Feature","properties":{"incr":1.884},"geometry":{"type":"Polygon","coordinates":[[[1.881929,41.420889],[1.881929,41.431468],[1.892508,41.431468],[1.892508,41.420889],[1.881929,41.420889]]]}},{"type":"Feature","properties":{"incr":2.057},"geometry":{"type":"Polygon","coordinates":[[[1.818455,41.431468],[1.818455,41.442047],[1.829034,41.442047],[1.829034,41.431468],[1.818455,41.431468]]]}},{"type":"Feature","properties":{"incr":1.471},"geometry":{"type":"Polygon","coordinates":[[[2.231040,41.442047],[2.231040,41.452626],[2.241619,41.452626],[2.241619,41.442047],[2.231040,41.442047]]]}},{"type":"Feature","properties":{"incr":1.467},"geometry":{"type":"Polygon","coordinates":[[[2.241619,41.442047],[2.241619,41.452626],[2.252198,41.452626],[2.252198,41.442047],[2.241619,41.442047]]]}},{"type":"Feature","properties":{"incr":1.500},"geometry":{"type":"Polygon","coordinates":[[[2.252198,41.442047],[2.252198,41.452626],[2.262777,41.452626],[2.262777,41.442047],[2.252198,41.442047]]]}},{"type":"Feature","properties":{"incr":1.684},"geometry":{"type":"Polygon","coordinates":[[[2.273356,41.452626],[2.273356,41.463205],[2.283935,41.463205],[2.283935,41.452626],[2.273356,41.452626]]]}},{"type":"Feature","properties":{"incr":1.581},"geometry":{"type":"Polygon","coordinates":[[[2.093511,41.473784],[2.093511,41.484364],[2.104090,41.484364],[2.104090,41.473784],[2.093511,41.473784]]]}},{"type":"Feature","properties":{"incr":1.667},"geometry":{"type":"Polygon","coordinates":[[[2.104090,41.473784],[2.104090,41.484364],[2.114670,41.484364],[2.114670,41.473784],[2.104090,41.473784]]]}},{"type":"Feature","properties":{"incr":1.764},"geometry":{"type":"Polygon","coordinates":[[[2.114670,41.473784],[2.114670,41.484364],[2.125249,41.484364],[2.125249,41.473784],[2.114670,41.473784]]]}},{"type":"Feature","properties":{"incr":1.320},"geometry":{"type":"Polygon","coordinates":[[[2.231040,41.463205],[2.231040,41.473784],[2.241619,41.473784],[2.241619,41.463205],[2.231040,41.463205]]]}},{"type":"Feature","properties":{"incr":1.264},"geometry":{"type":"Polygon","coordinates":[[[2.241619,41.463205],[2.241619,41.473784],[2.252198,41.473784],[2.252198,41.463205],[2.241619,41.463205]]]}},{"type":"Feature","properties":{"incr":1.362},"geometry":{"type":"Polygon","coordinates":[[[2.252198,41.463205],[2.252198,41.473784],[2.262777,41.473784],[2.262777,41.463205],[2.252198,41.463205]]]}},{"type":"Feature","properties":{"incr":1.835},"geometry":{"type":"Polygon","coordinates":[[[2.125249,41.473784],[2.125249,41.484364],[2.135828,41.484364],[2.135828,41.473784],[2.125249,41.473784]]]}},{"type":"Feature","properties":{"incr":1.812},"geometry":{"type":"Polygon","coordinates":[[[2.135828,41.473784],[2.135828,41.484364],[2.146407,41.484364],[2.146407,41.473784],[2.135828,41.473784]]]}},{"type":"Feature","properties":{"incr":1.770},"geometry":{"type":"Polygon","coordinates":[[[2.146407,41.473784],[2.146407,41.484364],[2.156986,41.484364],[2.156986,41.473784],[2.146407,41.473784]]]}},{"type":"Feature","properties":{"incr":1.966},"geometry":{"type":"Polygon","coordinates":[[[1.818455,41.452626],[1.818455,41.463205],[1.829034,41.463205],[1.829034,41.452626],[1.818455,41.452626]]]}},{"type":"Feature","properties":{"incr":1.504},"geometry":{"type":"Polygon","coordinates":[[[2.262777,41.463205],[2.262777,41.473784],[2.273356,41.473784],[2.273356,41.463205],[2.262777,41.463205]]]}},{"type":"Feature","properties":{"incr":1.627},"geometry":{"type":"Polygon","coordinates":[[[2.273356,41.463205],[2.273356,41.473784],[2.283935,41.473784],[2.283935,41.463205],[2.273356,41.463205]]]}},{"type":"Feature","properties":{"incr":1.783},"geometry":{"type":"Polygon","coordinates":[[[2.283935,41.463205],[2.283935,41.473784],[2.294514,41.473784],[2.294514,41.463205],[2.283935,41.463205]]]}},{"type":"Feature","properties":{"incr":1.730},"geometry":{"type":"Polygon","coordinates":[[[2.156986,41.473784],[2.156986,41.484364],[2.167565,41.484364],[2.167565,41.473784],[2.156986,41.473784]]]}},{"type":"Feature","properties":{"incr":1.702},"geometry":{"type":"Polygon","coordinates":[[[2.167565,41.473784],[2.167565,41.484364],[2.178144,41.484364],[2.178144,41.473784],[2.167565,41.473784]]]}},{"type":"Feature","properties":{"incr":1.620},"geometry":{"type":"Polygon","coordinates":[[[2.178144,41.473784],[2.178144,41.484364],[2.188723,41.484364],[2.188723,41.473784],[2.178144,41.473784]]]}},{"type":"Feature","properties":{"incr":1.939},"geometry":{"type":"Polygon","coordinates":[[[1.829034,41.452626],[1.829034,41.463205],[1.839613,41.463205],[1.839613,41.452626],[1.829034,41.452626]]]}},{"type":"Feature","properties":{"incr":1.904},"geometry":{"type":"Polygon","coordinates":[[[1.839613,41.452626],[1.839613,41.463205],[1.850192,41.463205],[1.850192,41.452626],[1.839613,41.452626]]]}},{"type":"Feature","properties":{"incr":1.882},"geometry":{"type":"Polygon","coordinates":[[[1.850192,41.452626],[1.850192,41.463205],[1.860771,41.463205],[1.860771,41.452626],[1.850192,41.452626]]]}},{"type":"Feature","properties":{"incr":1.879},"geometry":{"type":"Polygon","coordinates":[[[1.818455,41.463205],[1.818455,41.473784],[1.829034,41.473784],[1.829034,41.463205],[1.818455,41.463205]]]}},{"type":"Feature","properties":{"incr":1.871},"geometry":{"type":"Polygon","coordinates":[[[1.829034,41.463205],[1.829034,41.473784],[1.839613,41.473784],[1.839613,41.463205],[1.829034,41.463205]]]}},{"type":"Feature","properties":{"incr":1.857},"geometry":{"type":"Polygon","coordinates":[[[1.839613,41.463205],[1.839613,41.473784],[1.850192,41.473784],[1.850192,41.463205],[1.839613,41.463205]]]}},{"type":"Feature","properties":{"incr":1.982},"geometry":{"type":"Polygon","coordinates":[[[2.294514,41.463205],[2.294514,41.473784],[2.305094,41.473784],[2.305094,41.463205],[2.294514,41.463205]]]}},{"type":"Feature","properties":{"incr":2.139},"geometry":{"type":"Polygon","coordinates":[[[2.305094,41.463205],[2.305094,41.473784],[2.315673,41.473784],[2.315673,41.463205],[2.305094,41.463205]]]}},{"type":"Feature","properties":{"incr":1.590},"geometry":{"type":"Polygon","coordinates":[[[2.188723,41.473784],[2.188723,41.484364],[2.199302,41.484364],[2.199302,41.473784],[2.188723,41.473784]]]}},{"type":"Feature","properties":{"incr":1.547},"geometry":{"type":"Polygon","coordinates":[[[2.199302,41.473784],[2.199302,41.484364],[2.209882,41.484364],[2.209882,41.473784],[2.199302,41.473784]]]}},{"type":"Feature","properties":{"incr":1.486},"geometry":{"type":"Polygon","coordinates":[[[2.209882,41.473784],[2.209882,41.484364],[2.220461,41.484364],[2.220461,41.473784],[2.209882,41.473784]]]}},{"type":"Feature","properties":{"incr":1.844},"geometry":{"type":"Polygon","coordinates":[[[1.860771,41.452626],[1.860771,41.463205],[1.871350,41.463205],[1.871350,41.452626],[1.860771,41.452626]]]}},{"type":"Feature","properties":{"incr":1.782},"geometry":{"type":"Polygon","coordinates":[[[1.871350,41.452626],[1.871350,41.463205],[1.881929,41.463205],[1.881929,41.452626],[1.871350,41.452626]]]}},{"type":"Feature","properties":{"incr":1.712},"geometry":{"type":"Polygon","coordinates":[[[1.881929,41.452626],[1.881929,41.463205],[1.892508,41.463205],[1.892508,41.452626],[1.881929,41.452626]]]}},{"type":"Feature","properties":{"incr":1.840},"geometry":{"type":"Polygon","coordinates":[[[1.850192,41.463205],[1.850192,41.473784],[1.860771,41.473784],[1.860771,41.463205],[1.850192,41.463205]]]}},{"type":"Feature","properties":{"incr":1.812},"geometry":{"type":"Polygon","coordinates":[[[1.860771,41.463205],[1.860771,41.473784],[1.871350,41.473784],[1.871350,41.463205],[1.860771,41.463205]]]}},{"type":"Feature","properties":{"incr":1.766},"geometry":{"type":"Polygon","coordinates":[[[1.871350,41.463205],[1.871350,41.473784],[1.881929,41.473784],[1.881929,41.463205],[1.871350,41.463205]]]}},{"type":"Feature","properties":{"incr":1.646},"geometry":{"type":"Polygon","coordinates":[[[1.892508,41.452626],[1.892508,41.463205],[1.903087,41.463205],[1.903087,41.452626],[1.892508,41.452626]]]}},{"type":"Feature","properties":{"incr":1.594},"geometry":{"type":"Polygon","coordinates":[[[1.903087,41.452626],[1.903087,41.463205],[1.913666,41.463205],[1.913666,41.452626],[1.903087,41.452626]]]}},{"type":"Feature","properties":{"incr":1.554},"geometry":{"type":"Polygon","coordinates":[[[1.913666,41.452626],[1.913666,41.463205],[1.924246,41.463205],[1.924246,41.452626],[1.913666,41.452626]]]}},{"type":"Feature","properties":{"incr":1.708},"geometry":{"type":"Polygon","coordinates":[[[1.881929,41.463205],[1.881929,41.473784],[1.892508,41.473784],[1.892508,41.463205],[1.881929,41.463205]]]}},{"type":"Feature","properties":{"incr":1.643},"geometry":{"type":"Polygon","coordinates":[[[1.892508,41.463205],[1.892508,41.473784],[1.903087,41.473784],[1.903087,41.463205],[1.892508,41.463205]]]}},{"type":"Feature","properties":{"incr":1.571},"geometry":{"type":"Polygon","coordinates":[[[1.903087,41.463205],[1.903087,41.473784],[1.913666,41.473784],[1.913666,41.463205],[1.903087,41.463205]]]}},{"type":"Feature","properties":{"incr":1.471},"geometry":{"type":"Polygon","coordinates":[[[1.924246,41.452626],[1.924246,41.463205],[1.934825,41.463205],[1.934825,41.452626],[1.924246,41.452626]]]}},{"type":"Feature","properties":{"incr":1.429},"geometry":{"type":"Polygon","coordinates":[[[1.934825,41.452626],[1.934825,41.463205],[1.945404,41.463205],[1.945404,41.452626],[1.934825,41.452626]]]}},{"type":"Feature","properties":{"incr":1.371},"geometry":{"type":"Polygon","coordinates":[[[1.945404,41.452626],[1.945404,41.463205],[1.955983,41.463205],[1.955983,41.452626],[1.945404,41.452626]]]}},{"type":"Feature","properties":{"incr":1.502},"geometry":{"type":"Polygon","coordinates":[[[1.913666,41.463205],[1.913666,41.473784],[1.924246,41.473784],[1.924246,41.463205],[1.913666,41.463205]]]}},{"type":"Feature","properties":{"incr":1.456},"geometry":{"type":"Polygon","coordinates":[[[1.924246,41.463205],[1.924246,41.473784],[1.934825,41.473784],[1.934825,41.463205],[1.924246,41.463205]]]}},{"type":"Feature","properties":{"incr":1.419},"geometry":{"type":"Polygon","coordinates":[[[1.934825,41.463205],[1.934825,41.473784],[1.945404,41.473784],[1.945404,41.463205],[1.934825,41.463205]]]}},{"type":"Feature","properties":{"incr":1.349},"geometry":{"type":"Polygon","coordinates":[[[2.252198,41.473784],[2.252198,41.484364],[2.262777,41.484364],[2.262777,41.473784],[2.252198,41.473784]]]}},{"type":"Feature","properties":{"incr":1.537},"geometry":{"type":"Polygon","coordinates":[[[2.262777,41.473784],[2.262777,41.484364],[2.273356,41.484364],[2.273356,41.473784],[2.262777,41.473784]]]}},{"type":"Feature","properties":{"incr":1.706},"geometry":{"type":"Polygon","coordinates":[[[2.273356,41.473784],[2.273356,41.484364],[2.283935,41.484364],[2.283935,41.473784],[2.273356,41.473784]]]}},{"type":"Feature","properties":{"incr":1.336},"geometry":{"type":"Polygon","coordinates":[[[1.955983,41.452626],[1.955983,41.463205],[1.966562,41.463205],[1.966562,41.452626],[1.955983,41.452626]]]}},{"type":"Feature","properties":{"incr":1.318},"geometry":{"type":"Polygon","coordinates":[[[1.966562,41.452626],[1.966562,41.463205],[1.977141,41.463205],[1.977141,41.452626],[1.966562,41.452626]]]}},{"type":"Feature","properties":{"incr":1.329},"geometry":{"type":"Polygon","coordinates":[[[1.977141,41.452626],[1.977141,41.463205],[1.987720,41.463205],[1.987720,41.452626],[1.977141,41.452626]]]}},{"type":"Feature","properties":{"incr":1.401},"geometry":{"type":"Polygon","coordinates":[[[1.945404,41.463205],[1.945404,41.473784],[1.955983,41.473784],[1.955983,41.463205],[1.945404,41.463205]]]}},{"type":"Feature","properties":{"incr":1.376},"geometry":{"type":"Polygon","coordinates":[[[1.955983,41.463205],[1.955983,41.473784],[1.966562,41.473784],[1.966562,41.463205],[1.955983,41.463205]]]}},{"type":"Feature","properties":{"incr":1.358},"geometry":{"type":"Polygon","coordinates":[[[1.966562,41.463205],[1.966562,41.473784],[1.977141,41.473784],[1.977141,41.463205],[1.966562,41.463205]]]}},{"type":"Feature","properties":{"incr":1.806},"geometry":{"type":"Polygon","coordinates":[[[1.818455,41.473784],[1.818455,41.484364],[1.829034,41.484364],[1.829034,41.473784],[1.818455,41.473784]]]}},{"type":"Feature","properties":{"incr":1.801},"geometry":{"type":"Polygon","coordinates":[[[1.829034,41.473784],[1.829034,41.484364],[1.839613,41.484364],[1.839613,41.473784],[1.829034,41.473784]]]}},{"type":"Feature","properties":{"incr":1.724},"geometry":{"type":"Polygon","coordinates":[[[1.839613,41.484364],[1.839613,41.494943],[1.850192,41.494943],[1.850192,41.484364],[1.839613,41.484364]]]}},{"type":"Feature","properties":{"incr":1.731},"geometry":{"type":"Polygon","coordinates":[[[1.850192,41.484364],[1.850192,41.494943],[1.860771,41.494943],[1.860771,41.484364],[1.850192,41.484364]]]}},{"type":"Feature","properties":{"incr":1.716},"geometry":{"type":"Polygon","coordinates":[[[1.860771,41.484364],[1.860771,41.494943],[1.871350,41.494943],[1.871350,41.484364],[1.860771,41.484364]]]}},{"type":"Feature","properties":{"incr":1.312},"geometry":{"type":"Polygon","coordinates":[[[1.987720,41.452626],[1.987720,41.463205],[1.998299,41.463205],[1.998299,41.452626],[1.987720,41.452626]]]}},{"type":"Feature","properties":{"incr":1.316},"geometry":{"type":"Polygon","coordinates":[[[1.998299,41.452626],[1.998299,41.463205],[2.008878,41.463205],[2.008878,41.452626],[1.998299,41.452626]]]}},{"type":"Feature","properties":{"incr":1.331},"geometry":{"type":"Polygon","coordinates":[[[2.008878,41.452626],[2.008878,41.463205],[2.019458,41.463205],[2.019458,41.452626],[2.008878,41.452626]]]}},{"type":"Feature","properties":{"incr":1.361},"geometry":{"type":"Polygon","coordinates":[[[1.977141,41.463205],[1.977141,41.473784],[1.987720,41.473784],[1.987720,41.463205],[1.977141,41.463205]]]}},{"type":"Feature","properties":{"incr":1.341},"geometry":{"type":"Polygon","coordinates":[[[1.987720,41.463205],[1.987720,41.473784],[1.998299,41.473784],[1.998299,41.463205],[1.987720,41.463205]]]}},{"type":"Feature","properties":{"incr":1.331},"geometry":{"type":"Polygon","coordinates":[[[1.998299,41.463205],[1.998299,41.473784],[2.008878,41.473784],[2.008878,41.463205],[1.998299,41.463205]]]}},{"type":"Feature","properties":{"incr":1.797},"geometry":{"type":"Polygon","coordinates":[[[1.839613,41.473784],[1.839613,41.484364],[1.850192,41.484364],[1.850192,41.473784],[1.839613,41.473784]]]}},{"type":"Feature","properties":{"incr":1.790},"geometry":{"type":"Polygon","coordinates":[[[1.850192,41.473784],[1.850192,41.484364],[1.860771,41.484364],[1.860771,41.473784],[1.850192,41.473784]]]}},{"type":"Feature","properties":{"incr":1.762},"geometry":{"type":"Polygon","coordinates":[[[1.860771,41.473784],[1.860771,41.484364],[1.871350,41.484364],[1.871350,41.473784],[1.860771,41.473784]]]}},{"type":"Feature","properties":{"incr":1.329},"geometry":{"type":"Polygon","coordinates":[[[2.019458,41.452626],[2.019458,41.463205],[2.030037,41.463205],[2.030037,41.452626],[2.019458,41.452626]]]}},{"type":"Feature","properties":{"incr":1.337},"geometry":{"type":"Polygon","coordinates":[[[2.030037,41.452626],[2.030037,41.463205],[2.040616,41.463205],[2.040616,41.452626],[2.030037,41.452626]]]}},{"type":"Feature","properties":{"incr":1.352},"geometry":{"type":"Polygon","coordinates":[[[2.040616,41.452626],[2.040616,41.463205],[2.051195,41.463205],[2.051195,41.452626],[2.040616,41.452626]]]}},{"type":"Feature","properties":{"incr":1.332},"geometry":{"type":"Polygon","coordinates":[[[2.008878,41.463205],[2.008878,41.473784],[2.019458,41.473784],[2.019458,41.463205],[2.008878,41.463205]]]}},{"type":"Feature","properties":{"incr":1.333},"geometry":{"type":"Polygon","coordinates":[[[2.019458,41.463205],[2.019458,41.473784],[2.030037,41.473784],[2.030037,41.463205],[2.019458,41.463205]]]}},{"type":"Feature","properties":{"incr":1.341},"geometry":{"type":"Polygon","coordinates":[[[2.030037,41.463205],[2.030037,41.473784],[2.040616,41.473784],[2.040616,41.463205],[2.030037,41.463205]]]}},{"type":"Feature","properties":{"incr":1.722},"geometry":{"type":"Polygon","coordinates":[[[1.871350,41.473784],[1.871350,41.484364],[1.881929,41.484364],[1.881929,41.473784],[1.871350,41.473784]]]}},{"type":"Feature","properties":{"incr":1.676},"geometry":{"type":"Polygon","coordinates":[[[1.881929,41.473784],[1.881929,41.484364],[1.892508,41.484364],[1.892508,41.473784],[1.881929,41.473784]]]}},{"type":"Feature","properties":{"incr":1.624},"geometry":{"type":"Polygon","coordinates":[[[1.892508,41.473784],[1.892508,41.484364],[1.903087,41.484364],[1.903087,41.473784],[1.892508,41.473784]]]}},{"type":"Feature","properties":{"incr":1.849},"geometry":{"type":"Polygon","coordinates":[[[2.283935,41.473784],[2.283935,41.484364],[2.294514,41.484364],[2.294514,41.473784],[2.283935,41.473784]]]}},{"type":"Feature","properties":{"incr":1.979},"geometry":{"type":"Polygon","coordinates":[[[2.294514,41.473784],[2.294514,41.484364],[2.305094,41.484364],[2.305094,41.473784],[2.294514,41.473784]]]}},{"type":"Feature","properties":{"incr":2.152},"geometry":{"type":"Polygon","coordinates":[[[2.305094,41.473784],[2.305094,41.484364],[2.315673,41.484364],[2.315673,41.473784],[2.305094,41.473784]]]}},{"type":"Feature","properties":{"incr":1.381},"geometry":{"type":"Polygon","coordinates":[[[2.051195,41.452626],[2.051195,41.463205],[2.061774,41.463205],[2.061774,41.452626],[2.051195,41.452626]]]}},{"type":"Feature","properties":{"incr":1.409},"geometry":{"type":"Polygon","coordinates":[[[2.061774,41.452626],[2.061774,41.463205],[2.072353,41.463205],[2.072353,41.452626],[2.061774,41.452626]]]}},{"type":"Feature","properties":{"incr":1.438},"geometry":{"type":"Polygon","coordinates":[[[2.072353,41.452626],[2.072353,41.463205],[2.082932,41.463205],[2.082932,41.452626],[2.072353,41.452626]]]}},{"type":"Feature","properties":{"incr":1.358},"geometry":{"type":"Polygon","coordinates":[[[2.040616,41.463205],[2.040616,41.473784],[2.051195,41.473784],[2.051195,41.463205],[2.040616,41.463205]]]}},{"type":"Feature","properties":{"incr":1.386},"geometry":{"type":"Polygon","coordinates":[[[2.051195,41.463205],[2.051195,41.473784],[2.061774,41.473784],[2.061774,41.463205],[2.051195,41.463205]]]}},{"type":"Feature","properties":{"incr":1.417},"geometry":{"type":"Polygon","coordinates":[[[2.061774,41.463205],[2.061774,41.473784],[2.072353,41.473784],[2.072353,41.463205],[2.061774,41.463205]]]}},{"type":"Feature","properties":{"incr":1.565},"geometry":{"type":"Polygon","coordinates":[[[1.903087,41.473784],[1.903087,41.484364],[1.913666,41.484364],[1.913666,41.473784],[1.903087,41.473784]]]}},{"type":"Feature","properties":{"incr":1.508},"geometry":{"type":"Polygon","coordinates":[[[1.913666,41.473784],[1.913666,41.484364],[1.924246,41.484364],[1.924246,41.473784],[1.913666,41.473784]]]}},{"type":"Feature","properties":{"incr":1.472},"geometry":{"type":"Polygon","coordinates":[[[1.924246,41.473784],[1.924246,41.484364],[1.934825,41.484364],[1.934825,41.473784],[1.924246,41.473784]]]}},{"type":"Feature","properties":{"incr":1.696},"geometry":{"type":"Polygon","coordinates":[[[1.871350,41.484364],[1.871350,41.494943],[1.881929,41.494943],[1.881929,41.484364],[1.871350,41.484364]]]}},{"type":"Feature","properties":{"incr":1.666},"geometry":{"type":"Polygon","coordinates":[[[1.881929,41.484364],[1.881929,41.494943],[1.892508,41.494943],[1.892508,41.484364],[1.881929,41.484364]]]}},{"type":"Feature","properties":{"incr":1.617},"geometry":{"type":"Polygon","coordinates":[[[1.892508,41.484364],[1.892508,41.494943],[1.903087,41.494943],[1.903087,41.484364],[1.892508,41.484364]]]}},{"type":"Feature","properties":{"incr":1.482},"geometry":{"type":"Polygon","coordinates":[[[2.082932,41.452626],[2.082932,41.463205],[2.093511,41.463205],[2.093511,41.452626],[2.082932,41.452626]]]}},{"type":"Feature","properties":{"incr":1.541},"geometry":{"type":"Polygon","coordinates":[[[2.093511,41.452626],[2.093511,41.463205],[2.104090,41.463205],[2.104090,41.452626],[2.093511,41.452626]]]}},{"type":"Feature","properties":{"incr":1.617},"geometry":{"type":"Polygon","coordinates":[[[2.104090,41.452626],[2.104090,41.463205],[2.114670,41.463205],[2.114670,41.452626],[2.104090,41.452626]]]}},{"type":"Feature","properties":{"incr":1.447},"geometry":{"type":"Polygon","coordinates":[[[2.072353,41.463205],[2.072353,41.473784],[2.082932,41.473784],[2.082932,41.463205],[2.072353,41.463205]]]}},{"type":"Feature","properties":{"incr":1.488},"geometry":{"type":"Polygon","coordinates":[[[2.082932,41.463205],[2.082932,41.473784],[2.093511,41.473784],[2.093511,41.463205],[2.082932,41.463205]]]}},{"type":"Feature","properties":{"incr":1.557},"geometry":{"type":"Polygon","coordinates":[[[2.093511,41.463205],[2.093511,41.473784],[2.104090,41.473784],[2.104090,41.463205],[2.093511,41.463205]]]}},{"type":"Feature","properties":{"incr":1.455},"geometry":{"type":"Polygon","coordinates":[[[1.934825,41.473784],[1.934825,41.484364],[1.945404,41.484364],[1.945404,41.473784],[1.934825,41.473784]]]}},{"type":"Feature","properties":{"incr":1.436},"geometry":{"type":"Polygon","coordinates":[[[1.945404,41.473784],[1.945404,41.484364],[1.955983,41.484364],[1.955983,41.473784],[1.945404,41.473784]]]}},{"type":"Feature","properties":{"incr":1.421},"geometry":{"type":"Polygon","coordinates":[[[1.955983,41.473784],[1.955983,41.484364],[1.966562,41.484364],[1.966562,41.473784],[1.955983,41.473784]]]}},{"type":"Feature","properties":{"incr":1.725},"geometry":{"type":"Polygon","coordinates":[[[1.818455,41.484364],[1.818455,41.494943],[1.829034,41.494943],[1.829034,41.484364],[1.818455,41.484364]]]}},{"type":"Feature","properties":{"incr":1.730},"geometry":{"type":"Polygon","coordinates":[[[1.829034,41.484364],[1.829034,41.494943],[1.839613,41.494943],[1.839613,41.484364],[1.829034,41.484364]]]}},{"type":"Feature","properties":{"incr":1.688},"geometry":{"type":"Polygon","coordinates":[[[2.114670,41.452626],[2.114670,41.463205],[2.125249,41.463205],[2.125249,41.452626],[2.114670,41.452626]]]}},{"type":"Feature","properties":{"incr":1.744},"geometry":{"type":"Polygon","coordinates":[[[2.125249,41.452626],[2.125249,41.463205],[2.135828,41.463205],[2.135828,41.452626],[2.125249,41.452626]]]}},{"type":"Feature","properties":{"incr":1.761},"geometry":{"type":"Polygon","coordinates":[[[2.135828,41.452626],[2.135828,41.463205],[2.146407,41.463205],[2.146407,41.452626],[2.135828,41.452626]]]}},{"type":"Feature","properties":{"incr":1.653},"geometry":{"type":"Polygon","coordinates":[[[2.104090,41.463205],[2.104090,41.473784],[2.114670,41.473784],[2.114670,41.463205],[2.104090,41.463205]]]}},{"type":"Feature","properties":{"incr":1.731},"geometry":{"type":"Polygon","coordinates":[[[2.114670,41.463205],[2.114670,41.473784],[2.125249,41.473784],[2.125249,41.463205],[2.114670,41.463205]]]}},{"type":"Feature","properties":{"incr":1.789},"geometry":{"type":"Polygon","coordinates":[[[2.125249,41.463205],[2.125249,41.473784],[2.135828,41.473784],[2.135828,41.463205],[2.125249,41.463205]]]}},{"type":"Feature","properties":{"incr":1.411},"geometry":{"type":"Polygon","coordinates":[[[1.966562,41.473784],[1.966562,41.484364],[1.977141,41.484364],[1.977141,41.473784],[1.966562,41.473784]]]}},{"type":"Feature","properties":{"incr":1.407},"geometry":{"type":"Polygon","coordinates":[[[1.977141,41.473784],[1.977141,41.484364],[1.987720,41.484364],[1.987720,41.473784],[1.977141,41.473784]]]}},{"type":"Feature","properties":{"incr":1.385},"geometry":{"type":"Polygon","coordinates":[[[1.987720,41.473784],[1.987720,41.484364],[1.998299,41.484364],[1.998299,41.473784],[1.987720,41.473784]]]}},{"type":"Feature","properties":{"incr":2.308},"geometry":{"type":"Polygon","coordinates":[[[2.315673,41.473784],[2.315673,41.484364],[2.326252,41.484364],[2.326252,41.473784],[2.315673,41.473784]]]}},{"type":"Feature","properties":{"incr":2.411},"geometry":{"type":"Polygon","coordinates":[[[2.326252,41.473784],[2.326252,41.484364],[2.336831,41.484364],[2.336831,41.473784],[2.326252,41.473784]]]}},{"type":"Feature","properties":{"incr":1.755},"geometry":{"type":"Polygon","coordinates":[[[2.146407,41.452626],[2.146407,41.463205],[2.156986,41.463205],[2.156986,41.452626],[2.146407,41.452626]]]}},{"type":"Feature","properties":{"incr":1.734},"geometry":{"type":"Polygon","coordinates":[[[2.156986,41.452626],[2.156986,41.463205],[2.167565,41.463205],[2.167565,41.452626],[2.156986,41.452626]]]}},{"type":"Feature","properties":{"incr":1.678},"geometry":{"type":"Polygon","coordinates":[[[2.167565,41.452626],[2.167565,41.463205],[2.178144,41.463205],[2.178144,41.452626],[2.167565,41.452626]]]}},{"type":"Feature","properties":{"incr":1.789},"geometry":{"type":"Polygon","coordinates":[[[2.135828,41.463205],[2.135828,41.473784],[2.146407,41.473784],[2.146407,41.463205],[2.135828,41.463205]]]}},{"type":"Feature","properties":{"incr":1.766},"geometry":{"type":"Polygon","coordinates":[[[2.146407,41.463205],[2.146407,41.473784],[2.156986,41.473784],[2.156986,41.463205],[2.146407,41.463205]]]}},{"type":"Feature","properties":{"incr":1.729},"geometry":{"type":"Polygon","coordinates":[[[2.156986,41.463205],[2.156986,41.473784],[2.167565,41.473784],[2.167565,41.463205],[2.156986,41.463205]]]}},{"type":"Feature","properties":{"incr":1.373},"geometry":{"type":"Polygon","coordinates":[[[1.998299,41.473784],[1.998299,41.484364],[2.008878,41.484364],[2.008878,41.473784],[1.998299,41.473784]]]}},{"type":"Feature","properties":{"incr":1.367},"geometry":{"type":"Polygon","coordinates":[[[2.008878,41.473784],[2.008878,41.484364],[2.019458,41.484364],[2.019458,41.473784],[2.008878,41.473784]]]}},{"type":"Feature","properties":{"incr":1.358},"geometry":{"type":"Polygon","coordinates":[[[2.019458,41.473784],[2.019458,41.484364],[2.030037,41.484364],[2.030037,41.473784],[2.019458,41.473784]]]}},{"type":"Feature","properties":{"incr":1.632},"geometry":{"type":"Polygon","coordinates":[[[2.178144,41.452626],[2.178144,41.463205],[2.188723,41.463205],[2.188723,41.452626],[2.178144,41.452626]]]}},{"type":"Feature","properties":{"incr":1.604},"geometry":{"type":"Polygon","coordinates":[[[2.188723,41.452626],[2.188723,41.463205],[2.199302,41.463205],[2.199302,41.452626],[2.188723,41.452626]]]}},{"type":"Feature","properties":{"incr":1.552},"geometry":{"type":"Polygon","coordinates":[[[2.199302,41.452626],[2.199302,41.463205],[2.209882,41.463205],[2.209882,41.452626],[2.199302,41.452626]]]}},{"type":"Feature","properties":{"incr":1.682},"geometry":{"type":"Polygon","coordinates":[[[2.167565,41.463205],[2.167565,41.473784],[2.178144,41.473784],[2.178144,41.463205],[2.167565,41.463205]]]}},{"type":"Feature","properties":{"incr":1.627},"geometry":{"type":"Polygon","coordinates":[[[2.178144,41.463205],[2.178144,41.473784],[2.188723,41.473784],[2.188723,41.463205],[2.178144,41.463205]]]}},{"type":"Feature","properties":{"incr":1.618},"geometry":{"type":"Polygon","coordinates":[[[2.188723,41.463205],[2.188723,41.473784],[2.199302,41.473784],[2.199302,41.463205],[2.188723,41.463205]]]}},{"type":"Feature","properties":{"incr":1.363},"geometry":{"type":"Polygon","coordinates":[[[2.030037,41.473784],[2.030037,41.484364],[2.040616,41.484364],[2.040616,41.473784],[2.030037,41.473784]]]}},{"type":"Feature","properties":{"incr":1.382},"geometry":{"type":"Polygon","coordinates":[[[2.040616,41.473784],[2.040616,41.484364],[2.051195,41.484364],[2.051195,41.473784],[2.040616,41.473784]]]}},{"type":"Feature","properties":{"incr":1.406},"geometry":{"type":"Polygon","coordinates":[[[2.051195,41.473784],[2.051195,41.484364],[2.061774,41.484364],[2.061774,41.473784],[2.051195,41.473784]]]}},{"type":"Feature","properties":{"incr":1.432},"geometry":{"type":"Polygon","coordinates":[[[2.220461,41.473784],[2.220461,41.484364],[2.231040,41.484364],[2.231040,41.473784],[2.220461,41.473784]]]}},{"type":"Feature","properties":{"incr":1.345},"geometry":{"type":"Polygon","coordinates":[[[2.231040,41.473784],[2.231040,41.484364],[2.241619,41.484364],[2.241619,41.473784],[2.231040,41.473784]]]}},{"type":"Feature","properties":{"incr":1.300},"geometry":{"type":"Polygon","coordinates":[[[2.241619,41.473784],[2.241619,41.484364],[2.252198,41.484364],[2.252198,41.473784],[2.241619,41.473784]]]}},{"type":"Feature","properties":{"incr":1.505},"geometry":{"type":"Polygon","coordinates":[[[2.209882,41.452626],[2.209882,41.463205],[2.220461,41.463205],[2.220461,41.452626],[2.209882,41.452626]]]}},{"type":"Feature","properties":{"incr":1.442},"geometry":{"type":"Polygon","coordinates":[[[2.220461,41.452626],[2.220461,41.463205],[2.231040,41.463205],[2.231040,41.452626],[2.220461,41.452626]]]}},{"type":"Feature","properties":{"incr":1.379},"geometry":{"type":"Polygon","coordinates":[[[2.231040,41.452626],[2.231040,41.463205],[2.241619,41.463205],[2.241619,41.452626],[2.231040,41.452626]]]}},{"type":"Feature","properties":{"incr":1.565},"geometry":{"type":"Polygon","coordinates":[[[2.199302,41.463205],[2.199302,41.473784],[2.209882,41.473784],[2.209882,41.463205],[2.199302,41.463205]]]}},{"type":"Feature","properties":{"incr":1.506},"geometry":{"type":"Polygon","coordinates":[[[2.209882,41.463205],[2.209882,41.473784],[2.220461,41.473784],[2.220461,41.463205],[2.209882,41.463205]]]}},{"type":"Feature","properties":{"incr":1.408},"geometry":{"type":"Polygon","coordinates":[[[2.220461,41.463205],[2.220461,41.473784],[2.231040,41.473784],[2.231040,41.463205],[2.220461,41.463205]]]}},{"type":"Feature","properties":{"incr":1.437},"geometry":{"type":"Polygon","coordinates":[[[2.061774,41.473784],[2.061774,41.484364],[2.072353,41.484364],[2.072353,41.473784],[2.061774,41.473784]]]}},{"type":"Feature","properties":{"incr":1.471},"geometry":{"type":"Polygon","coordinates":[[[2.072353,41.473784],[2.072353,41.484364],[2.082932,41.484364],[2.082932,41.473784],[2.072353,41.473784]]]}},{"type":"Feature","properties":{"incr":1.513},"geometry":{"type":"Polygon","coordinates":[[[2.082932,41.473784],[2.082932,41.484364],[2.093511,41.484364],[2.093511,41.473784],[2.082932,41.473784]]]}},{"type":"Feature","properties":{"incr":1.376},"geometry":{"type":"Polygon","coordinates":[[[2.241619,41.452626],[2.241619,41.463205],[2.252198,41.463205],[2.252198,41.452626],[2.241619,41.452626]]]}},{"type":"Feature","properties":{"incr":1.420},"geometry":{"type":"Polygon","coordinates":[[[2.252198,41.452626],[2.252198,41.463205],[2.262777,41.463205],[2.262777,41.452626],[2.252198,41.452626]]]}},{"type":"Feature","properties":{"incr":1.493},"geometry":{"type":"Polygon","coordinates":[[[2.262777,41.452626],[2.262777,41.463205],[2.273356,41.463205],[2.273356,41.452626],[2.262777,41.452626]]]}},{"type":"Feature","properties":{"incr":1.625},"geometry":{"type":"Polygon","coordinates":[[[2.178144,41.494943],[2.178144,41.505522],[2.188723,41.505522],[2.188723,41.494943],[2.178144,41.494943]]]}},{"type":"Feature","properties":{"incr":1.580},"geometry":{"type":"Polygon","coordinates":[[[2.188723,41.494943],[2.188723,41.505522],[2.199302,41.505522],[2.199302,41.494943],[2.188723,41.494943]]]}},{"type":"Feature","properties":{"incr":1.562},"geometry":{"type":"Polygon","coordinates":[[[2.199302,41.494943],[2.199302,41.505522],[2.209882,41.505522],[2.209882,41.494943],[2.199302,41.494943]]]}},{"type":"Feature","properties":{"incr":1.566},"geometry":{"type":"Polygon","coordinates":[[[1.903087,41.484364],[1.903087,41.494943],[1.913666,41.494943],[1.913666,41.484364],[1.903087,41.484364]]]}},{"type":"Feature","properties":{"incr":1.520},"geometry":{"type":"Polygon","coordinates":[[[1.913666,41.484364],[1.913666,41.494943],[1.924246,41.494943],[1.924246,41.484364],[1.913666,41.484364]]]}},{"type":"Feature","properties":{"incr":1.502},"geometry":{"type":"Polygon","coordinates":[[[1.924246,41.484364],[1.924246,41.494943],[1.934825,41.494943],[1.934825,41.484364],[1.924246,41.484364]]]}},{"type":"Feature","properties":{"incr":1.463},"geometry":{"type":"Polygon","coordinates":[[[1.987720,41.505522],[1.987720,41.516101],[1.998299,41.516101],[1.998299,41.505522],[1.987720,41.505522]]]}},{"type":"Feature","properties":{"incr":1.444},"geometry":{"type":"Polygon","coordinates":[[[1.998299,41.505522],[1.998299,41.516101],[2.008878,41.516101],[2.008878,41.505522],[1.998299,41.505522]]]}},{"type":"Feature","properties":{"incr":1.421},"geometry":{"type":"Polygon","coordinates":[[[2.008878,41.505522],[2.008878,41.516101],[2.019458,41.516101],[2.019458,41.505522],[2.008878,41.505522]]]}},{"type":"Feature","properties":{"incr":1.525},"geometry":{"type":"Polygon","coordinates":[[[2.209882,41.494943],[2.209882,41.505522],[2.220461,41.505522],[2.220461,41.494943],[2.209882,41.494943]]]}},{"type":"Feature","properties":{"incr":1.502},"geometry":{"type":"Polygon","coordinates":[[[2.220461,41.494943],[2.220461,41.505522],[2.231040,41.505522],[2.231040,41.494943],[2.220461,41.494943]]]}},{"type":"Feature","properties":{"incr":1.491},"geometry":{"type":"Polygon","coordinates":[[[2.231040,41.494943],[2.231040,41.505522],[2.241619,41.505522],[2.241619,41.494943],[2.231040,41.494943]]]}},{"type":"Feature","properties":{"incr":1.476},"geometry":{"type":"Polygon","coordinates":[[[1.934825,41.484364],[1.934825,41.494943],[1.945404,41.494943],[1.945404,41.484364],[1.934825,41.484364]]]}},{"type":"Feature","properties":{"incr":1.458},"geometry":{"type":"Polygon","coordinates":[[[1.945404,41.484364],[1.945404,41.494943],[1.955983,41.494943],[1.955983,41.484364],[1.945404,41.484364]]]}},{"type":"Feature","properties":{"incr":1.454},"geometry":{"type":"Polygon","coordinates":[[[1.955983,41.484364],[1.955983,41.494943],[1.966562,41.494943],[1.966562,41.484364],[1.955983,41.484364]]]}},{"type":"Feature","properties":{"incr":1.394},"geometry":{"type":"Polygon","coordinates":[[[2.019458,41.505522],[2.019458,41.516101],[2.030037,41.516101],[2.030037,41.505522],[2.019458,41.505522]]]}},{"type":"Feature","properties":{"incr":1.392},"geometry":{"type":"Polygon","coordinates":[[[2.030037,41.505522],[2.030037,41.516101],[2.040616,41.516101],[2.040616,41.505522],[2.030037,41.505522]]]}},{"type":"Feature","properties":{"incr":1.416},"geometry":{"type":"Polygon","coordinates":[[[2.040616,41.505522],[2.040616,41.516101],[2.051195,41.516101],[2.051195,41.505522],[2.040616,41.505522]]]}},{"type":"Feature","properties":{"incr":1.543},"geometry":{"type":"Polygon","coordinates":[[[2.241619,41.494943],[2.241619,41.505522],[2.252198,41.505522],[2.252198,41.494943],[2.241619,41.494943]]]}},{"type":"Feature","properties":{"incr":1.657},"geometry":{"type":"Polygon","coordinates":[[[2.252198,41.494943],[2.252198,41.505522],[2.262777,41.505522],[2.262777,41.494943],[2.252198,41.494943]]]}},{"type":"Feature","properties":{"incr":1.769},"geometry":{"type":"Polygon","coordinates":[[[2.262777,41.494943],[2.262777,41.505522],[2.273356,41.505522],[2.273356,41.494943],[2.262777,41.494943]]]}},{"type":"Feature","properties":{"incr":1.436},"geometry":{"type":"Polygon","coordinates":[[[1.966562,41.484364],[1.966562,41.494943],[1.977141,41.494943],[1.977141,41.484364],[1.966562,41.484364]]]}},{"type":"Feature","properties":{"incr":1.431},"geometry":{"type":"Polygon","coordinates":[[[1.977141,41.484364],[1.977141,41.494943],[1.987720,41.494943],[1.987720,41.484364],[1.977141,41.484364]]]}},{"type":"Feature","properties":{"incr":1.409},"geometry":{"type":"Polygon","coordinates":[[[1.987720,41.484364],[1.987720,41.494943],[1.998299,41.494943],[1.998299,41.484364],[1.987720,41.484364]]]}},{"type":"Feature","properties":{"incr":1.446},"geometry":{"type":"Polygon","coordinates":[[[2.051195,41.505522],[2.051195,41.516101],[2.061774,41.516101],[2.061774,41.505522],[2.051195,41.505522]]]}},{"type":"Feature","properties":{"incr":1.474},"geometry":{"type":"Polygon","coordinates":[[[2.061774,41.505522],[2.061774,41.516101],[2.072353,41.516101],[2.072353,41.505522],[2.061774,41.505522]]]}},{"type":"Feature","properties":{"incr":1.497},"geometry":{"type":"Polygon","coordinates":[[[2.072353,41.505522],[2.072353,41.516101],[2.082932,41.516101],[2.082932,41.505522],[2.072353,41.505522]]]}},{"type":"Feature","properties":{"incr":1.867},"geometry":{"type":"Polygon","coordinates":[[[2.273356,41.494943],[2.273356,41.505522],[2.283935,41.505522],[2.283935,41.494943],[2.273356,41.494943]]]}},{"type":"Feature","properties":{"incr":1.990},"geometry":{"type":"Polygon","coordinates":[[[2.283935,41.494943],[2.283935,41.505522],[2.294514,41.505522],[2.294514,41.494943],[2.283935,41.494943]]]}},{"type":"Feature","properties":{"incr":2.123},"geometry":{"type":"Polygon","coordinates":[[[2.294514,41.494943],[2.294514,41.505522],[2.305094,41.505522],[2.305094,41.494943],[2.294514,41.494943]]]}},{"type":"Feature","properties":{"incr":1.394},"geometry":{"type":"Polygon","coordinates":[[[1.998299,41.484364],[1.998299,41.494943],[2.008878,41.494943],[2.008878,41.484364],[1.998299,41.484364]]]}},{"type":"Feature","properties":{"incr":1.380},"geometry":{"type":"Polygon","coordinates":[[[2.008878,41.484364],[2.008878,41.494943],[2.019458,41.494943],[2.019458,41.484364],[2.008878,41.484364]]]}},{"type":"Feature","properties":{"incr":1.372},"geometry":{"type":"Polygon","coordinates":[[[2.019458,41.484364],[2.019458,41.494943],[2.030037,41.494943],[2.030037,41.484364],[2.019458,41.484364]]]}},{"type":"Feature","properties":{"incr":1.635},"geometry":{"type":"Polygon","coordinates":[[[1.818455,41.494943],[1.818455,41.505522],[1.829034,41.505522],[1.829034,41.494943],[1.818455,41.494943]]]}},{"type":"Feature","properties":{"incr":1.516},"geometry":{"type":"Polygon","coordinates":[[[2.082932,41.505522],[2.082932,41.516101],[2.093511,41.516101],[2.093511,41.505522],[2.082932,41.505522]]]}},{"type":"Feature","properties":{"incr":1.545},"geometry":{"type":"Polygon","coordinates":[[[2.093511,41.505522],[2.093511,41.516101],[2.104090,41.516101],[2.104090,41.505522],[2.093511,41.505522]]]}},{"type":"Feature","properties":{"incr":1.613},"geometry":{"type":"Polygon","coordinates":[[[2.104090,41.505522],[2.104090,41.516101],[2.114670,41.516101],[2.114670,41.505522],[2.104090,41.505522]]]}},{"type":"Feature","properties":{"incr":2.215},"geometry":{"type":"Polygon","coordinates":[[[2.305094,41.494943],[2.305094,41.505522],[2.315673,41.505522],[2.315673,41.494943],[2.305094,41.494943]]]}},{"type":"Feature","properties":{"incr":2.292},"geometry":{"type":"Polygon","coordinates":[[[2.315673,41.494943],[2.315673,41.505522],[2.326252,41.505522],[2.326252,41.494943],[2.315673,41.494943]]]}},{"type":"Feature","properties":{"incr":2.350},"geometry":{"type":"Polygon","coordinates":[[[2.326252,41.494943],[2.326252,41.505522],[2.336831,41.505522],[2.336831,41.494943],[2.326252,41.494943]]]}},{"type":"Feature","properties":{"incr":1.376},"geometry":{"type":"Polygon","coordinates":[[[2.030037,41.484364],[2.030037,41.494943],[2.040616,41.494943],[2.040616,41.484364],[2.030037,41.484364]]]}},{"type":"Feature","properties":{"incr":1.399},"geometry":{"type":"Polygon","coordinates":[[[2.040616,41.484364],[2.040616,41.494943],[2.051195,41.494943],[2.051195,41.484364],[2.040616,41.484364]]]}},{"type":"Feature","properties":{"incr":1.423},"geometry":{"type":"Polygon","coordinates":[[[2.051195,41.484364],[2.051195,41.494943],[2.061774,41.494943],[2.061774,41.484364],[2.051195,41.484364]]]}},{"type":"Feature","properties":{"incr":1.654},"geometry":{"type":"Polygon","coordinates":[[[1.829034,41.494943],[1.829034,41.505522],[1.839613,41.505522],[1.839613,41.494943],[1.829034,41.494943]]]}},{"type":"Feature","properties":{"incr":1.674},"geometry":{"type":"Polygon","coordinates":[[[1.839613,41.494943],[1.839613,41.505522],[1.850192,41.505522],[1.850192,41.494943],[1.839613,41.494943]]]}},{"type":"Feature","properties":{"incr":1.696},"geometry":{"type":"Polygon","coordinates":[[[1.850192,41.494943],[1.850192,41.505522],[1.860771,41.505522],[1.860771,41.494943],[1.850192,41.494943]]]}},{"type":"Feature","properties":{"incr":1.683},"geometry":{"type":"Polygon","coordinates":[[[2.114670,41.505522],[2.114670,41.516101],[2.125249,41.516101],[2.125249,41.505522],[2.114670,41.505522]]]}},{"type":"Feature","properties":{"incr":1.736},"geometry":{"type":"Polygon","coordinates":[[[2.125249,41.505522],[2.125249,41.516101],[2.135828,41.516101],[2.135828,41.505522],[2.125249,41.505522]]]}},{"type":"Feature","properties":{"incr":1.746},"geometry":{"type":"Polygon","coordinates":[[[2.135828,41.505522],[2.135828,41.516101],[2.146407,41.516101],[2.146407,41.505522],[2.135828,41.505522]]]}},{"type":"Feature","properties":{"incr":1.454},"geometry":{"type":"Polygon","coordinates":[[[2.061774,41.484364],[2.061774,41.494943],[2.072353,41.494943],[2.072353,41.484364],[2.061774,41.484364]]]}},{"type":"Feature","properties":{"incr":1.488},"geometry":{"type":"Polygon","coordinates":[[[2.072353,41.484364],[2.072353,41.494943],[2.082932,41.494943],[2.082932,41.484364],[2.072353,41.484364]]]}},{"type":"Feature","properties":{"incr":1.530},"geometry":{"type":"Polygon","coordinates":[[[2.082932,41.484364],[2.082932,41.494943],[2.093511,41.494943],[2.093511,41.484364],[2.082932,41.484364]]]}},{"type":"Feature","properties":{"incr":1.694},"geometry":{"type":"Polygon","coordinates":[[[1.860771,41.494943],[1.860771,41.505522],[1.871350,41.505522],[1.871350,41.494943],[1.860771,41.494943]]]}},{"type":"Feature","properties":{"incr":1.682},"geometry":{"type":"Polygon","coordinates":[[[1.871350,41.494943],[1.871350,41.505522],[1.881929,41.505522],[1.881929,41.494943],[1.871350,41.494943]]]}},{"type":"Feature","properties":{"incr":1.652},"geometry":{"type":"Polygon","coordinates":[[[1.881929,41.494943],[1.881929,41.505522],[1.892508,41.505522],[1.892508,41.494943],[1.881929,41.494943]]]}},{"type":"Feature","properties":{"incr":1.742},"geometry":{"type":"Polygon","coordinates":[[[2.146407,41.505522],[2.146407,41.516101],[2.156986,41.516101],[2.156986,41.505522],[2.146407,41.505522]]]}},{"type":"Feature","properties":{"incr":1.713},"geometry":{"type":"Polygon","coordinates":[[[2.156986,41.505522],[2.156986,41.516101],[2.167565,41.516101],[2.167565,41.505522],[2.156986,41.505522]]]}},{"type":"Feature","properties":{"incr":1.675},"geometry":{"type":"Polygon","coordinates":[[[2.167565,41.505522],[2.167565,41.516101],[2.178144,41.516101],[2.178144,41.505522],[2.167565,41.505522]]]}},{"type":"Feature","properties":{"incr":1.592},"geometry":{"type":"Polygon","coordinates":[[[2.093511,41.484364],[2.093511,41.494943],[2.104090,41.494943],[2.104090,41.484364],[2.093511,41.484364]]]}},{"type":"Feature","properties":{"incr":1.672},"geometry":{"type":"Polygon","coordinates":[[[2.104090,41.484364],[2.104090,41.494943],[2.114670,41.494943],[2.114670,41.484364],[2.104090,41.484364]]]}},{"type":"Feature","properties":{"incr":1.761},"geometry":{"type":"Polygon","coordinates":[[[2.114670,41.484364],[2.114670,41.494943],[2.125249,41.494943],[2.125249,41.484364],[2.114670,41.484364]]]}},{"type":"Feature","properties":{"incr":1.610},"geometry":{"type":"Polygon","coordinates":[[[1.892508,41.494943],[1.892508,41.505522],[1.903087,41.505522],[1.903087,41.494943],[1.892508,41.494943]]]}},{"type":"Feature","properties":{"incr":1.564},"geometry":{"type":"Polygon","coordinates":[[[1.903087,41.494943],[1.903087,41.505522],[1.913666,41.505522],[1.913666,41.494943],[1.903087,41.494943]]]}},{"type":"Feature","properties":{"incr":1.537},"geometry":{"type":"Polygon","coordinates":[[[1.913666,41.494943],[1.913666,41.505522],[1.924246,41.505522],[1.924246,41.494943],[1.913666,41.494943]]]}},{"type":"Feature","properties":{"incr":1.629},"geometry":{"type":"Polygon","coordinates":[[[2.178144,41.505522],[2.178144,41.516101],[2.188723,41.516101],[2.188723,41.505522],[2.178144,41.505522]]]}},{"type":"Feature","properties":{"incr":1.593},"geometry":{"type":"Polygon","coordinates":[[[2.188723,41.505522],[2.188723,41.516101],[2.199302,41.516101],[2.199302,41.505522],[2.188723,41.505522]]]}},{"type":"Feature","properties":{"incr":1.565},"geometry":{"type":"Polygon","coordinates":[[[2.199302,41.505522],[2.199302,41.516101],[2.209882,41.516101],[2.209882,41.505522],[2.199302,41.505522]]]}},{"type":"Feature","properties":{"incr":1.831},"geometry":{"type":"Polygon","coordinates":[[[2.125249,41.484364],[2.125249,41.494943],[2.135828,41.494943],[2.135828,41.484364],[2.125249,41.484364]]]}},{"type":"Feature","properties":{"incr":1.809},"geometry":{"type":"Polygon","coordinates":[[[2.135828,41.484364],[2.135828,41.494943],[2.146407,41.494943],[2.146407,41.484364],[2.135828,41.484364]]]}},{"type":"Feature","properties":{"incr":1.768},"geometry":{"type":"Polygon","coordinates":[[[2.146407,41.484364],[2.146407,41.494943],[2.156986,41.494943],[2.156986,41.484364],[2.146407,41.484364]]]}},{"type":"Feature","properties":{"incr":1.515},"geometry":{"type":"Polygon","coordinates":[[[1.924246,41.494943],[1.924246,41.505522],[1.934825,41.505522],[1.934825,41.494943],[1.924246,41.494943]]]}},{"type":"Feature","properties":{"incr":1.505},"geometry":{"type":"Polygon","coordinates":[[[1.934825,41.494943],[1.934825,41.505522],[1.945404,41.505522],[1.945404,41.494943],[1.934825,41.494943]]]}},{"type":"Feature","properties":{"incr":1.487},"geometry":{"type":"Polygon","coordinates":[[[1.945404,41.494943],[1.945404,41.505522],[1.955983,41.505522],[1.955983,41.494943],[1.945404,41.494943]]]}},{"type":"Feature","properties":{"incr":1.560},"geometry":{"type":"Polygon","coordinates":[[[2.209882,41.505522],[2.209882,41.516101],[2.220461,41.516101],[2.220461,41.505522],[2.209882,41.505522]]]}},{"type":"Feature","properties":{"incr":1.550},"geometry":{"type":"Polygon","coordinates":[[[2.220461,41.505522],[2.220461,41.516101],[2.231040,41.516101],[2.231040,41.505522],[2.220461,41.505522]]]}},{"type":"Feature","properties":{"incr":1.559},"geometry":{"type":"Polygon","coordinates":[[[2.231040,41.505522],[2.231040,41.516101],[2.241619,41.516101],[2.241619,41.505522],[2.231040,41.505522]]]}},{"type":"Feature","properties":{"incr":1.726},"geometry":{"type":"Polygon","coordinates":[[[2.156986,41.484364],[2.156986,41.494943],[2.167565,41.494943],[2.167565,41.484364],[2.156986,41.484364]]]}},{"type":"Feature","properties":{"incr":1.676},"geometry":{"type":"Polygon","coordinates":[[[2.167565,41.484364],[2.167565,41.494943],[2.178144,41.494943],[2.178144,41.484364],[2.167565,41.484364]]]}},{"type":"Feature","properties":{"incr":1.621},"geometry":{"type":"Polygon","coordinates":[[[2.178144,41.484364],[2.178144,41.494943],[2.188723,41.494943],[2.188723,41.484364],[2.178144,41.484364]]]}},{"type":"Feature","properties":{"incr":1.475},"geometry":{"type":"Polygon","coordinates":[[[1.955983,41.494943],[1.955983,41.505522],[1.966562,41.505522],[1.966562,41.494943],[1.955983,41.494943]]]}},{"type":"Feature","properties":{"incr":1.462},"geometry":{"type":"Polygon","coordinates":[[[1.966562,41.494943],[1.966562,41.505522],[1.977141,41.505522],[1.977141,41.494943],[1.966562,41.494943]]]}},{"type":"Feature","properties":{"incr":1.452},"geometry":{"type":"Polygon","coordinates":[[[1.977141,41.494943],[1.977141,41.505522],[1.987720,41.505522],[1.987720,41.494943],[1.977141,41.494943]]]}},{"type":"Feature","properties":{"incr":1.618},"geometry":{"type":"Polygon","coordinates":[[[2.241619,41.505522],[2.241619,41.516101],[2.252198,41.516101],[2.252198,41.505522],[2.241619,41.505522]]]}},{"type":"Feature","properties":{"incr":1.725},"geometry":{"type":"Polygon","coordinates":[[[2.252198,41.505522],[2.252198,41.516101],[2.262777,41.516101],[2.262777,41.505522],[2.252198,41.505522]]]}},{"type":"Feature","properties":{"incr":1.853},"geometry":{"type":"Polygon","coordinates":[[[2.262777,41.505522],[2.262777,41.516101],[2.273356,41.516101],[2.273356,41.505522],[2.262777,41.505522]]]}},{"type":"Feature","properties":{"incr":1.582},"geometry":{"type":"Polygon","coordinates":[[[2.188723,41.484364],[2.188723,41.494943],[2.199302,41.494943],[2.199302,41.484364],[2.188723,41.484364]]]}},{"type":"Feature","properties":{"incr":1.571},"geometry":{"type":"Polygon","coordinates":[[[2.199302,41.484364],[2.199302,41.494943],[2.209882,41.494943],[2.209882,41.484364],[2.199302,41.484364]]]}},{"type":"Feature","properties":{"incr":1.519},"geometry":{"type":"Polygon","coordinates":[[[2.209882,41.484364],[2.209882,41.494943],[2.220461,41.494943],[2.220461,41.484364],[2.209882,41.484364]]]}},{"type":"Feature","properties":{"incr":1.435},"geometry":{"type":"Polygon","coordinates":[[[1.987720,41.494943],[1.987720,41.505522],[1.998299,41.505522],[1.998299,41.494943],[1.987720,41.494943]]]}},{"type":"Feature","properties":{"incr":1.420},"geometry":{"type":"Polygon","coordinates":[[[1.998299,41.494943],[1.998299,41.505522],[2.008878,41.505522],[2.008878,41.494943],[1.998299,41.494943]]]}},{"type":"Feature","properties":{"incr":1.400},"geometry":{"type":"Polygon","coordinates":[[[2.008878,41.494943],[2.008878,41.505522],[2.019458,41.505522],[2.019458,41.494943],[2.008878,41.494943]]]}},{"type":"Feature","properties":{"incr":1.954},"geometry":{"type":"Polygon","coordinates":[[[2.273356,41.505522],[2.273356,41.516101],[2.283935,41.516101],[2.283935,41.505522],[2.273356,41.505522]]]}},{"type":"Feature","properties":{"incr":2.052},"geometry":{"type":"Polygon","coordinates":[[[2.283935,41.505522],[2.283935,41.516101],[2.294514,41.516101],[2.294514,41.505522],[2.283935,41.505522]]]}},{"type":"Feature","properties":{"incr":2.155},"geometry":{"type":"Polygon","coordinates":[[[2.294514,41.505522],[2.294514,41.516101],[2.305094,41.516101],[2.305094,41.505522],[2.294514,41.505522]]]}},{"type":"Feature","properties":{"incr":1.518},"geometry":{"type":"Polygon","coordinates":[[[1.818455,41.505522],[1.818455,41.516101],[1.829034,41.516101],[1.829034,41.505522],[1.818455,41.505522]]]}},{"type":"Feature","properties":{"incr":1.514},"geometry":{"type":"Polygon","coordinates":[[[2.220461,41.484364],[2.220461,41.494943],[2.231040,41.494943],[2.231040,41.484364],[2.220461,41.484364]]]}},{"type":"Feature","properties":{"incr":1.445},"geometry":{"type":"Polygon","coordinates":[[[2.231040,41.484364],[2.231040,41.494943],[2.241619,41.494943],[2.241619,41.484364],[2.231040,41.484364]]]}},{"type":"Feature","properties":{"incr":1.431},"geometry":{"type":"Polygon","coordinates":[[[2.241619,41.484364],[2.241619,41.494943],[2.252198,41.494943],[2.252198,41.484364],[2.241619,41.484364]]]}},{"type":"Feature","properties":{"incr":1.383},"geometry":{"type":"Polygon","coordinates":[[[2.019458,41.494943],[2.019458,41.505522],[2.030037,41.505522],[2.030037,41.494943],[2.019458,41.494943]]]}},{"type":"Feature","properties":{"incr":1.384},"geometry":{"type":"Polygon","coordinates":[[[2.030037,41.494943],[2.030037,41.505522],[2.040616,41.505522],[2.040616,41.494943],[2.030037,41.494943]]]}},{"type":"Feature","properties":{"incr":1.410},"geometry":{"type":"Polygon","coordinates":[[[2.040616,41.494943],[2.040616,41.505522],[2.051195,41.505522],[2.051195,41.494943],[2.040616,41.494943]]]}},{"type":"Feature","properties":{"incr":2.215},"geometry":{"type":"Polygon","coordinates":[[[2.305094,41.505522],[2.305094,41.516101],[2.315673,41.516101],[2.315673,41.505522],[2.305094,41.505522]]]}},{"type":"Feature","properties":{"incr":2.268},"geometry":{"type":"Polygon","coordinates":[[[2.315673,41.505522],[2.315673,41.516101],[2.326252,41.516101],[2.326252,41.505522],[2.315673,41.505522]]]}},{"type":"Feature","properties":{"incr":2.242},"geometry":{"type":"Polygon","coordinates":[[[2.326252,41.505522],[2.326252,41.516101],[2.336831,41.516101],[2.336831,41.505522],[2.326252,41.505522]]]}},{"type":"Feature","properties":{"incr":1.566},"geometry":{"type":"Polygon","coordinates":[[[1.829034,41.505522],[1.829034,41.516101],[1.839613,41.516101],[1.839613,41.505522],[1.829034,41.505522]]]}},{"type":"Feature","properties":{"incr":1.613},"geometry":{"type":"Polygon","coordinates":[[[1.839613,41.505522],[1.839613,41.516101],[1.850192,41.516101],[1.850192,41.505522],[1.839613,41.505522]]]}},{"type":"Feature","properties":{"incr":1.653},"geometry":{"type":"Polygon","coordinates":[[[1.850192,41.505522],[1.850192,41.516101],[1.860771,41.516101],[1.860771,41.505522],[1.850192,41.505522]]]}},{"type":"Feature","properties":{"incr":1.520},"geometry":{"type":"Polygon","coordinates":[[[2.252198,41.484364],[2.252198,41.494943],[2.262777,41.494943],[2.262777,41.484364],[2.252198,41.484364]]]}},{"type":"Feature","properties":{"incr":1.678},"geometry":{"type":"Polygon","coordinates":[[[2.262777,41.484364],[2.262777,41.494943],[2.273356,41.494943],[2.273356,41.484364],[2.262777,41.484364]]]}},{"type":"Feature","properties":{"incr":1.799},"geometry":{"type":"Polygon","coordinates":[[[2.273356,41.484364],[2.273356,41.494943],[2.283935,41.494943],[2.283935,41.484364],[2.273356,41.484364]]]}},{"type":"Feature","properties":{"incr":1.441},"geometry":{"type":"Polygon","coordinates":[[[2.051195,41.494943],[2.051195,41.505522],[2.061774,41.505522],[2.061774,41.494943],[2.051195,41.494943]]]}},{"type":"Feature","properties":{"incr":1.474},"geometry":{"type":"Polygon","coordinates":[[[2.061774,41.494943],[2.061774,41.505522],[2.072353,41.505522],[2.072353,41.494943],[2.061774,41.494943]]]}},{"type":"Feature","properties":{"incr":1.501},"geometry":{"type":"Polygon","coordinates":[[[2.072353,41.494943],[2.072353,41.505522],[2.082932,41.505522],[2.082932,41.494943],[2.072353,41.494943]]]}},{"type":"Feature","properties":{"incr":1.671},"geometry":{"type":"Polygon","coordinates":[[[1.860771,41.505522],[1.860771,41.516101],[1.871350,41.516101],[1.871350,41.505522],[1.860771,41.505522]]]}},{"type":"Feature","properties":{"incr":1.666},"geometry":{"type":"Polygon","coordinates":[[[1.871350,41.505522],[1.871350,41.516101],[1.881929,41.516101],[1.881929,41.505522],[1.871350,41.505522]]]}},{"type":"Feature","properties":{"incr":1.643},"geometry":{"type":"Polygon","coordinates":[[[1.881929,41.505522],[1.881929,41.516101],[1.892508,41.516101],[1.892508,41.505522],[1.881929,41.505522]]]}},{"type":"Feature","properties":{"incr":1.942},"geometry":{"type":"Polygon","coordinates":[[[2.283935,41.484364],[2.283935,41.494943],[2.294514,41.494943],[2.294514,41.484364],[2.283935,41.484364]]]}},{"type":"Feature","properties":{"incr":2.095},"geometry":{"type":"Polygon","coordinates":[[[2.294514,41.484364],[2.294514,41.494943],[2.305094,41.494943],[2.305094,41.484364],[2.294514,41.484364]]]}},{"type":"Feature","properties":{"incr":2.238},"geometry":{"type":"Polygon","coordinates":[[[2.305094,41.484364],[2.305094,41.494943],[2.315673,41.494943],[2.315673,41.484364],[2.305094,41.484364]]]}},{"type":"Feature","properties":{"incr":1.531},"geometry":{"type":"Polygon","coordinates":[[[2.082932,41.494943],[2.082932,41.505522],[2.093511,41.505522],[2.093511,41.494943],[2.082932,41.494943]]]}},{"type":"Feature","properties":{"incr":1.578},"geometry":{"type":"Polygon","coordinates":[[[2.093511,41.494943],[2.093511,41.505522],[2.104090,41.505522],[2.104090,41.494943],[2.093511,41.494943]]]}},{"type":"Feature","properties":{"incr":1.645},"geometry":{"type":"Polygon","coordinates":[[[2.104090,41.494943],[2.104090,41.505522],[2.114670,41.505522],[2.114670,41.494943],[2.104090,41.494943]]]}},{"type":"Feature","properties":{"incr":1.607},"geometry":{"type":"Polygon","coordinates":[[[1.892508,41.505522],[1.892508,41.516101],[1.903087,41.516101],[1.903087,41.505522],[1.892508,41.505522]]]}},{"type":"Feature","properties":{"incr":1.566},"geometry":{"type":"Polygon","coordinates":[[[1.903087,41.505522],[1.903087,41.516101],[1.913666,41.516101],[1.913666,41.505522],[1.903087,41.505522]]]}},{"type":"Feature","properties":{"incr":1.552},"geometry":{"type":"Polygon","coordinates":[[[1.913666,41.505522],[1.913666,41.516101],[1.924246,41.516101],[1.924246,41.505522],[1.913666,41.505522]]]}},{"type":"Feature","properties":{"incr":2.399},"geometry":{"type":"Polygon","coordinates":[[[2.315673,41.484364],[2.315673,41.494943],[2.326252,41.494943],[2.326252,41.484364],[2.315673,41.484364]]]}},{"type":"Feature","properties":{"incr":2.504},"geometry":{"type":"Polygon","coordinates":[[[2.326252,41.484364],[2.326252,41.494943],[2.336831,41.494943],[2.336831,41.484364],[2.326252,41.484364]]]}},{"type":"Feature","properties":{"incr":1.721},"geometry":{"type":"Polygon","coordinates":[[[2.114670,41.494943],[2.114670,41.505522],[2.125249,41.505522],[2.125249,41.494943],[2.114670,41.494943]]]}},{"type":"Feature","properties":{"incr":1.775},"geometry":{"type":"Polygon","coordinates":[[[2.125249,41.494943],[2.125249,41.505522],[2.135828,41.505522],[2.135828,41.494943],[2.125249,41.494943]]]}},{"type":"Feature","properties":{"incr":1.778},"geometry":{"type":"Polygon","coordinates":[[[2.135828,41.494943],[2.135828,41.505522],[2.146407,41.505522],[2.146407,41.494943],[2.135828,41.494943]]]}},{"type":"Feature","properties":{"incr":1.534},"geometry":{"type":"Polygon","coordinates":[[[1.924246,41.505522],[1.924246,41.516101],[1.934825,41.516101],[1.934825,41.505522],[1.924246,41.505522]]]}},{"type":"Feature","properties":{"incr":1.533},"geometry":{"type":"Polygon","coordinates":[[[1.934825,41.505522],[1.934825,41.516101],[1.945404,41.516101],[1.945404,41.505522],[1.934825,41.505522]]]}},{"type":"Feature","properties":{"incr":1.515},"geometry":{"type":"Polygon","coordinates":[[[1.945404,41.505522],[1.945404,41.516101],[1.955983,41.516101],[1.955983,41.505522],[1.945404,41.505522]]]}},{"type":"Feature","properties":{"incr":1.759},"geometry":{"type":"Polygon","coordinates":[[[2.146407,41.494943],[2.146407,41.505522],[2.156986,41.505522],[2.156986,41.494943],[2.146407,41.494943]]]}},{"type":"Feature","properties":{"incr":1.722},"geometry":{"type":"Polygon","coordinates":[[[2.156986,41.494943],[2.156986,41.505522],[2.167565,41.505522],[2.167565,41.494943],[2.156986,41.494943]]]}},{"type":"Feature","properties":{"incr":1.679},"geometry":{"type":"Polygon","coordinates":[[[2.167565,41.494943],[2.167565,41.505522],[2.178144,41.505522],[2.178144,41.494943],[2.167565,41.494943]]]}},{"type":"Feature","properties":{"incr":1.506},"geometry":{"type":"Polygon","coordinates":[[[1.955983,41.505522],[1.955983,41.516101],[1.966562,41.516101],[1.966562,41.505522],[1.955983,41.505522]]]}},{"type":"Feature","properties":{"incr":1.491},"geometry":{"type":"Polygon","coordinates":[[[1.966562,41.505522],[1.966562,41.516101],[1.977141,41.516101],[1.977141,41.505522],[1.966562,41.505522]]]}},{"type":"Feature","properties":{"incr":1.478},"geometry":{"type":"Polygon","coordinates":[[[1.977141,41.505522],[1.977141,41.516101],[1.987720,41.516101],[1.987720,41.505522],[1.977141,41.505522]]]}},{"type":"Feature","properties":{"incr":2.182},"geometry":{"type":"Polygon","coordinates":[[[2.315673,41.516101],[2.315673,41.526680],[2.326252,41.526680],[2.326252,41.516101],[2.315673,41.516101]]]}},{"type":"Feature","properties":{"incr":2.126},"geometry":{"type":"Polygon","coordinates":[[[2.326252,41.516101],[2.326252,41.526680],[2.336831,41.526680],[2.336831,41.516101],[2.326252,41.516101]]]}},{"type":"Feature","properties":{"incr":1.573},"geometry":{"type":"Polygon","coordinates":[[[1.839613,41.537259],[1.839613,41.547838],[1.850192,41.547838],[1.850192,41.537259],[1.839613,41.537259]]]}},{"type":"Feature","properties":{"incr":1.629},"geometry":{"type":"Polygon","coordinates":[[[1.850192,41.537259],[1.850192,41.547838],[1.860771,41.547838],[1.860771,41.537259],[1.850192,41.537259]]]}},{"type":"Feature","properties":{"incr":1.690},"geometry":{"type":"Polygon","coordinates":[[[1.860771,41.537259],[1.860771,41.547838],[1.871350,41.547838],[1.871350,41.537259],[1.860771,41.537259]]]}},{"type":"Feature","properties":{"incr":1.441},"geometry":{"type":"Polygon","coordinates":[[[1.818455,41.516101],[1.818455,41.526680],[1.829034,41.526680],[1.829034,41.516101],[1.818455,41.516101]]]}},{"type":"Feature","properties":{"incr":1.514},"geometry":{"type":"Polygon","coordinates":[[[1.829034,41.516101],[1.829034,41.526680],[1.839613,41.526680],[1.839613,41.516101],[1.829034,41.516101]]]}},{"type":"Feature","properties":{"incr":1.659},"geometry":{"type":"Polygon","coordinates":[[[2.114670,41.526680],[2.114670,41.537259],[2.125249,41.537259],[2.125249,41.526680],[2.114670,41.526680]]]}},{"type":"Feature","properties":{"incr":1.694},"geometry":{"type":"Polygon","coordinates":[[[2.125249,41.526680],[2.125249,41.537259],[2.135828,41.537259],[2.135828,41.526680],[2.125249,41.526680]]]}},{"type":"Feature","properties":{"incr":1.708},"geometry":{"type":"Polygon","coordinates":[[[2.135828,41.526680],[2.135828,41.537259],[2.146407,41.537259],[2.146407,41.526680],[2.135828,41.526680]]]}},{"type":"Feature","properties":{"incr":1.654},"geometry":{"type":"Polygon","coordinates":[[[1.871350,41.537259],[1.871350,41.547838],[1.881929,41.547838],[1.881929,41.537259],[1.871350,41.537259]]]}},{"type":"Feature","properties":{"incr":1.642},"geometry":{"type":"Polygon","coordinates":[[[1.881929,41.537259],[1.881929,41.547838],[1.892508,41.547838],[1.892508,41.537259],[1.881929,41.537259]]]}},{"type":"Feature","properties":{"incr":1.628},"geometry":{"type":"Polygon","coordinates":[[[1.892508,41.537259],[1.892508,41.547838],[1.903087,41.547838],[1.903087,41.537259],[1.892508,41.537259]]]}},{"type":"Feature","properties":{"incr":1.567},"geometry":{"type":"Polygon","coordinates":[[[1.839613,41.516101],[1.839613,41.526680],[1.850192,41.526680],[1.850192,41.516101],[1.839613,41.516101]]]}},{"type":"Feature","properties":{"incr":1.615},"geometry":{"type":"Polygon","coordinates":[[[1.850192,41.516101],[1.850192,41.526680],[1.860771,41.526680],[1.860771,41.516101],[1.850192,41.516101]]]}},{"type":"Feature","properties":{"incr":1.652},"geometry":{"type":"Polygon","coordinates":[[[1.860771,41.516101],[1.860771,41.526680],[1.871350,41.526680],[1.871350,41.516101],[1.860771,41.516101]]]}},{"type":"Feature","properties":{"incr":1.692},"geometry":{"type":"Polygon","coordinates":[[[2.146407,41.526680],[2.146407,41.537259],[2.156986,41.537259],[2.156986,41.526680],[2.146407,41.526680]]]}},{"type":"Feature","properties":{"incr":1.675},"geometry":{"type":"Polygon","coordinates":[[[2.156986,41.526680],[2.156986,41.537259],[2.167565,41.537259],[2.167565,41.526680],[2.156986,41.526680]]]}},{"type":"Feature","properties":{"incr":1.657},"geometry":{"type":"Polygon","coordinates":[[[2.167565,41.526680],[2.167565,41.537259],[2.178144,41.537259],[2.178144,41.526680],[2.167565,41.526680]]]}},{"type":"Feature","properties":{"incr":1.628},"geometry":{"type":"Polygon","coordinates":[[[1.903087,41.537259],[1.903087,41.547838],[1.913666,41.547838],[1.913666,41.537259],[1.903087,41.537259]]]}},{"type":"Feature","properties":{"incr":1.607},"geometry":{"type":"Polygon","coordinates":[[[1.913666,41.537259],[1.913666,41.547838],[1.924246,41.547838],[1.924246,41.537259],[1.913666,41.537259]]]}},{"type":"Feature","properties":{"incr":1.590},"geometry":{"type":"Polygon","coordinates":[[[1.924246,41.537259],[1.924246,41.547838],[1.934825,41.547838],[1.934825,41.537259],[1.924246,41.537259]]]}},{"type":"Feature","properties":{"incr":1.659},"geometry":{"type":"Polygon","coordinates":[[[1.871350,41.516101],[1.871350,41.526680],[1.881929,41.526680],[1.881929,41.516101],[1.871350,41.516101]]]}},{"type":"Feature","properties":{"incr":1.639},"geometry":{"type":"Polygon","coordinates":[[[1.881929,41.516101],[1.881929,41.526680],[1.892508,41.526680],[1.892508,41.516101],[1.881929,41.516101]]]}},{"type":"Feature","properties":{"incr":1.607},"geometry":{"type":"Polygon","coordinates":[[[1.892508,41.516101],[1.892508,41.526680],[1.903087,41.526680],[1.903087,41.516101],[1.892508,41.516101]]]}},{"type":"Feature","properties":{"incr":1.633},"geometry":{"type":"Polygon","coordinates":[[[2.178144,41.526680],[2.178144,41.537259],[2.188723,41.537259],[2.188723,41.526680],[2.178144,41.526680]]]}},{"type":"Feature","properties":{"incr":1.623},"geometry":{"type":"Polygon","coordinates":[[[2.188723,41.526680],[2.188723,41.537259],[2.199302,41.537259],[2.199302,41.526680],[2.188723,41.526680]]]}},{"type":"Feature","properties":{"incr":1.607},"geometry":{"type":"Polygon","coordinates":[[[2.199302,41.526680],[2.199302,41.537259],[2.209882,41.537259],[2.209882,41.526680],[2.199302,41.526680]]]}},{"type":"Feature","properties":{"incr":1.588},"geometry":{"type":"Polygon","coordinates":[[[1.934825,41.537259],[1.934825,41.547838],[1.945404,41.547838],[1.945404,41.537259],[1.934825,41.537259]]]}},{"type":"Feature","properties":{"incr":1.579},"geometry":{"type":"Polygon","coordinates":[[[1.945404,41.537259],[1.945404,41.547838],[1.955983,41.547838],[1.955983,41.537259],[1.945404,41.537259]]]}},{"type":"Feature","properties":{"incr":1.557},"geometry":{"type":"Polygon","coordinates":[[[1.955983,41.537259],[1.955983,41.547838],[1.966562,41.547838],[1.966562,41.537259],[1.955983,41.537259]]]}},{"type":"Feature","properties":{"incr":1.569},"geometry":{"type":"Polygon","coordinates":[[[1.903087,41.516101],[1.903087,41.526680],[1.913666,41.526680],[1.913666,41.516101],[1.903087,41.516101]]]}},{"type":"Feature","properties":{"incr":1.568},"geometry":{"type":"Polygon","coordinates":[[[1.913666,41.516101],[1.913666,41.526680],[1.924246,41.526680],[1.924246,41.516101],[1.913666,41.516101]]]}},{"type":"Feature","properties":{"incr":1.550},"geometry":{"type":"Polygon","coordinates":[[[1.924246,41.516101],[1.924246,41.526680],[1.934825,41.526680],[1.934825,41.516101],[1.924246,41.516101]]]}},{"type":"Feature","properties":{"incr":1.609},"geometry":{"type":"Polygon","coordinates":[[[2.209882,41.526680],[2.209882,41.537259],[2.220461,41.537259],[2.220461,41.526680],[2.209882,41.526680]]]}},{"type":"Feature","properties":{"incr":1.626},"geometry":{"type":"Polygon","coordinates":[[[2.220461,41.526680],[2.220461,41.537259],[2.231040,41.537259],[2.231040,41.526680],[2.220461,41.526680]]]}},{"type":"Feature","properties":{"incr":1.668},"geometry":{"type":"Polygon","coordinates":[[[2.231040,41.526680],[2.231040,41.537259],[2.241619,41.537259],[2.241619,41.526680],[2.231040,41.526680]]]}},{"type":"Feature","properties":{"incr":1.699},"geometry":{"type":"Polygon","coordinates":[[[2.093511,41.537259],[2.093511,41.547838],[2.104090,41.547838],[2.104090,41.537259],[2.093511,41.537259]]]}},{"type":"Feature","properties":{"incr":1.702},"geometry":{"type":"Polygon","coordinates":[[[2.104090,41.537259],[2.104090,41.547838],[2.114670,41.547838],[2.114670,41.537259],[2.104090,41.537259]]]}},{"type":"Feature","properties":{"incr":1.700},"geometry":{"type":"Polygon","coordinates":[[[2.114670,41.537259],[2.114670,41.547838],[2.125249,41.547838],[2.125249,41.537259],[2.114670,41.537259]]]}},{"type":"Feature","properties":{"incr":1.563},"geometry":{"type":"Polygon","coordinates":[[[1.934825,41.516101],[1.934825,41.526680],[1.945404,41.526680],[1.945404,41.516101],[1.934825,41.516101]]]}},{"type":"Feature","properties":{"incr":1.547},"geometry":{"type":"Polygon","coordinates":[[[1.945404,41.516101],[1.945404,41.526680],[1.955983,41.526680],[1.955983,41.516101],[1.945404,41.516101]]]}},{"type":"Feature","properties":{"incr":1.541},"geometry":{"type":"Polygon","coordinates":[[[1.955983,41.516101],[1.955983,41.526680],[1.966562,41.526680],[1.966562,41.516101],[1.955983,41.516101]]]}},{"type":"Feature","properties":{"incr":1.750},"geometry":{"type":"Polygon","coordinates":[[[2.241619,41.526680],[2.241619,41.537259],[2.252198,41.537259],[2.252198,41.526680],[2.241619,41.526680]]]}},{"type":"Feature","properties":{"incr":1.822},"geometry":{"type":"Polygon","coordinates":[[[2.252198,41.526680],[2.252198,41.537259],[2.262777,41.537259],[2.262777,41.526680],[2.252198,41.526680]]]}},{"type":"Feature","properties":{"incr":1.915},"geometry":{"type":"Polygon","coordinates":[[[2.262777,41.526680],[2.262777,41.537259],[2.273356,41.537259],[2.273356,41.526680],[2.262777,41.526680]]]}},{"type":"Feature","properties":{"incr":1.706},"geometry":{"type":"Polygon","coordinates":[[[2.125249,41.537259],[2.125249,41.547838],[2.135828,41.547838],[2.135828,41.537259],[2.125249,41.537259]]]}},{"type":"Feature","properties":{"incr":1.698},"geometry":{"type":"Polygon","coordinates":[[[2.135828,41.537259],[2.135828,41.547838],[2.146407,41.547838],[2.146407,41.537259],[2.135828,41.537259]]]}},{"type":"Feature","properties":{"incr":1.686},"geometry":{"type":"Polygon","coordinates":[[[2.146407,41.537259],[2.146407,41.547838],[2.156986,41.547838],[2.156986,41.537259],[2.146407,41.537259]]]}},{"type":"Feature","properties":{"incr":1.524},"geometry":{"type":"Polygon","coordinates":[[[1.966562,41.516101],[1.966562,41.526680],[1.977141,41.526680],[1.977141,41.516101],[1.966562,41.516101]]]}},{"type":"Feature","properties":{"incr":1.510},"geometry":{"type":"Polygon","coordinates":[[[1.977141,41.516101],[1.977141,41.526680],[1.987720,41.526680],[1.987720,41.516101],[1.977141,41.516101]]]}},{"type":"Feature","properties":{"incr":1.496},"geometry":{"type":"Polygon","coordinates":[[[1.987720,41.516101],[1.987720,41.526680],[1.998299,41.526680],[1.998299,41.516101],[1.987720,41.516101]]]}},{"type":"Feature","properties":{"incr":1.409},"geometry":{"type":"Polygon","coordinates":[[[1.818455,41.526680],[1.818455,41.537259],[1.829034,41.537259],[1.829034,41.526680],[1.818455,41.526680]]]}},{"type":"Feature","properties":{"incr":1.995},"geometry":{"type":"Polygon","coordinates":[[[2.273356,41.526680],[2.273356,41.537259],[2.283935,41.537259],[2.283935,41.526680],[2.273356,41.526680]]]}},{"type":"Feature","properties":{"incr":2.104},"geometry":{"type":"Polygon","coordinates":[[[2.283935,41.526680],[2.283935,41.537259],[2.294514,41.537259],[2.294514,41.526680],[2.283935,41.526680]]]}},{"type":"Feature","properties":{"incr":2.190},"geometry":{"type":"Polygon","coordinates":[[[2.294514,41.526680],[2.294514,41.537259],[2.305094,41.537259],[2.305094,41.526680],[2.294514,41.526680]]]}},{"type":"Feature","properties":{"incr":1.533},"geometry":{"type":"Polygon","coordinates":[[[1.998299,41.537259],[1.998299,41.547838],[2.008878,41.547838],[2.008878,41.537259],[1.998299,41.537259]]]}},{"type":"Feature","properties":{"incr":1.512},"geometry":{"type":"Polygon","coordinates":[[[2.008878,41.537259],[2.008878,41.547838],[2.019458,41.547838],[2.019458,41.537259],[2.008878,41.537259]]]}},{"type":"Feature","properties":{"incr":1.488},"geometry":{"type":"Polygon","coordinates":[[[2.019458,41.537259],[2.019458,41.547838],[2.030037,41.547838],[2.030037,41.537259],[2.019458,41.537259]]]}},{"type":"Feature","properties":{"incr":1.473},"geometry":{"type":"Polygon","coordinates":[[[1.998299,41.516101],[1.998299,41.526680],[2.008878,41.526680],[2.008878,41.516101],[1.998299,41.516101]]]}},{"type":"Feature","properties":{"incr":1.444},"geometry":{"type":"Polygon","coordinates":[[[2.008878,41.516101],[2.008878,41.526680],[2.019458,41.526680],[2.019458,41.516101],[2.008878,41.516101]]]}},{"type":"Feature","properties":{"incr":1.407},"geometry":{"type":"Polygon","coordinates":[[[2.019458,41.516101],[2.019458,41.526680],[2.030037,41.526680],[2.030037,41.516101],[2.019458,41.516101]]]}},{"type":"Feature","properties":{"incr":1.490},"geometry":{"type":"Polygon","coordinates":[[[1.829034,41.526680],[1.829034,41.537259],[1.839613,41.537259],[1.839613,41.526680],[1.829034,41.526680]]]}},{"type":"Feature","properties":{"incr":1.563},"geometry":{"type":"Polygon","coordinates":[[[1.839613,41.526680],[1.839613,41.537259],[1.850192,41.537259],[1.850192,41.526680],[1.839613,41.526680]]]}},{"type":"Feature","properties":{"incr":1.628},"geometry":{"type":"Polygon","coordinates":[[[1.850192,41.526680],[1.850192,41.537259],[1.860771,41.537259],[1.860771,41.526680],[1.850192,41.526680]]]}},{"type":"Feature","properties":{"incr":2.184},"geometry":{"type":"Polygon","coordinates":[[[2.305094,41.526680],[2.305094,41.537259],[2.315673,41.537259],[2.315673,41.526680],[2.305094,41.526680]]]}},{"type":"Feature","properties":{"incr":2.136},"geometry":{"type":"Polygon","coordinates":[[[2.315673,41.526680],[2.315673,41.537259],[2.326252,41.537259],[2.326252,41.526680],[2.315673,41.526680]]]}},{"type":"Feature","properties":{"incr":2.055},"geometry":{"type":"Polygon","coordinates":[[[2.326252,41.526680],[2.326252,41.537259],[2.336831,41.537259],[2.336831,41.526680],[2.326252,41.526680]]]}},{"type":"Feature","properties":{"incr":1.820},"geometry":{"type":"Polygon","coordinates":[[[2.252198,41.537259],[2.252198,41.547838],[2.262777,41.547838],[2.262777,41.537259],[2.252198,41.537259]]]}},{"type":"Feature","properties":{"incr":1.900},"geometry":{"type":"Polygon","coordinates":[[[2.262777,41.537259],[2.262777,41.547838],[2.273356,41.547838],[2.273356,41.537259],[2.262777,41.537259]]]}},{"type":"Feature","properties":{"incr":2.000},"geometry":{"type":"Polygon","coordinates":[[[2.273356,41.537259],[2.273356,41.547838],[2.283935,41.547838],[2.283935,41.537259],[2.273356,41.537259]]]}},{"type":"Feature","properties":{"incr":1.412},"geometry":{"type":"Polygon","coordinates":[[[2.030037,41.516101],[2.030037,41.526680],[2.040616,41.526680],[2.040616,41.516101],[2.030037,41.516101]]]}},{"type":"Feature","properties":{"incr":1.430},"geometry":{"type":"Polygon","coordinates":[[[2.040616,41.516101],[2.040616,41.526680],[2.051195,41.526680],[2.051195,41.516101],[2.040616,41.516101]]]}},{"type":"Feature","properties":{"incr":1.467},"geometry":{"type":"Polygon","coordinates":[[[2.051195,41.516101],[2.051195,41.526680],[2.061774,41.526680],[2.061774,41.516101],[2.051195,41.516101]]]}},{"type":"Feature","properties":{"incr":1.679},"geometry":{"type":"Polygon","coordinates":[[[1.860771,41.526680],[1.860771,41.537259],[1.871350,41.537259],[1.871350,41.526680],[1.860771,41.526680]]]}},{"type":"Feature","properties":{"incr":1.666},"geometry":{"type":"Polygon","coordinates":[[[1.871350,41.526680],[1.871350,41.537259],[1.881929,41.537259],[1.881929,41.526680],[1.871350,41.526680]]]}},{"type":"Feature","properties":{"incr":1.630},"geometry":{"type":"Polygon","coordinates":[[[1.881929,41.526680],[1.881929,41.537259],[1.892508,41.537259],[1.892508,41.526680],[1.881929,41.526680]]]}},{"type":"Feature","properties":{"incr":1.634},"geometry":{"type":"Polygon","coordinates":[[[2.188723,41.537259],[2.188723,41.547838],[2.199302,41.547838],[2.199302,41.537259],[2.188723,41.537259]]]}},{"type":"Feature","properties":{"incr":1.634},"geometry":{"type":"Polygon","coordinates":[[[2.199302,41.537259],[2.199302,41.547838],[2.209882,41.547838],[2.209882,41.537259],[2.199302,41.537259]]]}},{"type":"Feature","properties":{"incr":1.638},"geometry":{"type":"Polygon","coordinates":[[[2.209882,41.537259],[2.209882,41.547838],[2.220461,41.547838],[2.220461,41.537259],[2.209882,41.537259]]]}},{"type":"Feature","properties":{"incr":1.482},"geometry":{"type":"Polygon","coordinates":[[[2.061774,41.516101],[2.061774,41.526680],[2.072353,41.526680],[2.072353,41.516101],[2.061774,41.516101]]]}},{"type":"Feature","properties":{"incr":1.491},"geometry":{"type":"Polygon","coordinates":[[[2.072353,41.516101],[2.072353,41.526680],[2.082932,41.526680],[2.082932,41.516101],[2.072353,41.516101]]]}},{"type":"Feature","properties":{"incr":1.499},"geometry":{"type":"Polygon","coordinates":[[[2.082932,41.516101],[2.082932,41.526680],[2.093511,41.526680],[2.093511,41.516101],[2.082932,41.516101]]]}},{"type":"Feature","properties":{"incr":1.609},"geometry":{"type":"Polygon","coordinates":[[[1.892508,41.526680],[1.892508,41.537259],[1.903087,41.537259],[1.903087,41.526680],[1.892508,41.526680]]]}},{"type":"Feature","properties":{"incr":1.608},"geometry":{"type":"Polygon","coordinates":[[[1.903087,41.526680],[1.903087,41.537259],[1.913666,41.537259],[1.913666,41.526680],[1.903087,41.526680]]]}},{"type":"Feature","properties":{"incr":1.599},"geometry":{"type":"Polygon","coordinates":[[[1.913666,41.526680],[1.913666,41.537259],[1.924246,41.537259],[1.924246,41.526680],[1.913666,41.526680]]]}},{"type":"Feature","properties":{"incr":1.473},"geometry":{"type":"Polygon","coordinates":[[[2.030037,41.537259],[2.030037,41.547838],[2.040616,41.547838],[2.040616,41.537259],[2.030037,41.537259]]]}},{"type":"Feature","properties":{"incr":1.479},"geometry":{"type":"Polygon","coordinates":[[[2.040616,41.537259],[2.040616,41.547838],[2.051195,41.547838],[2.051195,41.537259],[2.040616,41.537259]]]}},{"type":"Feature","properties":{"incr":1.497},"geometry":{"type":"Polygon","coordinates":[[[2.051195,41.537259],[2.051195,41.547838],[2.061774,41.547838],[2.061774,41.537259],[2.051195,41.537259]]]}},{"type":"Feature","properties":{"incr":1.515},"geometry":{"type":"Polygon","coordinates":[[[2.093511,41.516101],[2.093511,41.526680],[2.104090,41.526680],[2.104090,41.516101],[2.093511,41.516101]]]}},{"type":"Feature","properties":{"incr":1.585},"geometry":{"type":"Polygon","coordinates":[[[2.104090,41.516101],[2.104090,41.526680],[2.114670,41.526680],[2.114670,41.516101],[2.104090,41.516101]]]}},{"type":"Feature","properties":{"incr":1.655},"geometry":{"type":"Polygon","coordinates":[[[2.114670,41.516101],[2.114670,41.526680],[2.125249,41.526680],[2.125249,41.516101],[2.114670,41.516101]]]}},{"type":"Feature","properties":{"incr":1.576},"geometry":{"type":"Polygon","coordinates":[[[1.924246,41.526680],[1.924246,41.537259],[1.934825,41.537259],[1.934825,41.526680],[1.924246,41.526680]]]}},{"type":"Feature","properties":{"incr":1.568},"geometry":{"type":"Polygon","coordinates":[[[1.934825,41.526680],[1.934825,41.537259],[1.945404,41.537259],[1.945404,41.526680],[1.934825,41.526680]]]}},{"type":"Feature","properties":{"incr":1.554},"geometry":{"type":"Polygon","coordinates":[[[1.945404,41.526680],[1.945404,41.537259],[1.955983,41.537259],[1.955983,41.526680],[1.945404,41.526680]]]}},{"type":"Feature","properties":{"incr":2.116},"geometry":{"type":"Polygon","coordinates":[[[2.283935,41.537259],[2.283935,41.547838],[2.294514,41.547838],[2.294514,41.537259],[2.283935,41.537259]]]}},{"type":"Feature","properties":{"incr":2.228},"geometry":{"type":"Polygon","coordinates":[[[2.294514,41.537259],[2.294514,41.547838],[2.305094,41.547838],[2.305094,41.537259],[2.294514,41.537259]]]}},{"type":"Feature","properties":{"incr":2.167},"geometry":{"type":"Polygon","coordinates":[[[2.305094,41.537259],[2.305094,41.547838],[2.315673,41.547838],[2.315673,41.537259],[2.305094,41.537259]]]}},{"type":"Feature","properties":{"incr":1.706},"geometry":{"type":"Polygon","coordinates":[[[2.125249,41.516101],[2.125249,41.526680],[2.135828,41.526680],[2.135828,41.516101],[2.125249,41.516101]]]}},{"type":"Feature","properties":{"incr":1.724},"geometry":{"type":"Polygon","coordinates":[[[2.135828,41.516101],[2.135828,41.526680],[2.146407,41.526680],[2.146407,41.516101],[2.135828,41.516101]]]}},{"type":"Feature","properties":{"incr":1.720},"geometry":{"type":"Polygon","coordinates":[[[2.146407,41.516101],[2.146407,41.526680],[2.156986,41.526680],[2.156986,41.516101],[2.146407,41.516101]]]}},{"type":"Feature","properties":{"incr":1.538},"geometry":{"type":"Polygon","coordinates":[[[1.955983,41.526680],[1.955983,41.537259],[1.966562,41.537259],[1.966562,41.526680],[1.955983,41.526680]]]}},{"type":"Feature","properties":{"incr":1.546},"geometry":{"type":"Polygon","coordinates":[[[1.966562,41.526680],[1.966562,41.537259],[1.977141,41.537259],[1.977141,41.526680],[1.966562,41.526680]]]}},{"type":"Feature","properties":{"incr":1.558},"geometry":{"type":"Polygon","coordinates":[[[1.977141,41.526680],[1.977141,41.537259],[1.987720,41.537259],[1.987720,41.526680],[1.977141,41.526680]]]}},{"type":"Feature","properties":{"incr":1.655},"geometry":{"type":"Polygon","coordinates":[[[2.220461,41.537259],[2.220461,41.547838],[2.231040,41.547838],[2.231040,41.537259],[2.220461,41.537259]]]}},{"type":"Feature","properties":{"incr":1.692},"geometry":{"type":"Polygon","coordinates":[[[2.231040,41.537259],[2.231040,41.547838],[2.241619,41.547838],[2.241619,41.537259],[2.231040,41.537259]]]}},{"type":"Feature","properties":{"incr":1.760},"geometry":{"type":"Polygon","coordinates":[[[2.241619,41.537259],[2.241619,41.547838],[2.252198,41.547838],[2.252198,41.537259],[2.241619,41.537259]]]}},{"type":"Feature","properties":{"incr":1.688},"geometry":{"type":"Polygon","coordinates":[[[2.156986,41.516101],[2.156986,41.526680],[2.167565,41.526680],[2.167565,41.516101],[2.156986,41.516101]]]}},{"type":"Feature","properties":{"incr":1.661},"geometry":{"type":"Polygon","coordinates":[[[2.167565,41.516101],[2.167565,41.526680],[2.178144,41.526680],[2.178144,41.516101],[2.167565,41.516101]]]}},{"type":"Feature","properties":{"incr":1.634},"geometry":{"type":"Polygon","coordinates":[[[2.178144,41.516101],[2.178144,41.526680],[2.188723,41.526680],[2.188723,41.516101],[2.178144,41.516101]]]}},{"type":"Feature","properties":{"incr":1.547},"geometry":{"type":"Polygon","coordinates":[[[1.987720,41.526680],[1.987720,41.537259],[1.998299,41.537259],[1.998299,41.526680],[1.987720,41.526680]]]}},{"type":"Feature","properties":{"incr":1.509},"geometry":{"type":"Polygon","coordinates":[[[1.998299,41.526680],[1.998299,41.537259],[2.008878,41.537259],[2.008878,41.526680],[1.998299,41.526680]]]}},{"type":"Feature","properties":{"incr":1.475},"geometry":{"type":"Polygon","coordinates":[[[2.008878,41.526680],[2.008878,41.537259],[2.019458,41.537259],[2.019458,41.526680],[2.008878,41.526680]]]}},{"type":"Feature","properties":{"incr":1.534},"geometry":{"type":"Polygon","coordinates":[[[2.061774,41.537259],[2.061774,41.547838],[2.072353,41.547838],[2.072353,41.537259],[2.061774,41.537259]]]}},{"type":"Feature","properties":{"incr":1.577},"geometry":{"type":"Polygon","coordinates":[[[2.072353,41.537259],[2.072353,41.547838],[2.082932,41.547838],[2.082932,41.537259],[2.072353,41.537259]]]}},{"type":"Feature","properties":{"incr":1.626},"geometry":{"type":"Polygon","coordinates":[[[2.082932,41.537259],[2.082932,41.547838],[2.093511,41.547838],[2.093511,41.537259],[2.082932,41.537259]]]}},{"type":"Feature","properties":{"incr":1.607},"geometry":{"type":"Polygon","coordinates":[[[2.188723,41.516101],[2.188723,41.526680],[2.199302,41.526680],[2.199302,41.516101],[2.188723,41.516101]]]}},{"type":"Feature","properties":{"incr":1.586},"geometry":{"type":"Polygon","coordinates":[[[2.199302,41.516101],[2.199302,41.526680],[2.209882,41.526680],[2.209882,41.516101],[2.199302,41.516101]]]}},{"type":"Feature","properties":{"incr":1.581},"geometry":{"type":"Polygon","coordinates":[[[2.209882,41.516101],[2.209882,41.526680],[2.220461,41.526680],[2.220461,41.516101],[2.209882,41.516101]]]}},{"type":"Feature","properties":{"incr":1.427},"geometry":{"type":"Polygon","coordinates":[[[2.019458,41.526680],[2.019458,41.537259],[2.030037,41.537259],[2.030037,41.526680],[2.019458,41.526680]]]}},{"type":"Feature","properties":{"incr":1.422},"geometry":{"type":"Polygon","coordinates":[[[2.030037,41.526680],[2.030037,41.537259],[2.040616,41.537259],[2.040616,41.526680],[2.030037,41.526680]]]}},{"type":"Feature","properties":{"incr":1.448},"geometry":{"type":"Polygon","coordinates":[[[2.040616,41.526680],[2.040616,41.537259],[2.051195,41.537259],[2.051195,41.526680],[2.040616,41.526680]]]}},{"type":"Feature","properties":{"incr":1.672},"geometry":{"type":"Polygon","coordinates":[[[2.156986,41.537259],[2.156986,41.547838],[2.167565,41.547838],[2.167565,41.537259],[2.156986,41.537259]]]}},{"type":"Feature","properties":{"incr":1.651},"geometry":{"type":"Polygon","coordinates":[[[2.167565,41.537259],[2.167565,41.547838],[2.178144,41.547838],[2.178144,41.537259],[2.167565,41.537259]]]}},{"type":"Feature","properties":{"incr":1.647},"geometry":{"type":"Polygon","coordinates":[[[2.178144,41.537259],[2.178144,41.547838],[2.188723,41.547838],[2.188723,41.537259],[2.178144,41.537259]]]}},{"type":"Feature","properties":{"incr":1.586},"geometry":{"type":"Polygon","coordinates":[[[2.220461,41.516101],[2.220461,41.526680],[2.231040,41.526680],[2.231040,41.516101],[2.220461,41.516101]]]}},{"type":"Feature","properties":{"incr":1.619},"geometry":{"type":"Polygon","coordinates":[[[2.231040,41.516101],[2.231040,41.526680],[2.241619,41.526680],[2.241619,41.516101],[2.231040,41.516101]]]}},{"type":"Feature","properties":{"incr":1.677},"geometry":{"type":"Polygon","coordinates":[[[2.241619,41.516101],[2.241619,41.526680],[2.252198,41.526680],[2.252198,41.516101],[2.241619,41.516101]]]}},{"type":"Feature","properties":{"incr":1.474},"geometry":{"type":"Polygon","coordinates":[[[2.051195,41.526680],[2.051195,41.537259],[2.061774,41.537259],[2.061774,41.526680],[2.051195,41.526680]]]}},{"type":"Feature","properties":{"incr":1.488},"geometry":{"type":"Polygon","coordinates":[[[2.061774,41.526680],[2.061774,41.537259],[2.072353,41.537259],[2.072353,41.526680],[2.061774,41.526680]]]}},{"type":"Feature","properties":{"incr":1.515},"geometry":{"type":"Polygon","coordinates":[[[2.072353,41.526680],[2.072353,41.537259],[2.082932,41.537259],[2.082932,41.526680],[2.072353,41.526680]]]}},{"type":"Feature","properties":{"incr":1.559},"geometry":{"type":"Polygon","coordinates":[[[1.966562,41.537259],[1.966562,41.547838],[1.977141,41.547838],[1.977141,41.537259],[1.966562,41.537259]]]}},{"type":"Feature","properties":{"incr":1.576},"geometry":{"type":"Polygon","coordinates":[[[1.977141,41.537259],[1.977141,41.547838],[1.987720,41.547838],[1.987720,41.537259],[1.977141,41.537259]]]}},{"type":"Feature","properties":{"incr":1.567},"geometry":{"type":"Polygon","coordinates":[[[1.987720,41.537259],[1.987720,41.547838],[1.998299,41.547838],[1.998299,41.537259],[1.987720,41.537259]]]}},{"type":"Feature","properties":{"incr":1.778},"geometry":{"type":"Polygon","coordinates":[[[2.252198,41.516101],[2.252198,41.526680],[2.262777,41.526680],[2.262777,41.516101],[2.252198,41.516101]]]}},{"type":"Feature","properties":{"incr":1.901},"geometry":{"type":"Polygon","coordinates":[[[2.262777,41.516101],[2.262777,41.526680],[2.273356,41.526680],[2.273356,41.516101],[2.262777,41.516101]]]}},{"type":"Feature","properties":{"incr":1.983},"geometry":{"type":"Polygon","coordinates":[[[2.273356,41.516101],[2.273356,41.526680],[2.283935,41.526680],[2.283935,41.516101],[2.273356,41.516101]]]}},{"type":"Feature","properties":{"incr":1.535},"geometry":{"type":"Polygon","coordinates":[[[2.082932,41.526680],[2.082932,41.537259],[2.093511,41.537259],[2.093511,41.526680],[2.082932,41.526680]]]}},{"type":"Feature","properties":{"incr":1.522},"geometry":{"type":"Polygon","coordinates":[[[2.093511,41.526680],[2.093511,41.537259],[2.104090,41.537259],[2.104090,41.526680],[2.093511,41.526680]]]}},{"type":"Feature","properties":{"incr":1.605},"geometry":{"type":"Polygon","coordinates":[[[2.104090,41.526680],[2.104090,41.537259],[2.114670,41.537259],[2.114670,41.526680],[2.104090,41.526680]]]}},{"type":"Feature","properties":{"incr":1.429},"geometry":{"type":"Polygon","coordinates":[[[1.818455,41.537259],[1.818455,41.547838],[1.829034,41.547838],[1.829034,41.537259],[1.818455,41.537259]]]}},{"type":"Feature","properties":{"incr":1.500},"geometry":{"type":"Polygon","coordinates":[[[1.829034,41.537259],[1.829034,41.547838],[1.839613,41.547838],[1.839613,41.537259],[1.829034,41.537259]]]}},{"type":"Feature","properties":{"incr":2.070},"geometry":{"type":"Polygon","coordinates":[[[2.283935,41.516101],[2.283935,41.526680],[2.294514,41.526680],[2.294514,41.516101],[2.283935,41.516101]]]}},{"type":"Feature","properties":{"incr":2.152},"geometry":{"type":"Polygon","coordinates":[[[2.294514,41.516101],[2.294514,41.526680],[2.305094,41.526680],[2.305094,41.516101],[2.294514,41.516101]]]}},{"type":"Feature","properties":{"incr":2.180},"geometry":{"type":"Polygon","coordinates":[[[2.305094,41.516101],[2.305094,41.526680],[2.315673,41.526680],[2.315673,41.516101],[2.305094,41.516101]]]}},{"type":"Feature","properties":{"incr":1.702},"geometry":{"type":"Polygon","coordinates":[[[1.881929,41.568996],[1.881929,41.579576],[1.892508,41.579576],[1.892508,41.568996],[1.881929,41.568996]]]}},{"type":"Feature","properties":{"incr":1.713},"geometry":{"type":"Polygon","coordinates":[[[1.892508,41.568996],[1.892508,41.579576],[1.903087,41.579576],[1.903087,41.568996],[1.892508,41.568996]]]}},{"type":"Feature","properties":{"incr":1.659},"geometry":{"type":"Polygon","coordinates":[[[1.903087,41.568996],[1.903087,41.579576],[1.913666,41.579576],[1.913666,41.568996],[1.903087,41.568996]]]}},{"type":"Feature","properties":{"incr":2.081},"geometry":{"type":"Polygon","coordinates":[[[2.315673,41.537259],[2.315673,41.547838],[2.326252,41.547838],[2.326252,41.537259],[2.315673,41.537259]]]}},{"type":"Feature","properties":{"incr":1.979},"geometry":{"type":"Polygon","coordinates":[[[2.326252,41.537259],[2.326252,41.547838],[2.336831,41.547838],[2.336831,41.537259],[2.326252,41.537259]]]}},{"type":"Feature","properties":{"incr":1.569},"geometry":{"type":"Polygon","coordinates":[[[2.008878,41.547838],[2.008878,41.558417],[2.019458,41.558417],[2.019458,41.547838],[2.008878,41.547838]]]}},{"type":"Feature","properties":{"incr":1.550},"geometry":{"type":"Polygon","coordinates":[[[2.019458,41.547838],[2.019458,41.558417],[2.030037,41.558417],[2.030037,41.547838],[2.019458,41.547838]]]}},{"type":"Feature","properties":{"incr":1.533},"geometry":{"type":"Polygon","coordinates":[[[2.030037,41.547838],[2.030037,41.558417],[2.040616,41.558417],[2.040616,41.547838],[2.030037,41.547838]]]}},{"type":"Feature","properties":{"incr":1.630},"geometry":{"type":"Polygon","coordinates":[[[2.199302,41.558417],[2.199302,41.568996],[2.209882,41.568996],[2.209882,41.558417],[2.199302,41.558417]]]}},{"type":"Feature","properties":{"incr":1.650},"geometry":{"type":"Polygon","coordinates":[[[2.209882,41.558417],[2.209882,41.568996],[2.220461,41.568996],[2.220461,41.558417],[2.209882,41.558417]]]}},{"type":"Feature","properties":{"incr":1.687},"geometry":{"type":"Polygon","coordinates":[[[2.220461,41.558417],[2.220461,41.568996],[2.231040,41.568996],[2.231040,41.558417],[2.220461,41.558417]]]}},{"type":"Feature","properties":{"incr":1.526},"geometry":{"type":"Polygon","coordinates":[[[2.040616,41.547838],[2.040616,41.558417],[2.051195,41.558417],[2.051195,41.547838],[2.040616,41.547838]]]}},{"type":"Feature","properties":{"incr":1.528},"geometry":{"type":"Polygon","coordinates":[[[2.051195,41.547838],[2.051195,41.558417],[2.061774,41.558417],[2.061774,41.547838],[2.051195,41.547838]]]}},{"type":"Feature","properties":{"incr":1.573},"geometry":{"type":"Polygon","coordinates":[[[2.061774,41.547838],[2.061774,41.558417],[2.072353,41.558417],[2.072353,41.547838],[2.061774,41.547838]]]}},{"type":"Feature","properties":{"incr":1.710},"geometry":{"type":"Polygon","coordinates":[[[2.231040,41.558417],[2.231040,41.568996],[2.241619,41.568996],[2.241619,41.558417],[2.231040,41.558417]]]}},{"type":"Feature","properties":{"incr":1.754},"geometry":{"type":"Polygon","coordinates":[[[2.241619,41.558417],[2.241619,41.568996],[2.252198,41.568996],[2.252198,41.558417],[2.241619,41.558417]]]}},{"type":"Feature","properties":{"incr":1.804},"geometry":{"type":"Polygon","coordinates":[[[2.252198,41.558417],[2.252198,41.568996],[2.262777,41.568996],[2.262777,41.558417],[2.252198,41.558417]]]}},{"type":"Feature","properties":{"incr":1.623},"geometry":{"type":"Polygon","coordinates":[[[2.072353,41.547838],[2.072353,41.558417],[2.082932,41.558417],[2.082932,41.547838],[2.072353,41.547838]]]}},{"type":"Feature","properties":{"incr":1.678},"geometry":{"type":"Polygon","coordinates":[[[2.082932,41.547838],[2.082932,41.558417],[2.093511,41.558417],[2.093511,41.547838],[2.082932,41.547838]]]}},{"type":"Feature","properties":{"incr":1.736},"geometry":{"type":"Polygon","coordinates":[[[2.093511,41.547838],[2.093511,41.558417],[2.104090,41.558417],[2.104090,41.547838],[2.093511,41.547838]]]}},{"type":"Feature","properties":{"incr":1.849},"geometry":{"type":"Polygon","coordinates":[[[2.262777,41.558417],[2.262777,41.568996],[2.273356,41.568996],[2.273356,41.558417],[2.262777,41.558417]]]}},{"type":"Feature","properties":{"incr":1.916},"geometry":{"type":"Polygon","coordinates":[[[2.273356,41.558417],[2.273356,41.568996],[2.283935,41.568996],[2.283935,41.558417],[2.273356,41.558417]]]}},{"type":"Feature","properties":{"incr":1.967},"geometry":{"type":"Polygon","coordinates":[[[2.283935,41.558417],[2.283935,41.568996],[2.294514,41.568996],[2.294514,41.558417],[2.283935,41.558417]]]}},{"type":"Feature","properties":{"incr":1.735},"geometry":{"type":"Polygon","coordinates":[[[2.104090,41.547838],[2.104090,41.558417],[2.114670,41.558417],[2.114670,41.547838],[2.104090,41.547838]]]}},{"type":"Feature","properties":{"incr":1.712},"geometry":{"type":"Polygon","coordinates":[[[2.114670,41.547838],[2.114670,41.558417],[2.125249,41.558417],[2.125249,41.547838],[2.114670,41.547838]]]}},{"type":"Feature","properties":{"incr":1.702},"geometry":{"type":"Polygon","coordinates":[[[2.125249,41.547838],[2.125249,41.558417],[2.135828,41.558417],[2.135828,41.547838],[2.125249,41.547838]]]}},{"type":"Feature","properties":{"incr":1.981},"geometry":{"type":"Polygon","coordinates":[[[2.294514,41.558417],[2.294514,41.568996],[2.305094,41.568996],[2.305094,41.558417],[2.294514,41.558417]]]}},{"type":"Feature","properties":{"incr":1.958},"geometry":{"type":"Polygon","coordinates":[[[2.305094,41.558417],[2.305094,41.568996],[2.315673,41.568996],[2.315673,41.558417],[2.305094,41.558417]]]}},{"type":"Feature","properties":{"incr":1.918},"geometry":{"type":"Polygon","coordinates":[[[2.315673,41.558417],[2.315673,41.568996],[2.326252,41.568996],[2.326252,41.558417],[2.315673,41.558417]]]}},{"type":"Feature","properties":{"incr":1.571},"geometry":{"type":"Polygon","coordinates":[[[1.818455,41.558417],[1.818455,41.568996],[1.829034,41.568996],[1.829034,41.558417],[1.818455,41.558417]]]}},{"type":"Feature","properties":{"incr":1.602},"geometry":{"type":"Polygon","coordinates":[[[1.829034,41.558417],[1.829034,41.568996],[1.839613,41.568996],[1.839613,41.558417],[1.829034,41.558417]]]}},{"type":"Feature","properties":{"incr":1.651},"geometry":{"type":"Polygon","coordinates":[[[1.839613,41.558417],[1.839613,41.568996],[1.850192,41.568996],[1.850192,41.558417],[1.839613,41.558417]]]}},{"type":"Feature","properties":{"incr":1.690},"geometry":{"type":"Polygon","coordinates":[[[2.135828,41.547838],[2.135828,41.558417],[2.146407,41.558417],[2.146407,41.547838],[2.135828,41.547838]]]}},{"type":"Feature","properties":{"incr":1.673},"geometry":{"type":"Polygon","coordinates":[[[2.146407,41.547838],[2.146407,41.558417],[2.156986,41.558417],[2.156986,41.547838],[2.146407,41.547838]]]}},{"type":"Feature","properties":{"incr":1.660},"geometry":{"type":"Polygon","coordinates":[[[2.156986,41.547838],[2.156986,41.558417],[2.167565,41.558417],[2.167565,41.547838],[2.156986,41.547838]]]}},{"type":"Feature","properties":{"incr":1.873},"geometry":{"type":"Polygon","coordinates":[[[2.326252,41.558417],[2.326252,41.568996],[2.336831,41.568996],[2.336831,41.558417],[2.326252,41.558417]]]}},{"type":"Feature","properties":{"incr":1.673},"geometry":{"type":"Polygon","coordinates":[[[1.850192,41.558417],[1.850192,41.568996],[1.860771,41.568996],[1.860771,41.558417],[1.850192,41.558417]]]}},{"type":"Feature","properties":{"incr":1.693},"geometry":{"type":"Polygon","coordinates":[[[1.860771,41.558417],[1.860771,41.568996],[1.871350,41.568996],[1.871350,41.558417],[1.860771,41.558417]]]}},{"type":"Feature","properties":{"incr":1.651},"geometry":{"type":"Polygon","coordinates":[[[1.871350,41.558417],[1.871350,41.568996],[1.881929,41.568996],[1.881929,41.558417],[1.871350,41.558417]]]}},{"type":"Feature","properties":{"incr":1.643},"geometry":{"type":"Polygon","coordinates":[[[2.167565,41.547838],[2.167565,41.558417],[2.178144,41.558417],[2.178144,41.547838],[2.167565,41.547838]]]}},{"type":"Feature","properties":{"incr":1.641},"geometry":{"type":"Polygon","coordinates":[[[2.178144,41.547838],[2.178144,41.558417],[2.188723,41.558417],[2.188723,41.547838],[2.178144,41.547838]]]}},{"type":"Feature","properties":{"incr":1.634},"geometry":{"type":"Polygon","coordinates":[[[2.188723,41.547838],[2.188723,41.558417],[2.199302,41.558417],[2.199302,41.547838],[2.188723,41.547838]]]}},{"type":"Feature","properties":{"incr":1.687},"geometry":{"type":"Polygon","coordinates":[[[1.881929,41.558417],[1.881929,41.568996],[1.892508,41.568996],[1.892508,41.558417],[1.881929,41.558417]]]}},{"type":"Feature","properties":{"incr":1.705},"geometry":{"type":"Polygon","coordinates":[[[1.892508,41.558417],[1.892508,41.568996],[1.903087,41.568996],[1.903087,41.558417],[1.892508,41.558417]]]}},{"type":"Feature","properties":{"incr":1.676},"geometry":{"type":"Polygon","coordinates":[[[1.903087,41.558417],[1.903087,41.568996],[1.913666,41.568996],[1.913666,41.558417],[1.903087,41.558417]]]}},{"type":"Feature","properties":{"incr":1.638},"geometry":{"type":"Polygon","coordinates":[[[2.199302,41.547838],[2.199302,41.558417],[2.209882,41.558417],[2.209882,41.547838],[2.199302,41.547838]]]}},{"type":"Feature","properties":{"incr":1.652},"geometry":{"type":"Polygon","coordinates":[[[2.209882,41.547838],[2.209882,41.558417],[2.220461,41.558417],[2.220461,41.547838],[2.209882,41.547838]]]}},{"type":"Feature","properties":{"incr":1.682},"geometry":{"type":"Polygon","coordinates":[[[2.220461,41.547838],[2.220461,41.558417],[2.231040,41.558417],[2.231040,41.547838],[2.220461,41.547838]]]}},{"type":"Feature","properties":{"incr":1.632},"geometry":{"type":"Polygon","coordinates":[[[1.913666,41.558417],[1.913666,41.568996],[1.924246,41.568996],[1.924246,41.558417],[1.913666,41.558417]]]}},{"type":"Feature","properties":{"incr":1.627},"geometry":{"type":"Polygon","coordinates":[[[1.924246,41.558417],[1.924246,41.568996],[1.934825,41.568996],[1.934825,41.558417],[1.924246,41.558417]]]}},{"type":"Feature","properties":{"incr":1.616},"geometry":{"type":"Polygon","coordinates":[[[1.934825,41.558417],[1.934825,41.568996],[1.945404,41.568996],[1.945404,41.558417],[1.934825,41.558417]]]}},{"type":"Feature","properties":{"incr":1.715},"geometry":{"type":"Polygon","coordinates":[[[2.231040,41.547838],[2.231040,41.558417],[2.241619,41.558417],[2.241619,41.547838],[2.231040,41.547838]]]}},{"type":"Feature","properties":{"incr":1.771},"geometry":{"type":"Polygon","coordinates":[[[2.241619,41.547838],[2.241619,41.558417],[2.252198,41.558417],[2.252198,41.547838],[2.241619,41.547838]]]}},{"type":"Feature","properties":{"incr":1.820},"geometry":{"type":"Polygon","coordinates":[[[2.252198,41.547838],[2.252198,41.558417],[2.262777,41.558417],[2.262777,41.547838],[2.252198,41.547838]]]}},{"type":"Feature","properties":{"incr":1.609},"geometry":{"type":"Polygon","coordinates":[[[1.945404,41.558417],[1.945404,41.568996],[1.955983,41.568996],[1.955983,41.558417],[1.945404,41.558417]]]}},{"type":"Feature","properties":{"incr":1.612},"geometry":{"type":"Polygon","coordinates":[[[1.955983,41.558417],[1.955983,41.568996],[1.966562,41.568996],[1.966562,41.558417],[1.955983,41.558417]]]}},{"type":"Feature","properties":{"incr":1.608},"geometry":{"type":"Polygon","coordinates":[[[1.966562,41.558417],[1.966562,41.568996],[1.977141,41.568996],[1.977141,41.558417],[1.966562,41.558417]]]}},{"type":"Feature","properties":{"incr":1.890},"geometry":{"type":"Polygon","coordinates":[[[2.262777,41.547838],[2.262777,41.558417],[2.273356,41.558417],[2.273356,41.547838],[2.262777,41.547838]]]}},{"type":"Feature","properties":{"incr":1.973},"geometry":{"type":"Polygon","coordinates":[[[2.273356,41.547838],[2.273356,41.558417],[2.283935,41.558417],[2.283935,41.547838],[2.273356,41.547838]]]}},{"type":"Feature","properties":{"incr":2.055},"geometry":{"type":"Polygon","coordinates":[[[2.283935,41.547838],[2.283935,41.558417],[2.294514,41.558417],[2.294514,41.547838],[2.283935,41.547838]]]}},{"type":"Feature","properties":{"incr":1.626},"geometry":{"type":"Polygon","coordinates":[[[1.977141,41.558417],[1.977141,41.568996],[1.987720,41.568996],[1.987720,41.558417],[1.977141,41.558417]]]}},{"type":"Feature","properties":{"incr":1.631},"geometry":{"type":"Polygon","coordinates":[[[1.987720,41.558417],[1.987720,41.568996],[1.998299,41.568996],[1.998299,41.558417],[1.987720,41.558417]]]}},{"type":"Feature","properties":{"incr":1.636},"geometry":{"type":"Polygon","coordinates":[[[1.998299,41.558417],[1.998299,41.568996],[2.008878,41.568996],[2.008878,41.558417],[1.998299,41.558417]]]}},{"type":"Feature","properties":{"incr":1.494},"geometry":{"type":"Polygon","coordinates":[[[1.818455,41.547838],[1.818455,41.558417],[1.829034,41.558417],[1.829034,41.547838],[1.818455,41.547838]]]}},{"type":"Feature","properties":{"incr":1.544},"geometry":{"type":"Polygon","coordinates":[[[1.829034,41.547838],[1.829034,41.558417],[1.839613,41.558417],[1.839613,41.547838],[1.829034,41.547838]]]}},{"type":"Feature","properties":{"incr":1.610},"geometry":{"type":"Polygon","coordinates":[[[1.839613,41.547838],[1.839613,41.558417],[1.850192,41.558417],[1.850192,41.547838],[1.839613,41.547838]]]}},{"type":"Feature","properties":{"incr":2.122},"geometry":{"type":"Polygon","coordinates":[[[2.294514,41.547838],[2.294514,41.558417],[2.305094,41.558417],[2.305094,41.547838],[2.294514,41.547838]]]}},{"type":"Feature","properties":{"incr":2.081},"geometry":{"type":"Polygon","coordinates":[[[2.305094,41.547838],[2.305094,41.558417],[2.315673,41.558417],[2.315673,41.547838],[2.305094,41.547838]]]}},{"type":"Feature","properties":{"incr":2.010},"geometry":{"type":"Polygon","coordinates":[[[2.315673,41.547838],[2.315673,41.558417],[2.326252,41.558417],[2.326252,41.547838],[2.315673,41.547838]]]}},{"type":"Feature","properties":{"incr":1.641},"geometry":{"type":"Polygon","coordinates":[[[2.008878,41.558417],[2.008878,41.568996],[2.019458,41.568996],[2.019458,41.558417],[2.008878,41.558417]]]}},{"type":"Feature","properties":{"incr":1.620},"geometry":{"type":"Polygon","coordinates":[[[2.019458,41.558417],[2.019458,41.568996],[2.030037,41.568996],[2.030037,41.558417],[2.019458,41.558417]]]}},{"type":"Feature","properties":{"incr":1.597},"geometry":{"type":"Polygon","coordinates":[[[2.030037,41.558417],[2.030037,41.568996],[2.040616,41.568996],[2.040616,41.558417],[2.030037,41.558417]]]}},{"type":"Feature","properties":{"incr":1.645},"geometry":{"type":"Polygon","coordinates":[[[1.850192,41.547838],[1.850192,41.558417],[1.860771,41.558417],[1.860771,41.547838],[1.850192,41.547838]]]}},{"type":"Feature","properties":{"incr":1.683},"geometry":{"type":"Polygon","coordinates":[[[1.860771,41.547838],[1.860771,41.558417],[1.871350,41.558417],[1.871350,41.547838],[1.860771,41.547838]]]}},{"type":"Feature","properties":{"incr":1.652},"geometry":{"type":"Polygon","coordinates":[[[1.871350,41.547838],[1.871350,41.558417],[1.881929,41.558417],[1.881929,41.547838],[1.871350,41.547838]]]}},{"type":"Feature","properties":{"incr":1.959},"geometry":{"type":"Polygon","coordinates":[[[2.326252,41.547838],[2.326252,41.558417],[2.336831,41.558417],[2.336831,41.547838],[2.326252,41.547838]]]}},{"type":"Feature","properties":{"incr":1.581},"geometry":{"type":"Polygon","coordinates":[[[2.040616,41.558417],[2.040616,41.568996],[2.051195,41.568996],[2.051195,41.558417],[2.040616,41.558417]]]}},{"type":"Feature","properties":{"incr":1.582},"geometry":{"type":"Polygon","coordinates":[[[2.051195,41.558417],[2.051195,41.568996],[2.061774,41.568996],[2.061774,41.558417],[2.051195,41.558417]]]}},{"type":"Feature","properties":{"incr":1.614},"geometry":{"type":"Polygon","coordinates":[[[2.061774,41.558417],[2.061774,41.568996],[2.072353,41.568996],[2.072353,41.558417],[2.061774,41.558417]]]}},{"type":"Feature","properties":{"incr":1.655},"geometry":{"type":"Polygon","coordinates":[[[1.881929,41.547838],[1.881929,41.558417],[1.892508,41.558417],[1.892508,41.547838],[1.881929,41.547838]]]}},{"type":"Feature","properties":{"incr":1.656},"geometry":{"type":"Polygon","coordinates":[[[1.892508,41.547838],[1.892508,41.558417],[1.903087,41.558417],[1.903087,41.547838],[1.892508,41.547838]]]}},{"type":"Feature","properties":{"incr":1.638},"geometry":{"type":"Polygon","coordinates":[[[1.903087,41.547838],[1.903087,41.558417],[1.913666,41.558417],[1.913666,41.547838],[1.903087,41.547838]]]}},{"type":"Feature","properties":{"incr":1.648},"geometry":{"type":"Polygon","coordinates":[[[2.072353,41.558417],[2.072353,41.568996],[2.082932,41.568996],[2.082932,41.558417],[2.072353,41.558417]]]}},{"type":"Feature","properties":{"incr":1.677},"geometry":{"type":"Polygon","coordinates":[[[2.082932,41.558417],[2.082932,41.568996],[2.093511,41.568996],[2.093511,41.558417],[2.082932,41.558417]]]}},{"type":"Feature","properties":{"incr":1.695},"geometry":{"type":"Polygon","coordinates":[[[2.093511,41.558417],[2.093511,41.568996],[2.104090,41.568996],[2.104090,41.558417],[2.093511,41.558417]]]}},{"type":"Feature","properties":{"incr":1.610},"geometry":{"type":"Polygon","coordinates":[[[1.913666,41.547838],[1.913666,41.558417],[1.924246,41.558417],[1.924246,41.547838],[1.913666,41.547838]]]}},{"type":"Feature","properties":{"incr":1.600},"geometry":{"type":"Polygon","coordinates":[[[1.924246,41.547838],[1.924246,41.558417],[1.934825,41.558417],[1.934825,41.547838],[1.924246,41.547838]]]}},{"type":"Feature","properties":{"incr":1.588},"geometry":{"type":"Polygon","coordinates":[[[1.934825,41.547838],[1.934825,41.558417],[1.945404,41.558417],[1.945404,41.547838],[1.934825,41.547838]]]}},{"type":"Feature","properties":{"incr":1.709},"geometry":{"type":"Polygon","coordinates":[[[2.104090,41.558417],[2.104090,41.568996],[2.114670,41.568996],[2.114670,41.558417],[2.104090,41.558417]]]}},{"type":"Feature","properties":{"incr":1.693},"geometry":{"type":"Polygon","coordinates":[[[2.114670,41.558417],[2.114670,41.568996],[2.125249,41.568996],[2.125249,41.558417],[2.114670,41.558417]]]}},{"type":"Feature","properties":{"incr":1.685},"geometry":{"type":"Polygon","coordinates":[[[2.125249,41.558417],[2.125249,41.568996],[2.135828,41.568996],[2.135828,41.558417],[2.125249,41.558417]]]}},{"type":"Feature","properties":{"incr":1.582},"geometry":{"type":"Polygon","coordinates":[[[1.945404,41.547838],[1.945404,41.558417],[1.955983,41.558417],[1.955983,41.547838],[1.945404,41.547838]]]}},{"type":"Feature","properties":{"incr":1.583},"geometry":{"type":"Polygon","coordinates":[[[1.955983,41.547838],[1.955983,41.558417],[1.966562,41.558417],[1.966562,41.547838],[1.955983,41.547838]]]}},{"type":"Feature","properties":{"incr":1.578},"geometry":{"type":"Polygon","coordinates":[[[1.966562,41.547838],[1.966562,41.558417],[1.977141,41.558417],[1.977141,41.547838],[1.966562,41.547838]]]}},{"type":"Feature","properties":{"incr":1.703},"geometry":{"type":"Polygon","coordinates":[[[1.818455,41.568996],[1.818455,41.579576],[1.829034,41.579576],[1.829034,41.568996],[1.818455,41.568996]]]}},{"type":"Feature","properties":{"incr":1.737},"geometry":{"type":"Polygon","coordinates":[[[1.829034,41.568996],[1.829034,41.579576],[1.839613,41.579576],[1.839613,41.568996],[1.829034,41.568996]]]}},{"type":"Feature","properties":{"incr":1.696},"geometry":{"type":"Polygon","coordinates":[[[1.839613,41.568996],[1.839613,41.579576],[1.850192,41.579576],[1.850192,41.568996],[1.839613,41.568996]]]}},{"type":"Feature","properties":{"incr":1.676},"geometry":{"type":"Polygon","coordinates":[[[2.135828,41.558417],[2.135828,41.568996],[2.146407,41.568996],[2.146407,41.558417],[2.135828,41.558417]]]}},{"type":"Feature","properties":{"incr":1.660},"geometry":{"type":"Polygon","coordinates":[[[2.146407,41.558417],[2.146407,41.568996],[2.156986,41.568996],[2.156986,41.558417],[2.146407,41.558417]]]}},{"type":"Feature","properties":{"incr":1.648},"geometry":{"type":"Polygon","coordinates":[[[2.156986,41.558417],[2.156986,41.568996],[2.167565,41.568996],[2.167565,41.558417],[2.156986,41.558417]]]}},{"type":"Feature","properties":{"incr":1.592},"geometry":{"type":"Polygon","coordinates":[[[1.977141,41.547838],[1.977141,41.558417],[1.987720,41.558417],[1.987720,41.547838],[1.977141,41.547838]]]}},{"type":"Feature","properties":{"incr":1.586},"geometry":{"type":"Polygon","coordinates":[[[1.987720,41.547838],[1.987720,41.558417],[1.998299,41.558417],[1.998299,41.547838],[1.987720,41.547838]]]}},{"type":"Feature","properties":{"incr":1.579},"geometry":{"type":"Polygon","coordinates":[[[1.998299,41.547838],[1.998299,41.558417],[2.008878,41.558417],[2.008878,41.547838],[1.998299,41.547838]]]}},{"type":"Feature","properties":{"incr":1.668},"geometry":{"type":"Polygon","coordinates":[[[1.850192,41.568996],[1.850192,41.579576],[1.860771,41.579576],[1.860771,41.568996],[1.850192,41.568996]]]}},{"type":"Feature","properties":{"incr":1.670},"geometry":{"type":"Polygon","coordinates":[[[1.860771,41.568996],[1.860771,41.579576],[1.871350,41.579576],[1.871350,41.568996],[1.860771,41.568996]]]}},{"type":"Feature","properties":{"incr":1.685},"geometry":{"type":"Polygon","coordinates":[[[1.871350,41.568996],[1.871350,41.579576],[1.881929,41.579576],[1.881929,41.568996],[1.871350,41.568996]]]}},{"type":"Feature","properties":{"incr":1.632},"geometry":{"type":"Polygon","coordinates":[[[2.167565,41.558417],[2.167565,41.568996],[2.178144,41.568996],[2.178144,41.558417],[2.167565,41.558417]]]}},{"type":"Feature","properties":{"incr":1.632},"geometry":{"type":"Polygon","coordinates":[[[2.178144,41.558417],[2.178144,41.568996],[2.188723,41.568996],[2.188723,41.558417],[2.178144,41.558417]]]}},{"type":"Feature","properties":{"incr":1.631},"geometry":{"type":"Polygon","coordinates":[[[2.188723,41.558417],[2.188723,41.568996],[2.199302,41.568996],[2.199302,41.558417],[2.188723,41.558417]]]}},{"type":"Feature","properties":{"incr":1.672},"geometry":{"type":"Polygon","coordinates":[[[1.881929,41.590155],[1.881929,41.600734],[1.892508,41.600734],[1.892508,41.590155],[1.881929,41.590155]]]}},{"type":"Feature","properties":{"incr":1.650},"geometry":{"type":"Polygon","coordinates":[[[1.892508,41.590155],[1.892508,41.600734],[1.903087,41.600734],[1.903087,41.590155],[1.892508,41.590155]]]}},{"type":"Feature","properties":{"incr":1.634},"geometry":{"type":"Polygon","coordinates":[[[1.903087,41.590155],[1.903087,41.600734],[1.913666,41.600734],[1.913666,41.590155],[1.903087,41.590155]]]}},{"type":"Feature","properties":{"incr":1.640},"geometry":{"type":"Polygon","coordinates":[[[1.945404,41.568996],[1.945404,41.579576],[1.955983,41.579576],[1.955983,41.568996],[1.945404,41.568996]]]}},{"type":"Feature","properties":{"incr":1.649},"geometry":{"type":"Polygon","coordinates":[[[1.955983,41.568996],[1.955983,41.579576],[1.966562,41.579576],[1.966562,41.568996],[1.955983,41.568996]]]}},{"type":"Feature","properties":{"incr":1.642},"geometry":{"type":"Polygon","coordinates":[[[1.966562,41.568996],[1.966562,41.579576],[1.977141,41.579576],[1.977141,41.568996],[1.966562,41.568996]]]}},{"type":"Feature","properties":{"incr":1.612},"geometry":{"type":"Polygon","coordinates":[[[2.199302,41.579576],[2.199302,41.590155],[2.209882,41.590155],[2.209882,41.579576],[2.199302,41.579576]]]}},{"type":"Feature","properties":{"incr":1.614},"geometry":{"type":"Polygon","coordinates":[[[2.209882,41.579576],[2.209882,41.590155],[2.220461,41.590155],[2.220461,41.579576],[2.209882,41.579576]]]}},{"type":"Feature","properties":{"incr":1.626},"geometry":{"type":"Polygon","coordinates":[[[2.220461,41.579576],[2.220461,41.590155],[2.231040,41.590155],[2.231040,41.579576],[2.220461,41.579576]]]}},{"type":"Feature","properties":{"incr":1.633},"geometry":{"type":"Polygon","coordinates":[[[1.913666,41.590155],[1.913666,41.600734],[1.924246,41.600734],[1.924246,41.590155],[1.913666,41.590155]]]}},{"type":"Feature","properties":{"incr":1.654},"geometry":{"type":"Polygon","coordinates":[[[1.924246,41.590155],[1.924246,41.600734],[1.934825,41.600734],[1.934825,41.590155],[1.924246,41.590155]]]}},{"type":"Feature","properties":{"incr":1.686},"geometry":{"type":"Polygon","coordinates":[[[1.934825,41.590155],[1.934825,41.600734],[1.945404,41.600734],[1.945404,41.590155],[1.934825,41.590155]]]}},{"type":"Feature","properties":{"incr":1.660},"geometry":{"type":"Polygon","coordinates":[[[1.977141,41.568996],[1.977141,41.579576],[1.987720,41.579576],[1.987720,41.568996],[1.977141,41.568996]]]}},{"type":"Feature","properties":{"incr":1.672},"geometry":{"type":"Polygon","coordinates":[[[1.987720,41.568996],[1.987720,41.579576],[1.998299,41.579576],[1.998299,41.568996],[1.987720,41.568996]]]}},{"type":"Feature","properties":{"incr":1.685},"geometry":{"type":"Polygon","coordinates":[[[1.998299,41.568996],[1.998299,41.579576],[2.008878,41.579576],[2.008878,41.568996],[1.998299,41.568996]]]}},{"type":"Feature","properties":{"incr":1.654},"geometry":{"type":"Polygon","coordinates":[[[2.231040,41.579576],[2.231040,41.590155],[2.241619,41.590155],[2.241619,41.579576],[2.231040,41.579576]]]}},{"type":"Feature","properties":{"incr":1.683},"geometry":{"type":"Polygon","coordinates":[[[2.241619,41.579576],[2.241619,41.590155],[2.252198,41.590155],[2.252198,41.579576],[2.241619,41.579576]]]}},{"type":"Feature","properties":{"incr":1.724},"geometry":{"type":"Polygon","coordinates":[[[2.252198,41.579576],[2.252198,41.590155],[2.262777,41.590155],[2.262777,41.579576],[2.252198,41.579576]]]}},{"type":"Feature","properties":{"incr":1.729},"geometry":{"type":"Polygon","coordinates":[[[1.945404,41.590155],[1.945404,41.600734],[1.955983,41.600734],[1.955983,41.590155],[1.945404,41.590155]]]}},{"type":"Feature","properties":{"incr":1.745},"geometry":{"type":"Polygon","coordinates":[[[1.955983,41.590155],[1.955983,41.600734],[1.966562,41.600734],[1.966562,41.590155],[1.955983,41.590155]]]}},{"type":"Feature","properties":{"incr":1.718},"geometry":{"type":"Polygon","coordinates":[[[1.966562,41.590155],[1.966562,41.600734],[1.977141,41.600734],[1.977141,41.590155],[1.966562,41.590155]]]}},{"type":"Feature","properties":{"incr":1.710},"geometry":{"type":"Polygon","coordinates":[[[2.008878,41.568996],[2.008878,41.579576],[2.019458,41.579576],[2.019458,41.568996],[2.008878,41.568996]]]}},{"type":"Feature","properties":{"incr":1.701},"geometry":{"type":"Polygon","coordinates":[[[2.019458,41.568996],[2.019458,41.579576],[2.030037,41.579576],[2.030037,41.568996],[2.019458,41.568996]]]}},{"type":"Feature","properties":{"incr":1.652},"geometry":{"type":"Polygon","coordinates":[[[2.030037,41.568996],[2.030037,41.579576],[2.040616,41.579576],[2.040616,41.568996],[2.030037,41.568996]]]}},{"type":"Feature","properties":{"incr":1.741},"geometry":{"type":"Polygon","coordinates":[[[2.262777,41.579576],[2.262777,41.590155],[2.273356,41.590155],[2.273356,41.579576],[2.262777,41.579576]]]}},{"type":"Feature","properties":{"incr":1.750},"geometry":{"type":"Polygon","coordinates":[[[2.273356,41.579576],[2.273356,41.590155],[2.283935,41.590155],[2.283935,41.579576],[2.273356,41.579576]]]}},{"type":"Feature","properties":{"incr":1.764},"geometry":{"type":"Polygon","coordinates":[[[2.283935,41.579576],[2.283935,41.590155],[2.294514,41.590155],[2.294514,41.579576],[2.283935,41.579576]]]}},{"type":"Feature","properties":{"incr":1.764},"geometry":{"type":"Polygon","coordinates":[[[1.977141,41.590155],[1.977141,41.600734],[1.987720,41.600734],[1.987720,41.590155],[1.977141,41.590155]]]}},{"type":"Feature","properties":{"incr":1.765},"geometry":{"type":"Polygon","coordinates":[[[1.987720,41.590155],[1.987720,41.600734],[1.998299,41.600734],[1.998299,41.590155],[1.987720,41.590155]]]}},{"type":"Feature","properties":{"incr":1.776},"geometry":{"type":"Polygon","coordinates":[[[1.998299,41.590155],[1.998299,41.600734],[2.008878,41.600734],[2.008878,41.590155],[1.998299,41.590155]]]}},{"type":"Feature","properties":{"incr":1.626},"geometry":{"type":"Polygon","coordinates":[[[2.040616,41.568996],[2.040616,41.579576],[2.051195,41.579576],[2.051195,41.568996],[2.040616,41.568996]]]}},{"type":"Feature","properties":{"incr":1.617},"geometry":{"type":"Polygon","coordinates":[[[2.051195,41.568996],[2.051195,41.579576],[2.061774,41.579576],[2.061774,41.568996],[2.051195,41.568996]]]}},{"type":"Feature","properties":{"incr":1.624},"geometry":{"type":"Polygon","coordinates":[[[2.061774,41.568996],[2.061774,41.579576],[2.072353,41.579576],[2.072353,41.568996],[2.061774,41.568996]]]}},{"type":"Feature","properties":{"incr":1.949},"geometry":{"type":"Polygon","coordinates":[[[1.818455,41.579576],[1.818455,41.590155],[1.829034,41.590155],[1.829034,41.579576],[1.818455,41.579576]]]}},{"type":"Feature","properties":{"incr":1.869},"geometry":{"type":"Polygon","coordinates":[[[1.829034,41.579576],[1.829034,41.590155],[1.839613,41.590155],[1.839613,41.579576],[1.829034,41.579576]]]}},{"type":"Feature","properties":{"incr":1.730},"geometry":{"type":"Polygon","coordinates":[[[1.839613,41.579576],[1.839613,41.590155],[1.850192,41.590155],[1.850192,41.579576],[1.839613,41.579576]]]}},{"type":"Feature","properties":{"incr":1.764},"geometry":{"type":"Polygon","coordinates":[[[2.294514,41.579576],[2.294514,41.590155],[2.305094,41.590155],[2.305094,41.579576],[2.294514,41.579576]]]}},{"type":"Feature","properties":{"incr":1.744},"geometry":{"type":"Polygon","coordinates":[[[2.305094,41.579576],[2.305094,41.590155],[2.315673,41.590155],[2.315673,41.579576],[2.305094,41.579576]]]}},{"type":"Feature","properties":{"incr":1.727},"geometry":{"type":"Polygon","coordinates":[[[2.315673,41.579576],[2.315673,41.590155],[2.326252,41.590155],[2.326252,41.579576],[2.315673,41.579576]]]}},{"type":"Feature","properties":{"incr":1.601},"geometry":{"type":"Polygon","coordinates":[[[2.135828,41.590155],[2.135828,41.600734],[2.146407,41.600734],[2.146407,41.590155],[2.135828,41.590155]]]}},{"type":"Feature","properties":{"incr":1.599},"geometry":{"type":"Polygon","coordinates":[[[2.146407,41.590155],[2.146407,41.600734],[2.156986,41.600734],[2.156986,41.590155],[2.146407,41.590155]]]}},{"type":"Feature","properties":{"incr":1.600},"geometry":{"type":"Polygon","coordinates":[[[2.156986,41.590155],[2.156986,41.600734],[2.167565,41.600734],[2.167565,41.590155],[2.156986,41.590155]]]}},{"type":"Feature","properties":{"incr":1.634},"geometry":{"type":"Polygon","coordinates":[[[2.072353,41.568996],[2.072353,41.579576],[2.082932,41.579576],[2.082932,41.568996],[2.072353,41.568996]]]}},{"type":"Feature","properties":{"incr":1.636},"geometry":{"type":"Polygon","coordinates":[[[2.082932,41.568996],[2.082932,41.579576],[2.093511,41.579576],[2.093511,41.568996],[2.082932,41.568996]]]}},{"type":"Feature","properties":{"incr":1.661},"geometry":{"type":"Polygon","coordinates":[[[2.093511,41.568996],[2.093511,41.579576],[2.104090,41.579576],[2.104090,41.568996],[2.093511,41.568996]]]}},{"type":"Feature","properties":{"incr":1.771},"geometry":{"type":"Polygon","coordinates":[[[1.850192,41.579576],[1.850192,41.590155],[1.860771,41.590155],[1.860771,41.579576],[1.850192,41.579576]]]}},{"type":"Feature","properties":{"incr":1.752},"geometry":{"type":"Polygon","coordinates":[[[1.860771,41.579576],[1.860771,41.590155],[1.871350,41.590155],[1.871350,41.579576],[1.860771,41.579576]]]}},{"type":"Feature","properties":{"incr":1.734},"geometry":{"type":"Polygon","coordinates":[[[1.871350,41.579576],[1.871350,41.590155],[1.881929,41.590155],[1.881929,41.579576],[1.871350,41.579576]]]}},{"type":"Feature","properties":{"incr":1.707},"geometry":{"type":"Polygon","coordinates":[[[2.326252,41.579576],[2.326252,41.590155],[2.336831,41.590155],[2.336831,41.579576],[2.326252,41.579576]]]}},{"type":"Feature","properties":{"incr":1.601},"geometry":{"type":"Polygon","coordinates":[[[2.167565,41.590155],[2.167565,41.600734],[2.178144,41.600734],[2.178144,41.590155],[2.167565,41.590155]]]}},{"type":"Feature","properties":{"incr":1.615},"geometry":{"type":"Polygon","coordinates":[[[2.178144,41.590155],[2.178144,41.600734],[2.188723,41.600734],[2.188723,41.590155],[2.178144,41.590155]]]}},{"type":"Feature","properties":{"incr":1.607},"geometry":{"type":"Polygon","coordinates":[[[2.188723,41.590155],[2.188723,41.600734],[2.199302,41.600734],[2.199302,41.590155],[2.188723,41.590155]]]}},{"type":"Feature","properties":{"incr":1.663},"geometry":{"type":"Polygon","coordinates":[[[2.104090,41.568996],[2.104090,41.579576],[2.114670,41.579576],[2.114670,41.568996],[2.104090,41.568996]]]}},{"type":"Feature","properties":{"incr":1.665},"geometry":{"type":"Polygon","coordinates":[[[2.114670,41.568996],[2.114670,41.579576],[2.125249,41.579576],[2.125249,41.568996],[2.114670,41.568996]]]}},{"type":"Feature","properties":{"incr":1.654},"geometry":{"type":"Polygon","coordinates":[[[2.125249,41.568996],[2.125249,41.579576],[2.135828,41.579576],[2.135828,41.568996],[2.125249,41.568996]]]}},{"type":"Feature","properties":{"incr":1.722},"geometry":{"type":"Polygon","coordinates":[[[1.881929,41.579576],[1.881929,41.590155],[1.892508,41.590155],[1.892508,41.579576],[1.881929,41.579576]]]}},{"type":"Feature","properties":{"incr":1.669},"geometry":{"type":"Polygon","coordinates":[[[1.892508,41.579576],[1.892508,41.590155],[1.903087,41.590155],[1.903087,41.579576],[1.892508,41.579576]]]}},{"type":"Feature","properties":{"incr":1.637},"geometry":{"type":"Polygon","coordinates":[[[1.903087,41.579576],[1.903087,41.590155],[1.913666,41.590155],[1.913666,41.579576],[1.903087,41.579576]]]}},{"type":"Feature","properties":{"incr":1.672},"geometry":{"type":"Polygon","coordinates":[[[2.040616,41.590155],[2.040616,41.600734],[2.051195,41.600734],[2.051195,41.590155],[2.040616,41.590155]]]}},{"type":"Feature","properties":{"incr":1.631},"geometry":{"type":"Polygon","coordinates":[[[2.051195,41.590155],[2.051195,41.600734],[2.061774,41.600734],[2.061774,41.590155],[2.051195,41.590155]]]}},{"type":"Feature","properties":{"incr":1.567},"geometry":{"type":"Polygon","coordinates":[[[2.061774,41.590155],[2.061774,41.600734],[2.072353,41.600734],[2.072353,41.590155],[2.061774,41.590155]]]}},{"type":"Feature","properties":{"incr":1.654},"geometry":{"type":"Polygon","coordinates":[[[2.135828,41.568996],[2.135828,41.579576],[2.146407,41.579576],[2.146407,41.568996],[2.135828,41.568996]]]}},{"type":"Feature","properties":{"incr":1.642},"geometry":{"type":"Polygon","coordinates":[[[2.146407,41.568996],[2.146407,41.579576],[2.156986,41.579576],[2.156986,41.568996],[2.146407,41.568996]]]}},{"type":"Feature","properties":{"incr":1.631},"geometry":{"type":"Polygon","coordinates":[[[2.156986,41.568996],[2.156986,41.579576],[2.167565,41.579576],[2.167565,41.568996],[2.156986,41.568996]]]}},{"type":"Feature","properties":{"incr":1.614},"geometry":{"type":"Polygon","coordinates":[[[1.913666,41.579576],[1.913666,41.590155],[1.924246,41.590155],[1.924246,41.579576],[1.913666,41.579576]]]}},{"type":"Feature","properties":{"incr":1.641},"geometry":{"type":"Polygon","coordinates":[[[1.924246,41.579576],[1.924246,41.590155],[1.934825,41.590155],[1.934825,41.579576],[1.924246,41.579576]]]}},{"type":"Feature","properties":{"incr":1.661},"geometry":{"type":"Polygon","coordinates":[[[1.934825,41.579576],[1.934825,41.590155],[1.945404,41.590155],[1.945404,41.579576],[1.934825,41.579576]]]}},{"type":"Feature","properties":{"incr":1.665},"geometry":{"type":"Polygon","coordinates":[[[2.294514,41.590155],[2.294514,41.600734],[2.305094,41.600734],[2.305094,41.590155],[2.294514,41.590155]]]}},{"type":"Feature","properties":{"incr":1.658},"geometry":{"type":"Polygon","coordinates":[[[2.305094,41.590155],[2.305094,41.600734],[2.315673,41.600734],[2.315673,41.590155],[2.305094,41.590155]]]}},{"type":"Feature","properties":{"incr":1.661},"geometry":{"type":"Polygon","coordinates":[[[2.315673,41.590155],[2.315673,41.600734],[2.326252,41.600734],[2.326252,41.590155],[2.315673,41.590155]]]}},{"type":"Feature","properties":{"incr":1.620},"geometry":{"type":"Polygon","coordinates":[[[2.167565,41.568996],[2.167565,41.579576],[2.178144,41.579576],[2.178144,41.568996],[2.167565,41.568996]]]}},{"type":"Feature","properties":{"incr":1.623},"geometry":{"type":"Polygon","coordinates":[[[2.178144,41.568996],[2.178144,41.579576],[2.188723,41.579576],[2.188723,41.568996],[2.178144,41.568996]]]}},{"type":"Feature","properties":{"incr":1.622},"geometry":{"type":"Polygon","coordinates":[[[2.188723,41.568996],[2.188723,41.579576],[2.199302,41.579576],[2.199302,41.568996],[2.188723,41.568996]]]}},{"type":"Feature","properties":{"incr":1.665},"geometry":{"type":"Polygon","coordinates":[[[1.945404,41.579576],[1.945404,41.590155],[1.955983,41.590155],[1.955983,41.579576],[1.945404,41.579576]]]}},{"type":"Feature","properties":{"incr":1.678},"geometry":{"type":"Polygon","coordinates":[[[1.955983,41.579576],[1.955983,41.590155],[1.966562,41.590155],[1.966562,41.579576],[1.955983,41.579576]]]}},{"type":"Feature","properties":{"incr":1.685},"geometry":{"type":"Polygon","coordinates":[[[1.966562,41.579576],[1.966562,41.590155],[1.977141,41.590155],[1.977141,41.579576],[1.966562,41.579576]]]}},{"type":"Feature","properties":{"incr":1.649},"geometry":{"type":"Polygon","coordinates":[[[2.231040,41.590155],[2.231040,41.600734],[2.241619,41.600734],[2.241619,41.590155],[2.231040,41.590155]]]}},{"type":"Feature","properties":{"incr":1.659},"geometry":{"type":"Polygon","coordinates":[[[2.241619,41.590155],[2.241619,41.600734],[2.252198,41.600734],[2.252198,41.590155],[2.241619,41.590155]]]}},{"type":"Feature","properties":{"incr":1.688},"geometry":{"type":"Polygon","coordinates":[[[2.252198,41.590155],[2.252198,41.600734],[2.262777,41.600734],[2.262777,41.590155],[2.252198,41.590155]]]}},{"type":"Feature","properties":{"incr":1.618},"geometry":{"type":"Polygon","coordinates":[[[2.199302,41.568996],[2.199302,41.579576],[2.209882,41.579576],[2.209882,41.568996],[2.199302,41.568996]]]}},{"type":"Feature","properties":{"incr":1.631},"geometry":{"type":"Polygon","coordinates":[[[2.209882,41.568996],[2.209882,41.579576],[2.220461,41.579576],[2.220461,41.568996],[2.209882,41.568996]]]}},{"type":"Feature","properties":{"incr":1.657},"geometry":{"type":"Polygon","coordinates":[[[2.220461,41.568996],[2.220461,41.579576],[2.231040,41.579576],[2.231040,41.568996],[2.220461,41.568996]]]}},{"type":"Feature","properties":{"incr":1.683},"geometry":{"type":"Polygon","coordinates":[[[1.977141,41.579576],[1.977141,41.590155],[1.987720,41.590155],[1.987720,41.579576],[1.977141,41.579576]]]}},{"type":"Feature","properties":{"incr":1.700},"geometry":{"type":"Polygon","coordinates":[[[1.987720,41.579576],[1.987720,41.590155],[1.998299,41.590155],[1.998299,41.579576],[1.987720,41.579576]]]}},{"type":"Feature","properties":{"incr":1.715},"geometry":{"type":"Polygon","coordinates":[[[1.998299,41.579576],[1.998299,41.590155],[2.008878,41.590155],[2.008878,41.579576],[1.998299,41.579576]]]}},{"type":"Feature","properties":{"incr":1.535},"geometry":{"type":"Polygon","coordinates":[[[2.072353,41.590155],[2.072353,41.600734],[2.082932,41.600734],[2.082932,41.590155],[2.072353,41.590155]]]}},{"type":"Feature","properties":{"incr":1.543},"geometry":{"type":"Polygon","coordinates":[[[2.082932,41.590155],[2.082932,41.600734],[2.093511,41.600734],[2.093511,41.590155],[2.082932,41.590155]]]}},{"type":"Feature","properties":{"incr":1.555},"geometry":{"type":"Polygon","coordinates":[[[2.093511,41.590155],[2.093511,41.600734],[2.104090,41.600734],[2.104090,41.590155],[2.093511,41.590155]]]}},{"type":"Feature","properties":{"incr":1.683},"geometry":{"type":"Polygon","coordinates":[[[2.231040,41.568996],[2.231040,41.579576],[2.241619,41.579576],[2.241619,41.568996],[2.231040,41.568996]]]}},{"type":"Feature","properties":{"incr":1.719},"geometry":{"type":"Polygon","coordinates":[[[2.241619,41.568996],[2.241619,41.579576],[2.252198,41.579576],[2.252198,41.568996],[2.241619,41.568996]]]}},{"type":"Feature","properties":{"incr":1.768},"geometry":{"type":"Polygon","coordinates":[[[2.252198,41.568996],[2.252198,41.579576],[2.262777,41.579576],[2.262777,41.568996],[2.252198,41.568996]]]}},{"type":"Feature","properties":{"incr":1.730},"geometry":{"type":"Polygon","coordinates":[[[2.008878,41.579576],[2.008878,41.590155],[2.019458,41.590155],[2.019458,41.579576],[2.008878,41.579576]]]}},{"type":"Feature","properties":{"incr":1.714},"geometry":{"type":"Polygon","coordinates":[[[2.019458,41.579576],[2.019458,41.590155],[2.030037,41.590155],[2.030037,41.579576],[2.019458,41.579576]]]}},{"type":"Feature","properties":{"incr":1.678},"geometry":{"type":"Polygon","coordinates":[[[2.030037,41.579576],[2.030037,41.590155],[2.040616,41.590155],[2.040616,41.579576],[2.030037,41.579576]]]}},{"type":"Feature","properties":{"incr":1.648},"geometry":{"type":"Polygon","coordinates":[[[2.326252,41.590155],[2.326252,41.600734],[2.336831,41.600734],[2.336831,41.590155],[2.326252,41.590155]]]}},{"type":"Feature","properties":{"incr":1.796},"geometry":{"type":"Polygon","coordinates":[[[2.262777,41.568996],[2.262777,41.579576],[2.273356,41.579576],[2.273356,41.568996],[2.262777,41.568996]]]}},{"type":"Feature","properties":{"incr":1.832},"geometry":{"type":"Polygon","coordinates":[[[2.273356,41.568996],[2.273356,41.579576],[2.283935,41.579576],[2.283935,41.568996],[2.273356,41.568996]]]}},{"type":"Feature","properties":{"incr":1.864},"geometry":{"type":"Polygon","coordinates":[[[2.283935,41.568996],[2.283935,41.579576],[2.294514,41.579576],[2.294514,41.568996],[2.283935,41.568996]]]}},{"type":"Feature","properties":{"incr":1.648},"geometry":{"type":"Polygon","coordinates":[[[2.040616,41.579576],[2.040616,41.590155],[2.051195,41.590155],[2.051195,41.579576],[2.040616,41.579576]]]}},{"type":"Feature","properties":{"incr":1.620},"geometry":{"type":"Polygon","coordinates":[[[2.051195,41.579576],[2.051195,41.590155],[2.061774,41.590155],[2.061774,41.579576],[2.051195,41.579576]]]}},{"type":"Feature","properties":{"incr":1.599},"geometry":{"type":"Polygon","coordinates":[[[2.061774,41.579576],[2.061774,41.590155],[2.072353,41.590155],[2.072353,41.579576],[2.061774,41.579576]]]}},{"type":"Feature","properties":{"incr":1.693},"geometry":{"type":"Polygon","coordinates":[[[2.262777,41.590155],[2.262777,41.600734],[2.273356,41.600734],[2.273356,41.590155],[2.262777,41.590155]]]}},{"type":"Feature","properties":{"incr":1.680},"geometry":{"type":"Polygon","coordinates":[[[2.273356,41.590155],[2.273356,41.600734],[2.283935,41.600734],[2.283935,41.590155],[2.273356,41.590155]]]}},{"type":"Feature","properties":{"incr":1.673},"geometry":{"type":"Polygon","coordinates":[[[2.283935,41.590155],[2.283935,41.600734],[2.294514,41.600734],[2.294514,41.590155],[2.283935,41.590155]]]}},{"type":"Feature","properties":{"incr":1.869},"geometry":{"type":"Polygon","coordinates":[[[2.294514,41.568996],[2.294514,41.579576],[2.305094,41.579576],[2.305094,41.568996],[2.294514,41.568996]]]}},{"type":"Feature","properties":{"incr":1.847},"geometry":{"type":"Polygon","coordinates":[[[2.305094,41.568996],[2.305094,41.579576],[2.315673,41.579576],[2.315673,41.568996],[2.305094,41.568996]]]}},{"type":"Feature","properties":{"incr":1.810},"geometry":{"type":"Polygon","coordinates":[[[2.315673,41.568996],[2.315673,41.579576],[2.326252,41.579576],[2.326252,41.568996],[2.315673,41.568996]]]}},{"type":"Feature","properties":{"incr":1.581},"geometry":{"type":"Polygon","coordinates":[[[2.072353,41.579576],[2.072353,41.590155],[2.082932,41.590155],[2.082932,41.579576],[2.072353,41.579576]]]}},{"type":"Feature","properties":{"incr":1.595},"geometry":{"type":"Polygon","coordinates":[[[2.082932,41.579576],[2.082932,41.590155],[2.093511,41.590155],[2.093511,41.579576],[2.082932,41.579576]]]}},{"type":"Feature","properties":{"incr":1.611},"geometry":{"type":"Polygon","coordinates":[[[2.093511,41.579576],[2.093511,41.590155],[2.104090,41.590155],[2.104090,41.579576],[2.093511,41.579576]]]}},{"type":"Feature","properties":{"incr":1.578},"geometry":{"type":"Polygon","coordinates":[[[2.104090,41.590155],[2.104090,41.600734],[2.114670,41.600734],[2.114670,41.590155],[2.104090,41.590155]]]}},{"type":"Feature","properties":{"incr":1.590},"geometry":{"type":"Polygon","coordinates":[[[2.114670,41.590155],[2.114670,41.600734],[2.125249,41.600734],[2.125249,41.590155],[2.114670,41.590155]]]}},{"type":"Feature","properties":{"incr":1.586},"geometry":{"type":"Polygon","coordinates":[[[2.125249,41.590155],[2.125249,41.600734],[2.135828,41.600734],[2.135828,41.590155],[2.125249,41.590155]]]}},{"type":"Feature","properties":{"incr":1.788},"geometry":{"type":"Polygon","coordinates":[[[2.326252,41.568996],[2.326252,41.579576],[2.336831,41.579576],[2.336831,41.568996],[2.326252,41.568996]]]}},{"type":"Feature","properties":{"incr":1.620},"geometry":{"type":"Polygon","coordinates":[[[2.104090,41.579576],[2.104090,41.590155],[2.114670,41.590155],[2.114670,41.579576],[2.104090,41.579576]]]}},{"type":"Feature","properties":{"incr":1.627},"geometry":{"type":"Polygon","coordinates":[[[2.114670,41.579576],[2.114670,41.590155],[2.125249,41.590155],[2.125249,41.579576],[2.114670,41.579576]]]}},{"type":"Feature","properties":{"incr":1.622},"geometry":{"type":"Polygon","coordinates":[[[2.125249,41.579576],[2.125249,41.590155],[2.135828,41.590155],[2.135828,41.579576],[2.125249,41.579576]]]}},{"type":"Feature","properties":{"incr":1.616},"geometry":{"type":"Polygon","coordinates":[[[2.199302,41.590155],[2.199302,41.600734],[2.209882,41.600734],[2.209882,41.590155],[2.199302,41.590155]]]}},{"type":"Feature","properties":{"incr":1.614},"geometry":{"type":"Polygon","coordinates":[[[2.209882,41.590155],[2.209882,41.600734],[2.220461,41.600734],[2.220461,41.590155],[2.209882,41.590155]]]}},{"type":"Feature","properties":{"incr":1.627},"geometry":{"type":"Polygon","coordinates":[[[2.220461,41.590155],[2.220461,41.600734],[2.231040,41.600734],[2.231040,41.590155],[2.220461,41.590155]]]}},{"type":"Feature","properties":{"incr":1.630},"geometry":{"type":"Polygon","coordinates":[[[2.135828,41.579576],[2.135828,41.590155],[2.146407,41.590155],[2.146407,41.579576],[2.135828,41.579576]]]}},{"type":"Feature","properties":{"incr":1.617},"geometry":{"type":"Polygon","coordinates":[[[2.146407,41.579576],[2.146407,41.590155],[2.156986,41.590155],[2.156986,41.579576],[2.146407,41.579576]]]}},{"type":"Feature","properties":{"incr":1.610},"geometry":{"type":"Polygon","coordinates":[[[2.156986,41.579576],[2.156986,41.590155],[2.167565,41.590155],[2.167565,41.579576],[2.156986,41.579576]]]}},{"type":"Feature","properties":{"incr":1.926},"geometry":{"type":"Polygon","coordinates":[[[1.818455,41.590155],[1.818455,41.600734],[1.829034,41.600734],[1.829034,41.590155],[1.818455,41.590155]]]}},{"type":"Feature","properties":{"incr":1.852},"geometry":{"type":"Polygon","coordinates":[[[1.829034,41.590155],[1.829034,41.600734],[1.839613,41.600734],[1.839613,41.590155],[1.829034,41.590155]]]}},{"type":"Feature","properties":{"incr":1.788},"geometry":{"type":"Polygon","coordinates":[[[1.839613,41.590155],[1.839613,41.600734],[1.850192,41.600734],[1.850192,41.590155],[1.839613,41.590155]]]}},{"type":"Feature","properties":{"incr":1.760},"geometry":{"type":"Polygon","coordinates":[[[2.008878,41.590155],[2.008878,41.600734],[2.019458,41.600734],[2.019458,41.590155],[2.008878,41.590155]]]}},{"type":"Feature","properties":{"incr":1.740},"geometry":{"type":"Polygon","coordinates":[[[2.019458,41.590155],[2.019458,41.600734],[2.030037,41.600734],[2.030037,41.590155],[2.019458,41.590155]]]}},{"type":"Feature","properties":{"incr":1.703},"geometry":{"type":"Polygon","coordinates":[[[2.030037,41.590155],[2.030037,41.600734],[2.040616,41.600734],[2.040616,41.590155],[2.030037,41.590155]]]}},{"type":"Feature","properties":{"incr":1.609},"geometry":{"type":"Polygon","coordinates":[[[2.167565,41.579576],[2.167565,41.590155],[2.178144,41.590155],[2.178144,41.579576],[2.167565,41.579576]]]}},{"type":"Feature","properties":{"incr":1.618},"geometry":{"type":"Polygon","coordinates":[[[2.178144,41.579576],[2.178144,41.590155],[2.188723,41.590155],[2.188723,41.579576],[2.178144,41.579576]]]}},{"type":"Feature","properties":{"incr":1.612},"geometry":{"type":"Polygon","coordinates":[[[2.188723,41.579576],[2.188723,41.590155],[2.199302,41.590155],[2.199302,41.579576],[2.188723,41.579576]]]}},{"type":"Feature","properties":{"incr":1.780},"geometry":{"type":"Polygon","coordinates":[[[1.850192,41.590155],[1.850192,41.600734],[1.860771,41.600734],[1.860771,41.590155],[1.850192,41.590155]]]}},{"type":"Feature","properties":{"incr":1.745},"geometry":{"type":"Polygon","coordinates":[[[1.860771,41.590155],[1.860771,41.600734],[1.871350,41.600734],[1.871350,41.590155],[1.860771,41.590155]]]}},{"type":"Feature","properties":{"incr":1.701},"geometry":{"type":"Polygon","coordinates":[[[1.871350,41.590155],[1.871350,41.600734],[1.881929,41.600734],[1.881929,41.590155],[1.871350,41.590155]]]}},{"type":"Feature","properties":{"incr":1.636},"geometry":{"type":"Polygon","coordinates":[[[1.913666,41.568996],[1.913666,41.579576],[1.924246,41.579576],[1.924246,41.568996],[1.913666,41.568996]]]}},{"type":"Feature","properties":{"incr":1.679},"geometry":{"type":"Polygon","coordinates":[[[1.924246,41.568996],[1.924246,41.579576],[1.934825,41.579576],[1.934825,41.568996],[1.924246,41.568996]]]}},{"type":"Feature","properties":{"incr":1.657},"geometry":{"type":"Polygon","coordinates":[[[1.934825,41.568996],[1.934825,41.579576],[1.945404,41.579576],[1.945404,41.568996],[1.934825,41.568996]]]}},{"type":"Feature","properties":{"incr":1.696},"geometry":{"type":"Polygon","coordinates":[[[2.040616,41.600734],[2.040616,41.611313],[2.051195,41.611313],[2.051195,41.600734],[2.040616,41.600734]]]}},{"type":"Feature","properties":{"incr":1.618},"geometry":{"type":"Polygon","coordinates":[[[2.051195,41.600734],[2.051195,41.611313],[2.061774,41.611313],[2.061774,41.600734],[2.051195,41.600734]]]}},{"type":"Feature","properties":{"incr":1.562},"geometry":{"type":"Polygon","coordinates":[[[2.061774,41.600734],[2.061774,41.611313],[2.072353,41.611313],[2.072353,41.600734],[2.061774,41.600734]]]}},{"type":"Feature","properties":{"incr":1.503},"geometry":{"type":"Polygon","coordinates":[[[2.072353,41.600734],[2.072353,41.611313],[2.082932,41.611313],[2.082932,41.600734],[2.072353,41.600734]]]}},{"type":"Feature","properties":{"incr":1.497},"geometry":{"type":"Polygon","coordinates":[[[2.082932,41.600734],[2.082932,41.611313],[2.093511,41.611313],[2.093511,41.600734],[2.082932,41.600734]]]}},{"type":"Feature","properties":{"incr":1.516},"geometry":{"type":"Polygon","coordinates":[[[2.093511,41.600734],[2.093511,41.611313],[2.104090,41.611313],[2.104090,41.600734],[2.093511,41.600734]]]}},{"type":"Feature","properties":{"incr":1.530},"geometry":{"type":"Polygon","coordinates":[[[2.104090,41.600734],[2.104090,41.611313],[2.114670,41.611313],[2.114670,41.600734],[2.104090,41.600734]]]}},{"type":"Feature","properties":{"incr":1.542},"geometry":{"type":"Polygon","coordinates":[[[2.114670,41.600734],[2.114670,41.611313],[2.125249,41.611313],[2.125249,41.600734],[2.114670,41.600734]]]}},{"type":"Feature","properties":{"incr":1.561},"geometry":{"type":"Polygon","coordinates":[[[2.125249,41.600734],[2.125249,41.611313],[2.135828,41.611313],[2.135828,41.600734],[2.125249,41.600734]]]}},{"type":"Feature","properties":{"incr":1.583},"geometry":{"type":"Polygon","coordinates":[[[2.135828,41.600734],[2.135828,41.611313],[2.146407,41.611313],[2.146407,41.600734],[2.135828,41.600734]]]}},{"type":"Feature","properties":{"incr":1.592},"geometry":{"type":"Polygon","coordinates":[[[2.146407,41.600734],[2.146407,41.611313],[2.156986,41.611313],[2.156986,41.600734],[2.146407,41.600734]]]}},{"type":"Feature","properties":{"incr":1.604},"geometry":{"type":"Polygon","coordinates":[[[2.156986,41.600734],[2.156986,41.611313],[2.167565,41.611313],[2.167565,41.600734],[2.156986,41.600734]]]}},{"type":"Feature","properties":{"incr":1.605},"geometry":{"type":"Polygon","coordinates":[[[2.167565,41.600734],[2.167565,41.611313],[2.178144,41.611313],[2.178144,41.600734],[2.167565,41.600734]]]}},{"type":"Feature","properties":{"incr":1.623},"geometry":{"type":"Polygon","coordinates":[[[2.178144,41.600734],[2.178144,41.611313],[2.188723,41.611313],[2.188723,41.600734],[2.178144,41.600734]]]}},{"type":"Feature","properties":{"incr":1.621},"geometry":{"type":"Polygon","coordinates":[[[2.188723,41.600734],[2.188723,41.611313],[2.199302,41.611313],[2.199302,41.600734],[2.188723,41.600734]]]}},{"type":"Feature","properties":{"incr":1.631},"geometry":{"type":"Polygon","coordinates":[[[2.199302,41.600734],[2.199302,41.611313],[2.209882,41.611313],[2.209882,41.600734],[2.199302,41.600734]]]}},{"type":"Feature","properties":{"incr":1.632},"geometry":{"type":"Polygon","coordinates":[[[2.209882,41.600734],[2.209882,41.611313],[2.220461,41.611313],[2.220461,41.600734],[2.209882,41.600734]]]}},{"type":"Feature","properties":{"incr":1.644},"geometry":{"type":"Polygon","coordinates":[[[2.220461,41.600734],[2.220461,41.611313],[2.231040,41.611313],[2.231040,41.600734],[2.220461,41.600734]]]}},{"type":"Feature","properties":{"incr":1.646},"geometry":{"type":"Polygon","coordinates":[[[2.231040,41.600734],[2.231040,41.611313],[2.241619,41.611313],[2.241619,41.600734],[2.231040,41.600734]]]}},{"type":"Feature","properties":{"incr":1.655},"geometry":{"type":"Polygon","coordinates":[[[2.241619,41.600734],[2.241619,41.611313],[2.252198,41.611313],[2.252198,41.600734],[2.241619,41.600734]]]}},{"type":"Feature","properties":{"incr":1.679},"geometry":{"type":"Polygon","coordinates":[[[2.252198,41.600734],[2.252198,41.611313],[2.262777,41.611313],[2.262777,41.600734],[2.252198,41.600734]]]}},{"type":"Feature","properties":{"incr":1.671},"geometry":{"type":"Polygon","coordinates":[[[2.262777,41.600734],[2.262777,41.611313],[2.273356,41.611313],[2.273356,41.600734],[2.262777,41.600734]]]}},{"type":"Feature","properties":{"incr":1.638},"geometry":{"type":"Polygon","coordinates":[[[2.273356,41.600734],[2.273356,41.611313],[2.283935,41.611313],[2.283935,41.600734],[2.273356,41.600734]]]}},{"type":"Feature","properties":{"incr":1.605},"geometry":{"type":"Polygon","coordinates":[[[2.283935,41.600734],[2.283935,41.611313],[2.294514,41.611313],[2.294514,41.600734],[2.283935,41.600734]]]}},{"type":"Feature","properties":{"incr":1.852},"geometry":{"type":"Polygon","coordinates":[[[1.818455,41.600734],[1.818455,41.611313],[1.829034,41.611313],[1.829034,41.600734],[1.818455,41.600734]]]}},{"type":"Feature","properties":{"incr":1.809},"geometry":{"type":"Polygon","coordinates":[[[1.829034,41.600734],[1.829034,41.611313],[1.839613,41.611313],[1.839613,41.600734],[1.829034,41.600734]]]}},{"type":"Feature","properties":{"incr":1.793},"geometry":{"type":"Polygon","coordinates":[[[1.839613,41.600734],[1.839613,41.611313],[1.850192,41.611313],[1.850192,41.600734],[1.839613,41.600734]]]}},{"type":"Feature","properties":{"incr":1.575},"geometry":{"type":"Polygon","coordinates":[[[2.294514,41.600734],[2.294514,41.611313],[2.305094,41.611313],[2.305094,41.600734],[2.294514,41.600734]]]}},{"type":"Feature","properties":{"incr":1.594},"geometry":{"type":"Polygon","coordinates":[[[2.305094,41.600734],[2.305094,41.611313],[2.315673,41.611313],[2.315673,41.600734],[2.305094,41.600734]]]}},{"type":"Feature","properties":{"incr":1.616},"geometry":{"type":"Polygon","coordinates":[[[2.315673,41.600734],[2.315673,41.611313],[2.326252,41.611313],[2.326252,41.600734],[2.315673,41.600734]]]}},{"type":"Feature","properties":{"incr":1.780},"geometry":{"type":"Polygon","coordinates":[[[1.850192,41.600734],[1.850192,41.611313],[1.860771,41.611313],[1.860771,41.600734],[1.850192,41.600734]]]}},{"type":"Feature","properties":{"incr":1.731},"geometry":{"type":"Polygon","coordinates":[[[1.860771,41.600734],[1.860771,41.611313],[1.871350,41.611313],[1.871350,41.600734],[1.860771,41.600734]]]}},{"type":"Feature","properties":{"incr":1.692},"geometry":{"type":"Polygon","coordinates":[[[1.871350,41.600734],[1.871350,41.611313],[1.881929,41.611313],[1.881929,41.600734],[1.871350,41.600734]]]}},{"type":"Feature","properties":{"incr":1.622},"geometry":{"type":"Polygon","coordinates":[[[2.326252,41.600734],[2.326252,41.611313],[2.336831,41.611313],[2.336831,41.600734],[2.326252,41.600734]]]}},{"type":"Feature","properties":{"incr":1.667},"geometry":{"type":"Polygon","coordinates":[[[1.881929,41.600734],[1.881929,41.611313],[1.892508,41.611313],[1.892508,41.600734],[1.881929,41.600734]]]}},{"type":"Feature","properties":{"incr":1.649},"geometry":{"type":"Polygon","coordinates":[[[1.892508,41.600734],[1.892508,41.611313],[1.903087,41.611313],[1.903087,41.600734],[1.892508,41.600734]]]}},{"type":"Feature","properties":{"incr":1.649},"geometry":{"type":"Polygon","coordinates":[[[1.903087,41.600734],[1.903087,41.611313],[1.913666,41.611313],[1.913666,41.600734],[1.903087,41.600734]]]}},{"type":"Feature","properties":{"incr":1.662},"geometry":{"type":"Polygon","coordinates":[[[1.913666,41.600734],[1.913666,41.611313],[1.924246,41.611313],[1.924246,41.600734],[1.913666,41.600734]]]}},{"type":"Feature","properties":{"incr":1.674},"geometry":{"type":"Polygon","coordinates":[[[1.924246,41.600734],[1.924246,41.611313],[1.934825,41.611313],[1.934825,41.600734],[1.924246,41.600734]]]}},{"type":"Feature","properties":{"incr":1.713},"geometry":{"type":"Polygon","coordinates":[[[1.934825,41.600734],[1.934825,41.611313],[1.945404,41.611313],[1.945404,41.600734],[1.934825,41.600734]]]}},{"type":"Feature","properties":{"incr":1.731},"geometry":{"type":"Polygon","coordinates":[[[1.945404,41.600734],[1.945404,41.611313],[1.955983,41.611313],[1.955983,41.600734],[1.945404,41.600734]]]}},{"type":"Feature","properties":{"incr":1.748},"geometry":{"type":"Polygon","coordinates":[[[1.955983,41.600734],[1.955983,41.611313],[1.966562,41.611313],[1.966562,41.600734],[1.955983,41.600734]]]}},{"type":"Feature","properties":{"incr":1.744},"geometry":{"type":"Polygon","coordinates":[[[1.966562,41.600734],[1.966562,41.611313],[1.977141,41.611313],[1.977141,41.600734],[1.966562,41.600734]]]}},{"type":"Feature","properties":{"incr":1.793},"geometry":{"type":"Polygon","coordinates":[[[1.977141,41.600734],[1.977141,41.611313],[1.987720,41.611313],[1.987720,41.600734],[1.977141,41.600734]]]}},{"type":"Feature","properties":{"incr":1.808},"geometry":{"type":"Polygon","coordinates":[[[1.987720,41.600734],[1.987720,41.611313],[1.998299,41.611313],[1.998299,41.600734],[1.987720,41.600734]]]}},{"type":"Feature","properties":{"incr":1.785},"geometry":{"type":"Polygon","coordinates":[[[1.998299,41.600734],[1.998299,41.611313],[2.008878,41.611313],[2.008878,41.600734],[1.998299,41.600734]]]}},{"type":"Feature","properties":{"incr":1.787},"geometry":{"type":"Polygon","coordinates":[[[2.008878,41.600734],[2.008878,41.611313],[2.019458,41.611313],[2.019458,41.600734],[2.008878,41.600734]]]}},{"type":"Feature","properties":{"incr":1.761},"geometry":{"type":"Polygon","coordinates":[[[2.019458,41.600734],[2.019458,41.611313],[2.030037,41.611313],[2.030037,41.600734],[2.019458,41.600734]]]}},{"type":"Feature","properties":{"incr":1.731},"geometry":{"type":"Polygon","coordinates":[[[2.030037,41.600734],[2.030037,41.611313],[2.040616,41.611313],[2.040616,41.600734],[2.030037,41.600734]]]}}]}